,M_ac_e,M_ca2_e,M_cit_e,M_co2_e,M_fe2_e,M_fe3_e,M_for_e,M_gly_e,M_h2_e,M_h2o_e,M_h_e,M_ile__45__L_e,M_k_e,M_leu__45__L_e,M_lys__45__L_e,M_mg2_e,M_nh4_e,M_pi_e,M_pro__45__L_e,M_so4_e,M_val__45__L_e,objective,virtual_tag_R_constraint_reaction,M_mal__45__L_e
0,0.0,-0.0003150192335676456,0.0,5.365886630376614,93.19096408628782,-93.19096408628782,16.725347719011058,0.0,-43.90562596057166,0.0,92.91760045437712,0.0,-0.07434456457730929,0.0,0.0,-0.01071065762562966,-3.2170457323490456,-0.5955041903744037,0.0,-0.055982922034978934,0.9431407106283334,0.33493906455385314,1.0,-10.0
1,0.0,-0.00031501923356764747,0.0,7.035054859933072,83.17595470895002,-83.17595470895002,15.056179489454754,0.0,-37.22895304234632,0.0,81.23342284748291,0.0,-0.07434456457730497,0.0,0.0,-0.010710657625629727,-3.2170457323490873,-0.595504190374406,0.0,-0.05598292203497925,0.9431407106283164,0.3349390645538339,1.0,-10.0
2,0.0,-0.00031501923356764156,0.0,22.091234349387417,83.17595470894842,-83.17595470894842,0.0,0.0,-22.172773552891126,0.0,66.17724335802686,0.0,-0.0743445645773307,0.0,0.0,-0.010710657625629522,-3.217045732349009,-0.5955041903743874,0.0,-0.055982922034954447,0.9431407106283115,0.33493906455384626,1.0,-10.0
3,0.0,-0.0003150192335676488,0.0,0.0,111.59639865296529,-111.59639865296529,26.80693790252969,0.0,-51.87224489988863,-7.54512568502679,120.46148449394471,0.0,-0.07434456457732525,0.0,0.0,-0.01071065762562977,-2.273905021720729,-0.5955041903744093,0.0,-0.055982922034977387,0.0,0.33493906455384026,1.0,-10.0
4,0.0,-0.00031501923356764546,0.0,3.479605209119962,83.75955698000442,-83.75955698000442,23.32733269340943,0.0,-34.47421885428825,-7.545125685026692,89.14503761186376,0.0,-0.0743445645773318,0.0,0.0,-0.010710657625629656,-2.2739050217207204,-0.595504190374403,0.0,-0.05598292203497888,0.0,0.3349390645538471,1.0,-10.0
5,0.0,-0.000315019233567647,0.0,3.479605209119975,98.84980835005831,-98.84980835005831,13.267165113373876,0.0,-47.04942832933301,0.0,99.20520519189982,0.0,-0.07434456457730412,0.0,0.0,-0.010710657625629706,-2.273905021720723,-0.5955041903744223,0.0,-0.05598292203494633,0.0,0.33493906455385053,1.0,-7.4849581049911045
6,0.0,-0.0003150192335676395,0.0,0.0,126.68665002301518,-126.68665002301518,16.746770322493465,0.0,-64.44745437493138,0.0,130.5216520739766,0.0,-0.07434456457730484,0.0,0.0,-0.010710657625629456,-2.2739050217206382,-0.5955041903743947,0.0,-0.05598292203495006,0.0,0.3349390645538253,1.0,-7.484958104991158
7,0.0,-0.0003150192335676434,0.0,0.0,136.11805712930007,-136.11805712930007,22.091234349387538,0.0,-70.7350591124544,0.0,141.21058012776598,0.0,-0.07434456457729648,0.0,0.0,-0.010710657625629586,-3.217045732349032,-0.5955041903743997,0.0,-0.05598292203497783,0.9431407106282856,0.3349390645538103,1.0,-10.0
8,0.0,-0.0003150192335676455,0.0,5.148773438676334,73.74454760266606,-73.74454760266606,21.65816446385305,0.0,-27.797545936062665,-7.545125685026697,77.460860004969,0.0,-0.07434456457732797,0.0,0.0,-0.010710657625629656,-2.2739050217207164,-0.5955041903744135,0.0,-0.05598292203496523,0.0,0.334939064553838,1.0,-10.0
9,0.0,-0.00031501923356763836,0.0,5.148773438676223,88.83479897271745,-88.83479897271745,11.597996883817155,0.0,-40.37275541110629,0.0,87.52102758500264,0.0,-0.07434456457731459,0.0,0.0,-0.010710657625629411,-2.2739050217206693,-0.5955041903743806,0.0,-0.055982922034957625,0.0,0.3349390645538493,1.0,-7.484958104991163
10,0.0,-0.0003150192335676407,0.0,16.746770322493504,88.83479897271815,-88.83479897271815,0.0,0.0,-28.774758527289343,0.0,75.92303070118605,0.0,-0.07434456457732817,0.0,0.0,-0.010710657625629493,-2.2739050217206676,-0.5955041903743864,0.0,-0.05598292203496681,0.0,0.33493906455384864,1.0,-7.484958104991158
12,0.0,-0.0003150192335676384,0.0,26.806937902528805,73.7445476026644,-73.7445476026644,0.0,0.0,-6.13938147220948,-7.545125685026532,55.80269554111469,0.0,-0.07434456457730883,0.0,0.0,-0.010710657625629416,-2.273905021720675,-0.595504190374391,0.0,-0.05598292203496834,0.0,0.33493906455384825,1.0,-10.0
13,0.0,-0.00031501923356764573,0.0,5.365886630376642,101.99361071881908,-101.99361071881908,16.72534771901107,0.0,-47.36380856620894,0.0,101.72024708690837,0.0,-0.07434456457732355,0.0,0.0,-0.010710657625629665,-3.2170457323490456,-0.5955041903744179,0.9431407106283062,-0.05598292203496844,0.0,0.334939064553831,1.0,-10.0
14,0.0,-0.00031501923356764004,0.0,12.465727127102005,144.89910445865695,-144.89910445865695,0.0,0.0,-76.92316591493255,16.213220957609323,129.41928985121612,2.0310235048820395,-0.07434456457728099,0.0,0.0,-0.010710657625629474,-4.735942475829625,-0.595504190374372,0.4310139492268615,-0.05598292203493575,0.0,0.33493906455383565,1.0,-10.0
15,0.0,-0.00031501923356765126,0.0,8.403680117338094,131.35894775944766,-131.35894775944766,6.09307051464648,0.0,-68.12206406044595,12.151173947845562,121.97220366665279,0.0,-0.07434456457731765,0.0,0.0,-0.010710657625629854,-4.735942475829805,-0.595504190374394,2.46203745410904,-0.05598292203493354,0.0,0.3349390645538316,1.0,-10.0
16,0.0,-0.00031501923356765094,0.0,11.45021537466132,170.96390610464968,-170.96390610464968,0.0,1.5232676286615954,-86.40127560438535,15.197709205168765,157.00735912586995,0.0,-0.0743445645773243,0.0,0.0,-0.010710657625629841,-6.25921010449141,-0.5955041903744072,2.4620374541090455,-0.055982922034982216,0.0,0.3349390645538582,1.0,-10.0
17,0.0,-0.000315019233567648,0.0,7.035054859933086,91.97860134148138,-91.97860134148138,15.056179489454783,0.0,-40.68713564798365,0.0,90.03606948001425,0.0,-0.07434456457730983,0.0,0.0,-0.010710657625629743,-3.2170457323490815,-0.5955041903744126,0.9431407106283451,-0.05598292203496757,0.0,0.3349390645538263,1.0,-10.0
18,0.0,-0.00031501923356764373,0.0,22.091234349387573,91.97860134148011,-91.97860134148011,0.0,0.0,-25.630956158528512,0.0,74.97988999055845,0.0,-0.07434456457731851,0.0,0.0,-0.010710657625629597,-3.2170457323490225,-0.595504190374393,0.9431407106283267,-0.05598292203497556,0.0,0.33493906455385186,1.0,-10.0
19,0.0,-0.0003150192335676479,0.0,10.07284834689441,121.34393838210784,-121.34393838210784,4.423902285090015,0.0,-61.445391142219606,12.151173947845432,110.28802605975662,0.0,-0.07434456457732305,0.0,0.0,-0.010710657625629737,-4.73594247582976,-0.5955041903743881,2.4620374541089984,-0.05598292203493833,0.0,0.3349390645538408,1.0,-10.0
20,0.0,-0.0003150192335676508,0.0,14.496750631984595,121.34393838210892,-121.34393838210892,0.0,0.0,-57.021488857130116,12.151173947845527,105.8641237746676,0.0,-0.07434456457729749,0.0,0.0,-0.010710657625629838,-4.735942475829787,-0.595504190374391,2.4620374541090437,-0.055982922034945294,0.0,0.3349390645538469,1.0,-10.0
21,0.0,-0.00031501923356764096,0.0,12.284799489439186,150.09930323518967,-150.09930323518967,0.0,1.1059755712724637,-74.71709799748804,14.363125090390119,135.72546419902127,0.0,-0.0743445645772928,0.0,0.0,-0.010710657625629503,-5.841918047102128,-0.5955041903744055,2.4620374541089376,-0.055982922034967984,0.0,0.33493906455384015,1.0,-10.0
22,0.0,-0.00031501923356763955,0.0,13.022116536954083,131.17483234897108,-131.17483234897108,0.0,0.0,-67.83547222068117,15.100442137905036,115.69501774153024,1.4746340950299481,-0.07434456457731405,0.0,0.0,-0.010710657625629455,-4.73594247582962,-0.5955041903743714,0.987403359078987,-0.05598292203497131,0.0,0.3349390645538238,1.0,-10.0
23,0.0,-0.0003150192335676399,0.0,12.28479948943915,149.3619861876742,-149.3619861876742,0.0,0.0,-77.66636618754772,16.575076232935007,133.88217158023335,0.0,-0.07434456457728024,0.0,2.211951142544942,-0.010710657625629467,-6.947893618374564,-0.5955041903743614,0.2500863115639859,-0.0559829220349428,0.0,0.3349390645538173,1.0,-10.0
24,0.0,-0.0003150192335676427,0.0,0.0,144.92070376183088,-144.92070376183088,22.091234349387502,0.0,-74.19324171809146,0.0,150.01322676029676,0.0,-0.07434456457732928,0.0,0.0,-0.010710657625629562,-3.217045732349032,-0.5955041903743746,0.9431407106282986,-0.05598292203493572,0.0,0.334939064553803,1.0,-10.0
25,0.0,-0.00031501923356764595,0.0,0.0,198.58838869814937,-198.58838869814937,14.496750631984318,0.0,-110.14046464713479,12.151173947845324,197.60532472269267,0.0,-0.07434456457731829,0.0,0.0,-0.010710657625629671,-4.735942475829704,-0.5955041903743483,2.4620374541089878,-0.05598292203498133,0.0,0.33493906455383327,1.0,-10.0
26,0.0,-0.0003150192335676477,0.0,0.0,503.0201519698242,-503.0201519698242,0.0,7.248375315992231,-269.60472159896443,26.64792457982973,494.7887126783753,0.0,-0.07434456457733378,0.0,0.0,-0.010710657625629734,-11.984317791821832,-0.5955041903742637,2.4620374541088452,-0.05598292203498165,0.0,0.3349390645538212,1.0,-10.0
27,0.0,-0.00031501923356765647,0.0,0.0,230.30863036764768,-230.30863036764768,13.592181002626742,0.0,-127.08606903711403,13.598485354818772,228.6019106887044,0.0,-0.07434456457733583,0.0,0.0,-0.01071065762563003,-4.916856401701468,-0.5955041903744023,2.642951379980637,-0.0559829220349832,0.0,0.3349390645538585,1.0,-10.0
28,0.0,-0.00031501923356766514,0.0,0.0,515.7444314228235,-515.7444314228235,0.0,6.796090501313424,-276.6000600660157,27.190666357446265,507.2416212425667,0.0,-0.07434456457733789,0.0,0.0,-0.010710657625630325,-11.712946903015085,-0.5955041903743561,2.642951379980628,-0.055982922034984756,0.0,0.3349390645538178,1.0,-10.0
29,0.0,-0.0003150192335676919,0.0,0.0,783.0573244745567,-783.0573244745567,0.0,0.0,-419.77103329372375,35.34597495902536,770.4768599935105,0.0,-0.07434456457734419,0.0,0.0,-0.010710657625631234,-7.635292602227732,-0.5955041903743165,5.3613875805065945,-0.0559829220349895,0.0,0.33493906455363365,1.0,-10.0
30,0.0,-0.00031501923356764405,0.0,11.881987605610494,137.86741027838085,-137.86741027838085,1.7101933970156744,0.0,-68.98347138686961,13.598485354818237,124.27870299382708,0.0,-0.07434456457732345,0.0,0.0,-0.010710657625629607,-4.9168564017012875,-0.5955041903744133,2.6429513799805955,-0.05598292203493044,0.0,0.33493906455384936,1.0,-10.0
31,0.0,-0.00031501923356764194,0.0,12.737084304118271,148.98366735898188,-148.98366735898188,0.0,0.4275483492539064,-74.1140515779162,14.453582053325952,134.11231502666647,0.0,-0.07434456457731889,0.0,0.0,-0.010710657625629536,-5.344404750955175,-0.5955041903743892,2.6429513799805635,-0.05598292203498062,0.0,0.33493906455383654,1.0,-10.0
32,0.0,-0.0003150192335676383,0.0,13.022116536954067,141.66784004952424,-141.66784004952424,0.0,0.0,-71.45375073811319,14.738614286161722,126.3689393679551,0.5700644656718826,-0.07434456457730758,0.0,0.0,-0.010710657625629413,-4.916856401701226,-0.5955041903744008,2.072886914308663,-0.055982922034956216,0.0,0.33493906455382944,1.0,-10.0
33,0.0,-0.0003150192335676423,0.0,12.737084304118273,148.6986351261461,-148.6986351261461,0.0,0.0,-75.25418050926008,15.308678751833833,133.39973444457678,0.0,-0.07434456457732329,0.0,0.855096698507792,-0.010710657625629548,-5.771953100209127,-0.5955041903743851,1.7878546814727305,-0.05598292203496142,0.0,0.3349390645538116,1.0,-10.0
34,0.0,-0.00031501923356764,0.0,13.592181002626024,137.86741027837905,-137.86741027837905,0.0,0.0,-67.27327798985303,13.598485354818045,122.56850959680982,0.0,-0.0743445645773014,0.0,0.0,-0.010710657625629472,-4.916856401701229,-0.5955041903743742,2.6429513799805653,-0.05598292203493921,0.0,0.33493906455381495,1.0,-10.0
35,0.0,-0.00031501923356763836,0.0,8.461600811578963,125.32599203359682,-125.32599203359682,0.0,0.0,-62.712762264477604,10.17809856078666,115.15767154307467,0.0,-0.07434456457732255,0.0,0.0,-0.010710657625629415,-3.2066630046855416,-0.595504190374384,0.9327579829649035,-0.055982922034939424,0.0,0.3349390645538427,1.0,-6.579613205968713
36,0.0,-0.0003150192335676495,0.0,13.08918294468062,148.6651019222864,-148.6651019222864,0.0,0.0,-73.77871953928742,14.403282247531724,133.4668008523059,0.0,-0.07434456457731224,0.0,0.0,-0.010710657625629791,-5.017456013290555,-0.5955041903743753,2.743550991569771,-0.05598292203494789,0.0,0.3349390645538313,1.0,-10.0
37,0.0,-0.0003150192335676481,0.0,12.704671068853136,164.76333245692626,-164.76333245692626,0.0,0.0,-82.67376093342764,15.01850124885551,149.64193376211125,0.0,-0.07434456457732065,0.0,0.0,-0.010710657625629746,-5.094358388455988,-0.5955041903744099,2.8204533667352774,-0.055982922034981716,0.0,0.3349390645538539,1.0,-10.0
38,0.0,-0.0003150192335676503,0.0,10.574647227797568,145.7114525452626,-145.7114525452626,3.0175337748288698,0.0,-74.21283289812368,13.598485354818473,133.4300856385218,0.0,-0.07434456457732701,0.0,0.0,-0.01071065762562982,-4.916856401701404,-0.5955041903744047,2.6429513799806554,-0.05598292203497751,0.0,0.3349390645538163,1.0,-10.0
39,0.0,-0.0003150192335676452,0.0,12.083414115211786,165.3254220816478,-165.3254220816478,0.0,0.754383443707159,-83.265434222609,15.107252242232683,150.7809048437855,0.0,-0.0743445645773263,0.0,0.0,-0.010710657625629647,-5.671239845408522,-0.5955041903743955,2.6429513799806075,-0.05598292203498121,0.0,0.3349390645538107,1.0,-10.0
40,0.0,-0.00031501923356764866,0.0,12.586336411016733,152.4170831559927,-152.4170831559927,0.0,0.0,-78.57149279509834,15.6101745380377,137.1181824744231,1.0058445916096106,-0.07434456457727981,0.0,0.0,-0.010710657625629762,-4.916856401701382,-0.5955041903744012,1.6371067883710229,-0.05598292203492861,0.0,0.3349390645538191,1.0,-10.0
41,0.0,-0.00031501923356765235,0.0,12.083414115212058,164.8224997858467,-164.8224997858467,0.0,0.0,-85.27712340583022,16.616019129647473,149.52359910427688,0.0,-0.07434456457732327,0.0,1.5087668874144524,-0.010710657625629888,-6.425623289115879,-0.5955041903744146,1.134184492566198,-0.05598292203498247,0.0,0.33493906455385875,1.0,-10.0
42,0.0,-0.00031501923356764866,0.0,5.743142914628017,107.90395917209098,-107.90395917209098,16.536719576885535,0.0,-50.31898279284487,0.0,107.25333925592894,0.0,-0.07434456457732701,0.0,0.7545125685026778,-0.010710657625629763,-3.7829301587261064,-0.5955041903744105,0.0,-0.055982922034965084,0.0,0.33493906455385164,1.0,-10.0
43,0.0,-0.00031501923356764205,0.0,10.865717571446856,162.5447555114909,-162.5447555114909,1.1689956064283065,0.0,-86.17700539057651,17.075248856063173,148.23393651047832,0.0,-0.0743445645772803,0.0,2.462037454108938,-0.01071065762562954,-7.19797992993863,-0.5955041903743813,0.0,-0.055982922034980634,0.0,0.33493906455383954,1.0,-10.0
44,0.0,-0.00031501923356764064,0.0,11.450215374660964,170.14322695327445,-170.14322695327445,0.0,0.2922489016070747,-89.6839922098611,17.659746659277225,154.95566124744067,0.0,-0.07434456457728768,0.0,2.4620374541089642,-0.010710657625629493,-7.490228831545689,-0.5955041903743526,0.0,-0.05598292203498039,0.0,0.33493906455380557,1.0,-10.0
45,0.0,-0.0003150192335676431,0.0,12.034713177875236,155.53078187292138,-155.53078187292138,0.0,0.0,-82.67001857129175,17.075248856063226,140.05096726548038,1.1689956064283442,-0.07434456457731971,0.0,1.2930418476806014,-0.010710657625629576,-6.028984323510287,-0.595504190374413,0.0,-0.05598292203498084,0.0,0.33493906455379757,1.0,-10.0
46,0.0,-0.0003150192335676511,0.0,11.665556670582376,168.20515528999087,-168.20515528999087,0.0,0.0,-88.69957485708231,17.69050970155229,152.7868667670984,0.0,-0.07434456457733347,0.0,2.52356353865786,-0.010710657625629845,-7.321032099036566,-0.5955041903744289,0.0,-0.055982922034982244,0.0,0.33493906455384476,1.0,-10.0
47,0.0,-0.0003150192335676431,0.0,12.034713177875236,155.53078187292138,-155.53078187292138,0.0,0.0,-81.5010229648634,17.075248856063226,140.05096726548038,0.0,-0.07434456457731971,0.0,2.4620374541089456,-0.010710657625629576,-7.19797992993869,-0.595504190374413,0.0,-0.05598292203498084,0.0,0.33493906455379757,1.0,-10.0
48,0.0,-0.0003150192335676477,0.0,7.412311144184406,97.88894979475226,-97.88894979475226,14.867551347329089,0.0,-43.642309874619095,0.0,95.56916164903382,0.0,-0.07434456457733128,0.0,0.7545125685026506,-0.01071065762562973,-3.7829301587260855,-0.595504190374414,0.0,-0.05598292203496652,0.0,0.334939064553842,1.0,-10.0
49,0.0,-0.00031501923356764666,0.0,22.27986249151346,97.88894979475192,-97.88894979475192,0.0,0.0,-28.774758527289887,0.0,80.70161030170443,0.0,-0.07434456457733142,0.0,0.7545125685026594,-0.010710657625629698,-3.7829301587260646,-0.5955041903744114,0.0,-0.05598292203496894,0.0,0.33493906455383227,1.0,-10.0
50,0.0,-0.0003150192335676547,0.0,12.3681615932944,150.75135458525907,-150.75135458525907,0.0,0.0,-78.33326301838875,16.519501497032678,135.21596524191443,0.0,-0.07434456457731184,0.0,2.406462718205947,-0.010710657625629966,-7.086830458132687,-0.5955041903744244,0.0,-0.05598292203496394,0.0,0.3349390645538341,1.0,-10.0
51,0.0,-0.00031501923356764617,0.0,0.0,153.84910248911407,-153.84910248911407,22.279862491513377,0.0,-79.03469736598444,0.0,158.94162548758004,0.0,-0.07434456457732301,0.0,0.7545125685026614,-0.01071065762562968,-3.782930158726032,-0.5955041903744167,0.0,-0.05598292203498136,0.0,0.3349390645538162,1.0,-10.0
52,0.0,-0.0003150192335676598,0.0,0.0,249.47049608307995,-249.47049608307995,12.034713177875838,0.0,-140.5055932478188,17.07524885606411,246.02539465351407,0.0,-0.07434456457733661,0.0,2.4620374541090477,-0.010710657625630142,-7.197979929939047,-0.5955041903744454,0.0,-0.0559829220349838,0.0,0.33493906455382805,1.0,-10.0
53,0.0,-0.00031501923356764134,0.0,0.0,502.19947281844446,-502.19947281844446,0.0,6.01735658893747,-272.88743820443756,29.109962033938206,492.73701479994116,0.0,-0.07434456457733225,0.0,2.462037454108943,-0.010710657625629514,-13.215336518876192,-0.595504190374368,0.0,-0.05598292203498051,0.0,0.33493906455379613,1.0,-10.0
54,0.0,-0.00031501923356765425,0.0,0.0,284.92962555391387,-284.92962555391387,10.94922962264592,0.0,-159.6824693902084,18.88438811478002,280.5799544949899,0.0,-0.07434456457733529,0.0,2.6429513799806545,-0.01071065762562995,-7.55980778168212,-0.5955041903743997,0.0,-0.0559829220349828,0.0,0.3349390645538621,1.0,-10.0
55,0.0,-0.00031501923356767365,0.0,0.0,514.8634476295103,-514.8634476295103,0.0,5.474614811323257,-280.1239952393311,29.833617737427705,505.0391617592629,0.0,-0.07434456457733989,0.0,2.642951379980692,-0.010710657625630613,-13.034422593005916,-0.5955041903743057,0.0,-0.055982922034986254,0.0,0.33493906455375255,1.0,-10.0
56,0.0,-0.00031501923356765034,0.0,10.949229622645772,197.3357885727439,-197.3357885727439,0.0,0.0,-104.93632127697742,18.8843881147798,182.03688789117416,0.0,-0.07434456457727993,0.0,2.6429513799806443,-0.010710657625629819,-7.559807781682086,-0.5955041903743574,0.0,-0.055982922034982105,0.0,0.334939064553845,1.0,-10.0
57,0.0,-0.00031501923356770553,0.0,0.0,693.7008647994755,-693.7008647994755,0.0,0.0,-378.667061843189,37.133104152529235,680.2268357216777,0.0,-0.07434456457734741,0.0,4.467822983755609,-0.0107106576256317,-11.209550989232662,-0.5955041903744812,0.0,-0.05598292203499193,0.0,0.3349390645537931,1.0,-10.0
58,0.0,-0.0003150192335676417,0.0,5.743142914627911,94.32273293904068,-94.32273293904068,16.53671957688518,0.0,-44.28288224482244,0.0,93.67211302287866,0.0,-0.0743445645773293,0.7545125685026391,0.0,-0.01071065762562953,-3.028417590223352,-0.595504190374396,0.0,-0.05598292203497776,0.0,0.3349390645538356,1.0,-10.0
59,0.0,-0.000315019233567645,0.0,12.681234101715644,142.38485642150238,-142.38485642150238,0.0,0.0,-75.77379538366209,15.99771398299614,126.79728832675461,2.1387769921888373,-0.07434456457731678,0.21550697461340804,0.0,-0.010710657625629639,-4.628188988522988,-0.5955041903743672,0.0,-0.05598292203496171,0.0,0.33493906455385325,1.0,-10.0
60,0.0,-0.00031501923356764503,0.0,8.403680117337942,106.738573218355,-106.738573218355,8.555107968755348,0.0,-55.811876789899586,8.868457342366625,98.99318742829963,0.0,-0.07434456457729592,1.6413583027393017,0.0,-0.01071065762562964,-3.9152633244600556,-0.5955041903743866,0.0,-0.05598292203495387,0.0,0.3349390645538553,1.0,-10.0
61,0.0,-0.00031501923356764416,0.0,12.681234101715582,162.34677501526448,-162.34677501526448,0.0,2.1387769921888213,-81.47720069616544,13.14601132674426,148.18505824864263,0.0,-0.07434456457728308,1.6413583027392746,0.0,-0.01071065762562961,-6.054040316648861,-0.5955041903743835,0.0,-0.05598292203498102,0.0,0.33493906455382616,1.0,-10.0
62,0.0,-0.00031501923356764774,0.0,7.412311144184409,84.30772356170407,-84.30772356170407,14.867551347329101,0.0,-37.606209326597686,0.0,81.98793541598565,0.0,-0.0743445645773316,0.7545125685026683,0.0,-0.010710657625629732,-3.0284175902234,-0.5955041903743953,0.0,-0.05598292203497256,0.0,0.33493906455384925,1.0,-10.0
63,0.0,-0.000315019233567639,0.0,22.2798624915129,84.30772356170175,-84.30772356170175,0.0,0.0,-22.738657979267952,0.0,67.12038406865466,0.0,-0.07434456457731445,0.7545125685026522,0.0,-0.010710657625629437,-3.02841759022331,-0.5955041903743866,0.0,-0.055982922034967804,0.0,0.33493906455384165,1.0,-10.0
64,0.0,-0.0003150192335676407,0.0,10.072848346894203,96.72356384101533,-96.72356384101533,6.8859397391988635,0.0,-49.135203871673355,8.868457342366536,87.30900982140373,0.0,-0.07434456457732375,1.6413583027393077,0.0,-0.010710657625629493,-3.9152633244599953,-0.5955041903743856,0.0,-0.055982922034949936,0.0,0.3349390645538465,1.0,-10.0
65,0.0,-0.00031501923356764573,0.0,16.958788086093357,96.72356384101687,-96.72356384101687,0.0,0.0,-42.24926413247512,8.868457342366673,80.4230700822061,0.0,-0.07434456457731466,1.6413583027393335,0.0,-0.010710657625629663,-3.915263324460062,-0.5955041903744138,0.0,-0.0559829220349689,0.0,0.3349390645538292,1.0,-10.0
66,0.0,-0.00031501923356765284,0.0,13.51581821649414,141.48217214581354,-141.48217214581354,0.0,1.7214849347997518,-69.79302308927272,12.31142721196642,126.90316332180224,0.0,-0.07434456457732438,1.6413583027393293,0.0,-0.010710657625629906,-5.636748259259926,-0.5955041903744241,0.0,-0.05598292203494426,0.0,0.3349390645538624,1.0,-10.0
67,0.0,-0.00031501923356764704,0.0,13.5158182164939,125.41497942101324,-125.41497942101324,0.0,0.0,-65.20239659647207,14.606740458365888,109.68831397380234,1.7214849347997196,-0.07434456457732284,0.4937016795394785,0.0,-0.010710657625629708,-4.4890916360599675,-0.5955041903743779,0.0,-0.05598292203494658,0.0,0.3349390645538475,1.0,-10.0
68,0.0,-0.0003150192335676415,0.0,12.368161593293861,148.7506640927407,-148.7506640927407,0.0,0.0,-77.44406724393565,16.519501497031985,133.21527474939666,0.0,-0.07434456457731467,0.11114947180618694,2.2953132463996218,-0.01071065762562952,-6.975680986326183,-0.5955041903743941,0.0,-0.05598292203497191,0.0,0.3349390645537986,1.0,-10.0
69,0.0,-0.00031501923356765414,0.0,0.0,140.26787625606954,-140.26787625606954,22.279862491513985,0.0,-72.99859681796491,0.0,145.36039925453562,0.0,-0.07434456457733374,0.7545125685026786,0.0,-0.01071065762562995,-3.028417590223441,-0.5955041903743866,0.0,-0.05598292203495064,0.0,0.33493906455386213,1.0,-10.0
70,0.0,-0.0003150192335676438,0.0,0.0,173.96801415705815,-173.96801415705815,16.95878808609327,0.0,-97.83027737658907,8.868457342366572,174.6263084843407,0.0,-0.07434456457729578,1.6413583027392926,0.0,-0.0107106576256296,-3.9152633244600326,-0.5955041903743562,0.0,-0.05598292203498095,0.0,0.3349390645538454,1.0,-10.0
71,0.0,-0.00031501923356765105,0.0,0.0,530.1025639650293,-530.1025639650293,0.0,8.479394043046774,-284.37694632362167,25.827245428460476,522.281464249265,0.0,-0.07434456457733456,1.6413583027392127,0.0,-0.010710657625629845,-12.394657367506955,-0.5955041903743121,0.0,-0.05598292203498224,0.0,0.3349390645537628,1.0,-10.0
72,0.0,-0.0003150192335676557,0.0,0.0,203.87911656784,-203.87911656784,16.23513238260741,0.0,-113.87131213721015,10.074550181511066,203.93436447555052,0.0,-0.07434456457733565,1.761967586653789,0.0,-0.010710657625630005,-4.0358726083745795,-0.5955041903744164,0.0,-0.05598292203498306,0.0,0.33493906455385647,1.0,-10.0
73,0.0,-0.00031501923356769154,0.0,0.0,544.816896602658,-544.816896602658,0.0,8.117566191304626,-292.45776834592505,26.30968256412144,536.7545783190637,0.0,-0.07434456457734412,1.76196758665395,0.0,-0.010710657625631222,-12.153438799679673,-0.5955041903744134,0.0,-0.05598292203498944,0.0,0.3349390645538616,1.0,-10.0
74,0.0,-0.0003150192335676572,0.0,0.0,988.5771817272034,-988.5771817272034,0.0,0.0,-530.573043290803,37.133104152523636,975.1031526494077,0.0,-0.074344564577336,4.467822983754904,0.0,-0.010710657625630055,-6.741728005475746,-0.595504190374419,0.0,-0.055982922034983326,0.0,0.33493906455386946,1.0,-10.0
75,0.0,-0.00031501923356764747,0.0,7.528842828614281,117.24208951457099,-117.24208951457099,0.0,0.0,-58.67081100496469,8.623501922512052,108.3174463346685,0.0,-0.07434456457729263,0.31091932765495583,0.0,-0.010710657625629724,-2.584824349375713,-0.5955041903744053,0.0,-0.05598292203496242,0.0,0.3349390645538356,1.0,-5.646855223003681
76,0.0,-0.0003150192335676442,0.0,11.881987605610508,111.43789647857474,-111.43789647857474,4.353144776996274,0.0,-55.76871448696655,10.07455018151076,99.61115678067472,0.0,-0.074344564577311,1.7619675866537305,0.0,-0.010710657625629614,-4.035872608374462,-0.5955041903744046,0.0,-0.05598292203495202,0.0,0.3349390645538232,1.0,-10.0
77,0.0,-0.00031501923356765305,0.0,14.05855999410904,139.73333752905467,-139.73333752905467,0.0,1.088286194249067,-68.82814881795744,12.251122570009214,124.64173924840705,0.0,-0.07434456457728734,1.761967586653757,0.0,-0.010710657625629911,-5.12415880262365,-0.5955041903743937,0.0,-0.055982922034950394,0.0,0.33493906455386396,1.0,-10.0
78,0.0,-0.00031501923356763945,0.0,14.058559994108426,129.57599971605737,-129.57599971605737,0.0,0.0,-65.92605229995695,13.70217082900748,113.75887730591101,1.0882861942490465,-0.07434456457732988,1.036443457154337,0.0,-0.01071065762562945,-4.3986346731240715,-0.5955041903743946,0.0,-0.05598292203495539,0.0,0.33493906455384775,1.0,-10.0
79,0.0,-0.0003150192335676536,0.0,13.333035864609666,144.32832368255117,-144.32832368255117,0.0,0.0,-73.6649763479536,14.91137771150708,128.632121960654,0.0,-0.07434456457728292,0.7946020806545421,1.4510482589987752,-0.01071065762562993,-5.970603620372988,-0.5955041903744092,0.0,-0.05598292203493796,0.0,0.33493906455385836,1.0,-10.0
80,0.0,-0.0003150192335676473,0.0,16.23513238260697,111.43789647857582,-111.43789647857582,0.0,0.0,-51.415569709970775,10.074550181510835,95.25801200367938,0.0,-0.07434456457732419,1.7619675866537332,0.0,-0.010710657625629718,-4.035872608374497,-0.5955041903744039,0.0,-0.0559829220349632,0.0,0.33493906455384437,1.0,-10.0
81,0.0,-0.00031501923356764346,0.0,15.14684618835771,137.91952720530193,-137.91952720530193,0.0,0.0,-67.37710055895656,11.888360505259183,121.92102376278054,0.0,-0.07434456457732581,1.9433486190285802,0.0,-0.010710657625629588,-4.217253640749277,-0.5955041903743798,0.0,-0.0559829220349703,0.0,0.3349390645538511,1.0,-10.0
82,0.0,-0.0003150192335676458,0.0,14.820011093904492,153.71655677054522,-153.71655677054522,0.0,0.0,-76.09270307771143,12.433085662681412,137.77252584376595,0.0,-0.07434456457728962,1.9978211347707788,0.0,-0.01071065762562967,-4.27172615649151,-0.5955041903743667,0.0,-0.05598292203495025,0.0,0.33493906455384526,1.0,-10.0
83,0.0,-0.00031501923356765007,0.0,12.461475612734052,162.050048804017,-162.050048804017,0.0,0.0,-84.2689594124374,16.363978131299355,146.49910712409925,0.0,-0.07434456457729993,0.5040819966960467,1.8868283849365126,-0.010710657625629814,-6.551643788289888,-0.5955041903743864,0.0,-0.05598292203498208,0.0,0.33493906455382993,1.0,-10.0
84,0.0,-0.0003150192335676436,0.0,13.40488980520206,142.8672935571594,-142.8672935571594,0.0,0.0,-74.20587469277442,14.791621143851927,127.15911617849729,1.4151212887023517,-0.0743445645773088,0.8185533941854988,0.0,-0.010710657625629595,-4.507579704608576,-0.5955041903743996,0.0,-0.055982922034967124,0.0,0.3349390645538348,1.0,-10.0
85,0.0,-0.0003150192335676383,0.0,10.574647227797167,119.28193874545138,-119.28193874545138,5.660485154809317,0.0,-60.998075998218006,10.074550181510538,108.76253942536475,0.0,-0.07434456457730344,1.7619675866536872,0.0,-0.010710657625629411,-4.035872608374383,-0.5955041903743642,0.0,-0.055982922034960185,0.0,0.3349390645538394,1.0,-10.0
86,0.0,-0.00031501923356764194,0.0,13.404889805201963,156.07509225171398,-156.07509225171398,0.0,1.4151212887023144,-77.97953146264695,12.904792758915363,141.31032906552014,0.0,-0.07434456457732252,1.7619675866536875,0.0,-0.010710657625629534,-5.450993897076761,-0.5955041903743736,0.0,-0.055982922034980634,0.0,0.33493906455384304,1.0,-10.0
87,0.0,-0.00031501923356763885,0.0,6.4976554831305045,103.3768837610717,-103.3768837610717,15.78220700838238,0.0,-48.05544508733533,0.0,101.971751276407,0.7545125685026349,-0.07434456457731872,0.0,0.0,-0.010710657625629432,-3.028417590223332,-0.5955041903743977,0.0,-0.0559829220349682,0.0,0.3349390645538263,1.0,-10.0
88,0.0,-0.00031501923356765354,0.0,12.81053828648404,144.41062198287264,-144.41062198287264,0.0,0.0,-76.46341770242722,15.78220700838312,128.8015031906631,2.332733269340992,-0.07434456457729846,0.0,0.0,-0.010710657625629932,-4.606638291061742,-0.5955041903744076,0.0,-0.05598292203497515,0.0,0.33493906455382744,1.0,-10.0
89,0.0,-0.0003150192335676472,0.0,8.16682371268706,93.36187438373607,-93.36187438373607,14.113038778826388,0.0,-41.378772169111,0.0,90.28757366951494,0.754512568502676,-0.07434456457733353,0.0,0.0,-0.010710657625629717,-3.028417590223399,-0.5955041903744157,0.0,-0.05598292203496474,0.0,0.3349390645538281,1.0,-10.0
90,0.0,-0.0003150192335676447,0.0,22.279862491513306,93.3618743837353,-93.3618743837353,0.0,0.0,-27.265733390284357,0.0,76.17453489068791,0.7545125685026561,-0.07434456457733014,0.0,0.0,-0.010710657625629632,-3.028417590223368,-0.595504190374403,0.0,-0.055982922034964605,0.0,0.334939064553846,1.0,-10.0
91,0.0,-0.000315019233567644,0.0,13.812039224217491,130.05577520868337,-130.05577520868337,0.0,0.0,-66.78224197099787,14.113038778826247,114.27973959351867,2.16581644638525,-0.07434456457731788,0.0,0.0,-0.010710657625629607,-4.439721468105977,-0.5955041903743754,0.0,-0.05598292203494248,0.0,0.33493906455380845,1.0,-10.0
92,0.0,-0.00031501923356765256,0.0,0.0,155.35812762612255,-155.35812762612255,22.279862491513843,0.0,-80.54372250299143,0.0,160.45065062458863,0.7545125685026323,-0.074344564577287,0.0,0.0,-0.010710657625629895,-3.028417590223442,-0.5955041903744115,0.0,-0.055982922034982494,0.0,0.3349390645538094,1.0,-10.0
93,0.0,-0.00031501923356765387,0.0,0.0,254.3945709912934,-254.3945709912934,12.034713177875632,0.0,-145.42966815603432,17.07524885606374,250.94946956172757,2.4620374541089998,-0.07434456457733522,0.0,0.0,-0.010710657625629944,-4.735942475829791,-0.5955041903743638,0.0,-0.05598292203498275,0.0,0.3349390645537817,1.0,-10.0
94,0.0,-0.0003150192335676898,0.0,0.0,507.1235477267404,-507.1235477267404,0.0,6.017356588938446,-277.81151311269844,29.109962033942722,497.6610897082356,2.4620374541092636,-0.0743445645773437,0.0,0.0,-0.010710657625631163,-10.75329906476879,-0.5955041903743902,0.0,-0.05598292203498913,0.0,0.3349390645537498,1.0,-10.0
95,0.0,-0.0003150192335676383,0.0,12.03471317787504,158.11686556828022,-158.11686556828022,0.0,0.0,-85.25610226665172,17.075248856062952,142.6370509608395,2.462037454108913,-0.07434456457731096,0.0,0.0,-0.010710657625629413,-4.735942475829598,-0.5955041903743483,0.0,-0.05598292203497999,0.0,0.3349390645538327,1.0,-10.0
96,0.0,-0.00031501923356766894,0.0,0.0,290.2155283138888,-290.2155283138888,10.949229622646444,0.0,-164.96837215017752,18.884388114780954,285.86585725496474,2.64295137998076,-0.07434456457733879,0.0,0.0,-0.010710657625630454,-4.916856401701644,-0.5955041903744462,0.0,-0.05598292203498543,0.0,0.33493906455384487,1.0,-10.0
97,0.0,-0.00031501923356764996,0.0,0.0,520.149350389433,-520.149350389433,0.0,5.474614811322724,-285.40989799927127,29.833617737425612,510.3250645191862,2.642951379980595,-0.0743445645773343,0.0,0.0,-0.010710657625629809,-10.391471213024312,-0.5955041903744105,0.0,-0.05598292203498205,0.0,0.334939064553853,1.0,-10.0
98,0.0,-0.00031501923356765235,0.0,10.949229622645827,202.6216913327066,-202.6216913327066,0.0,0.0,-110.22222403693951,18.88438811477997,187.3227906511368,2.642951379980678,-0.07434456457729591,0.0,0.0,-0.010710657625629894,-4.916856401701406,-0.595504190374366,0.0,-0.05598292203498248,0.0,0.3349390645538185,1.0,-10.0
99,0.0,-0.00031501923356763836,0.0,0.0,702.6365107668372,-702.6365107668372,0.0,0.0,-387.6027078106178,37.13310415252133,689.1624816890424,4.467822983754785,-0.07434456457733156,0.0,0.0,-0.010710657625629413,-6.74172800547541,-0.5955041903742391,0.0,-0.055982922034979975,0.0,0.33493906455374056,1.0,-10.0
100,0.0,-0.0003150192335676576,0.0,11.024730894147092,181.8461908853588,-181.8461908853588,8.237081323356279,3.7725628425134925,-79.74497296445159,0.0,175.91398298967778,0.0,-0.07434456457733489,0.0,0.0,-0.010710657625630069,-6.046467864234315,-0.5955041903744248,0.0,-0.05598292203498341,0.0,0.33493906455386097,1.0,-10.0
101,0.0,-0.00031501923356764595,0.0,15.143271555824633,235.38721948716622,-235.38721948716622,0.0,5.8318331733523525,-104.45621693451675,4.118540661677974,223.2772005989684,0.0,-0.07434456457733336,0.0,0.0,-0.010710657625629675,-8.105738195073021,-0.5955041903744047,0.0,-0.05598292203498134,0.0,0.3349390645538524,1.0,-10.0
102,0.0,-0.00031501923356765376,0.0,12.693899123703376,171.83118150801792,-171.83118150801792,6.567913093799779,3.7725628425134183,-73.06830004622489,0.0,164.2298053827806,0.0,-0.07434456457730204,0.0,0.0,-0.010710657625629937,-6.046467864234225,-0.5955041903744029,0.0,-0.05598292203498273,0.0,0.3349390645538448,1.0,-10.0
103,0.0,-0.00031501923356764964,0.0,19.261812217502897,171.83118150801565,-171.83118150801565,0.0,3.7725628425133797,-66.50038695242426,0.0,157.66189228897875,0.0,-0.07434456457731572,0.0,0.0,-0.010710657625629798,-6.046467864234141,-0.5955041903744015,0.0,-0.055982922034981994,0.0,0.3349390645538487,1.0,-10.0
104,0.0,-0.00031501923356764823,0.0,15.977855670602967,214.52261661771274,-214.52261661771274,0.0,5.41454111596329,-92.7720393276226,3.283956546899767,201.9953056721258,0.0,-0.07434456457733389,0.0,0.0,-0.01071065762562975,-7.688446137684018,-0.5955041903744122,0.0,-0.05598292203498173,0.0,0.334939064553843,1.0,-10.0
105,0.0,-0.0003150192335676526,0.0,0.0,270.0440380385313,-270.0440380385313,19.261812217503103,3.7725628425134037,-134.86862743518498,0.0,275.13656103699736,0.0,-0.07434456457733492,0.0,0.0,-0.010710657625629899,-6.046467864234214,-0.5955041903743553,0.0,-0.055982922034982514,0.0,0.33493906455385264,1.0,-10.0
106,0.0,-0.0003150192335676541,0.0,0.0,674.5420946061,-674.5420946061,0.0,13.403468951264939,-346.74856182772083,19.261812217503035,670.0037114958145,0.0,-0.07434456457733525,0.0,0.0,-0.010710657625629947,-15.677373972985688,-0.5955041903742295,0.0,-0.05598292203498277,0.0,0.33493906455386174,1.0,-10.0
107,0.0,-0.0003150192335676411,0.0,12.465727127102019,140.87630759920657,-140.87630759920657,0.0,0.0,-75.34278143443433,16.213220957609334,125.39649299176571,2.0310235048820626,-0.0743445645773072,0.0,0.0,-0.010710657625629508,-4.7359424758296615,-0.5955041903744016,0.0,-0.05598292203493767,0.4310139492268624,0.33493906455383554,1.0,-10.0
108,0.0,-0.00031501923356764454,0.0,8.403680117337931,108.37993152109418,-108.37993152109418,6.093070514646323,0.0,-59.09459339537814,12.151173947845312,98.9931874282995,0.0,-0.07434456457731695,0.0,0.0,-0.010710657625629625,-4.735942475829685,-0.5955041903744115,0.0,-0.05598292203497637,2.462037454109001,0.33493906455384115,1.0,-10.0
109,0.0,-0.0003150192335676435,0.0,11.450215374661058,147.98488986629505,-147.98488986629505,0.0,1.5232676286615587,-77.37380493931698,15.1977092051684,134.02834288751566,0.0,-0.07434456457728861,0.0,0.0,-0.01071065762562959,-6.259210104491256,-0.595504190374368,0.0,-0.05598292203497099,2.4620374541089847,0.3349390645538302,1.0,-10.0
110,0.0,-0.00031501923356764763,0.0,10.07284834689441,98.36492214375679,-98.36492214375679,4.423902285090012,0.0,-52.41792047715311,12.15117394784543,87.30900982140564,0.0,-0.07434456457732938,0.0,0.0,-0.01071065762562973,-4.735942475829757,-0.5955041903744059,0.0,-0.05598292203495416,2.4620374541090144,0.33493906455382455,1.0,-10.0
111,0.0,-0.0003150192335676442,0.0,14.496750631984291,98.36492214375575,-98.36492214375575,0.0,0.0,-47.99401819206258,12.1511739478453,82.8851075363147,0.0,-0.07434456457731828,0.0,0.0,-0.010710657625629613,-4.735942475829717,-0.5955041903743813,0.0,-0.05598292203496814,2.4620374541089824,0.3349390645538474,1.0,-10.0
112,0.0,-0.0003150192335676397,0.0,12.284799489439141,127.12028699683874,-127.12028699683874,0.0,1.105975571272437,-65.68962733242152,14.363125090390048,112.7464479606704,0.0,-0.07434456457731367,0.0,0.0,-0.01071065762562946,-5.8419180471021,-0.595504190374394,0.0,-0.055982922034964966,2.462037454108945,0.33493906455382283,1.0,-10.0
113,0.0,-0.0003150192335676491,0.0,13.022116536954478,121.95906766423747,-121.95906766423747,0.0,0.0,-64.21499323739346,15.100442137905498,106.47925305679622,1.4746340950299863,-0.07434456457732484,0.0,0.0,-0.010710657625629779,-4.73594247582978,-0.5955041903743937,0.0,-0.05598292203493884,0.9874033590790011,0.3349390645538458,1.0,-10.0
114,0.0,-0.00031501923356764286,0.0,12.284799489439266,147.02784727974483,-147.02784727974483,0.0,0.0,-76.74938304514707,16.575076232935185,131.54803267230386,0.0,-0.07434456457732776,0.0,2.2119511425449625,-0.010710657625629567,-6.947893618374673,-0.5955041903744022,0.0,-0.05598292203494853,0.25008631156400757,0.33493906455384836,1.0,-10.0
115,0.0,-0.00031501923356764134,1.5090251370052912,3.4796052091198932,101.86785862406721,-101.86785862406721,14.273181871377169,0.0,-48.05544508733569,0.0,102.7262638449105,0.0,-0.07434456457730018,0.0,0.0,-0.010710657625629517,-2.2739050217206946,-0.5955041903743878,0.0,-0.05598292203496072,0.0,0.3349390645538427,1.0,-10.0
116,0.0,-0.00031501923356764964,0.3232604619201325,12.034713177875513,143.24688431995827,-143.24688431995827,0.0,0.0,-75.88154887096997,15.458946546462716,128.41359063635727,2.1387769921888706,-0.07434456457731942,0.0,0.0,-0.010710657625629796,-4.412682013909625,-0.5955041903744143,0.0,-0.055982922034944683,0.0,0.3349390645538156,1.0,-10.0
117,0.0,-0.0003150192335676452,2.462037454108969,3.479605209119948,113.30400642931241,-113.30400642931241,8.555107968755378,0.0,-56.63255594126926,4.7650615855182945,111.30337469884472,0.0,-0.07434456457732559,0.0,0.0,-0.010710657625629647,-2.273905021720702,-0.5955041903744154,0.0,-0.05598292203497356,0.0,0.334939064553827,1.0,-10.0
118,0.0,-0.0003150192335676454,2.4620374541089896,7.757159193497636,168.9122082262225,-168.9122082262225,0.0,2.1387769921888022,-82.29787984753547,9.042615569895982,160.49524551918824,0.0,-0.07434456457727737,0.0,0.0,-0.010710657625629654,-4.4126820139095155,-0.5955041903744049,0.0,-0.05598292203498124,0.0,0.3349390645538322,1.0,-10.0
119,0.0,-0.00031501923356764736,1.5090251370053231,0.0,129.70470029702904,-129.70470029702904,17.752787080497423,0.0,-65.45347113293656,0.0,134.04271072699234,0.0,-0.0743445645773121,0.0,0.0,-0.01071065762562972,-2.2739050217207097,-0.5955041903743803,0.0,-0.05598292203493707,0.0,0.3349390645538352,1.0,-10.0
120,0.0,-0.0003150192335676433,2.4620374541089833,0.0,141.14084810227126,-141.14084810227126,12.034713177875231,0.0,-74.03058198686864,4.765061585518287,142.61982158092354,0.0,-0.07434456457732412,0.0,0.0,-0.010710657625629585,-2.273905021720707,-0.5955041903743896,0.0,-0.055982922034935025,0.0,0.33493906455380673,1.0,-10.0
121,0.0,-0.0003150192335676499,2.4620374541089367,0.0,393.86982483766013,-393.86982483766013,0.0,6.017356588937638,-206.41242694350092,16.799774763393863,389.3314417273746,0.0,-0.07434456457733427,0.0,0.0,-0.010710657625629805,-8.291261610658426,-0.595504190374377,0.0,-0.05598292203498203,0.0,0.33493906455378203,1.0,-10.0
122,0.0,-0.00031501923356765305,2.642951379980662,0.0,168.63976483476245,-168.63976483476245,10.949229622645882,0.0,-88.32278213072918,5.669631214876505,169.57599653579982,0.0,-0.07434456457731312,0.0,0.0,-0.010710657625629913,-2.273905021720756,-0.5955041903744047,0.0,-0.05598292203498261,0.0,0.33493906455383937,1.0,-10.0
123,0.0,-0.00031501923356766595,2.6429513799807993,0.0,398.57358691034256,-398.57358691034256,0.0,5.474614811323103,-208.76430797984256,16.61886083752311,394.03520380005693,0.0,-0.07434456457733807,0.0,0.0,-0.010710657625630352,-7.748519833043938,-0.5955041903743653,0.0,-0.05598292203498488,0.0,0.3349390645538354,1.0,-10.0
124,0.0,-0.00031501923356768206,4.467822983755341,0.0,497.1166535141851,-497.1166535141851,0.0,0.0,-258.03584128176425,14.793989233749498,492.57827040389924,0.0,-0.07434456457734186,0.0,0.0,-0.0107106576256309,-2.273905021720881,-0.595504190374361,0.0,-0.05598292203498774,0.0,0.3349390645538146,1.0,-10.0
125,0.0,-0.00031501923356764357,2.642951379980589,6.5960848456492664,118.48576682518944,-118.48576682518944,4.353144776996283,0.0,-56.649698280293315,5.66963121487635,112.82591368057761,0.0,-0.07434456457732198,0.0,0.0,-0.01071065762562959,-2.273905021720709,-0.595504190374389,0.0,-0.05598292203495645,0.0,0.3349390645538444,1.0,-10.0
126,0.0,-0.0003150192335676397,2.6429513799805746,8.772657234147308,146.78120787566363,-146.78120787566363,0.0,1.0882861942490405,-69.70913261128135,7.846203603374399,137.85649614830464,0.0,-0.07434456457732573,0.0,0.0,-0.010710657625629462,-3.3621912159697263,-0.5955041903743906,0.0,-0.05598292203495945,0.0,0.33493906455382105,1.0,-10.0
127,0.0,-0.00031501923356765256,1.5546651857315557,10.949229622645873,133.7217735446803,-133.7217735446803,0.0,0.0,-66.44427402853691,11.111062186122068,121.53220323457367,1.0882861942490802,-0.07434456457732486,0.0,0.0,-0.010710657625629897,-3.3621912159698795,-0.5955041903744299,0.0,-0.05598292203494366,0.0,0.33493906455382927,1.0,-10.0
128,0.0,-0.00031501923356764357,0.46637899148244744,6.5960848456492664,118.48576682518944,-118.48576682518944,0.0,0.0,-58.82627066879146,7.846203603374534,110.64934129207944,0.0,-0.07434456457732198,0.0,0.0,-0.01071065762562959,-2.273905021720709,-0.595504190374389,0.0,-0.05598292203495645,0.0,0.3349390645538444,1.0,-5.646855223003717
129,0.0,-0.000315019233567648,1.1919031209818314,10.949229622645728,147.50673200516692,-147.50673200516692,0.0,0.0,-74.06227738827958,12.924872509870365,134.59163756556097,0.0,-0.07434456457730307,0.0,1.4510482589987406,-0.010710657625629743,-5.176001539718313,-0.5955041903743804,0.0,-0.05598292203498053,0.0,0.3349390645538399,1.0,-10.0
130,0.0,-0.00031501923356764996,2.6429513799806332,10.949229622645754,118.48576682519185,-118.48576682519185,0.0,0.0,-52.29655350329806,5.669631214876479,108.47276890358351,0.0,-0.07434456457730265,0.0,0.0,-0.010710657625629809,-2.2739050217207195,-0.5955041903744257,0.0,-0.05598292203495503,0.0,0.33493906455385253,1.0,-10.0
131,0.0,-0.0003150192335676493,2.915022928542934,9.316800331272116,145.69292168141902,-145.69292168141902,0.0,0.0,-68.34877486847213,7.0299889576878565,136.49613840549745,0.0,-0.07434456457729509,0.0,0.0,-0.010710657625629786,-2.2739050217207146,-0.5955041903743925,0.0,-0.05598292203493984,0.0,0.3349390645538533,1.0,-10.0
132,0.0,-0.00031501923356765007,2.996731702156222,8.826547689592198,161.70784130963068,-161.70784130963068,0.0,0.0,-77.09161364509788,7.438532825754458,152.75618435454916,0.0,-0.07434456457729663,0.0,0.0,-0.010710657625629812,-2.273905021720739,-0.5955041903744015,0.0,-0.05598292203498206,0.0,0.3349390645538493,1.0,-10.0
133,0.0,-0.00031501923356765164,0.7561229950441122,10.949229622645808,164.0663767908022,-164.0663767908022,0.0,0.0,-84.52100041078589,15.10377313955919,150.2797220993207,0.0,-0.07434456457728852,0.0,1.8868283849365026,-0.010710657625629866,-6.04756179159383,-0.5955041903744082,0.0,-0.05598292203498234,0.0,0.33493906455380984,1.0,-10.0
134,0.0,-0.0003150192335676531,1.2278300912782636,10.949229622645875,146.14150713390583,-146.14150713390583,0.0,0.0,-74.61515138986941,12.745237658388563,133.29826663489254,1.4151212887023719,-0.07434456457730496,0.0,0.0,-0.010710657625629916,-3.6890263104231544,-0.5955041903744225,0.0,-0.055982922034959456,0.0,0.33493906455385347,1.0,-10.0
135,0.0,-0.0003150192335676456,2.6429513799806044,5.2887444678361275,126.32980909206918,-126.32980909206918,5.66048515480948,0.0,-61.8790597915463,5.669631214876392,121.97729632527039,0.0,-0.07434456457729866,0.0,0.0,-0.01071065762562966,-2.2739050217207097,-0.5955041903743893,0.0,-0.05598292203495353,0.0,0.33493906455385253,1.0,-10.0
136,0.0,-0.00031501923356764975,2.6429513799806466,8.118987045241001,163.12296259833292,-163.12296259833292,0.0,1.415121288702369,-78.8605152559758,8.499873792281269,154.525085965427,0.0,-0.07434456457730347,0.0,0.0,-0.010710657625629803,-3.689026310423089,-0.5955041903743942,0.0,-0.055982922034982015,0.0,0.3349390645538122,1.0,-10.0
137,0.0,-0.0003150192335676473,0.0,10.741671330194752,138.72123785307494,-138.72123785307494,0.0,0.0,-73.61872563752821,14.489165160702125,125.18098601715472,1.815516530268682,-0.07434456457728274,0.0,0.0,-0.010710657625629718,-4.089421551989426,-0.5955041903743751,0.0,-0.05598292203493098,0.0,0.3349390645538153,1.0,-8.706958152319347
138,0.0,-0.0003150192335676452,0.0,3.479605209119948,113.30400642931241,-113.30400642931241,3.6310330605373555,0.0,-59.094593395378276,7.227099039627306,108.8413372447357,0.0,-0.07434456457732559,0.0,0.0,-0.010710657625629647,-2.273905021720702,-0.5955041903744154,0.0,-0.05598292203497356,0.0,0.334939064553827,1.0,-5.07592509178202
139,0.0,-0.0003150192335676425,0.0,5.295121739388563,136.9057213228041,-136.9057213228041,0.0,0.907758265134319,-69.9876925769898,9.042615569895887,129.71977734282444,0.0,-0.07434456457728356,0.0,0.0,-0.010710657625629552,-3.1816632868550125,-0.5955041903744083,0.0,-0.05598292203494406,0.0,0.33493906455382505,1.0,-5.075925091782042
140,0.0,-0.0003150192335676433,0.0,0.0,141.14084810227126,-141.14084810227126,7.110638269657264,0.0,-76.49261944097762,7.227099039627271,140.1577841268145,0.0,-0.07434456457732412,0.0,0.0,-0.010710657625629585,-2.273905021720707,-0.5955041903743896,0.0,-0.055982922034935025,0.0,0.33493906455380673,1.0,-5.075925091782033
141,0.0,-0.0003150192335676665,0.0,0.0,290.4642517650957,-290.4642517650957,0.0,3.555319134828841,-154.70964040721918,14.337737309285567,285.9258686548099,0.0,-0.07434456457733819,0.0,0.0,-0.01071065762563037,-5.829224156549702,-0.5955041903743902,0.0,-0.055982922034984985,0.0,0.3349390645538312,1.0,-5.0759250917817536
142,0.0,-0.00031501923356765305,0.0,0.0,168.63976483476245,-168.63976483476245,5.663326862684497,0.0,-90.96573351070991,8.31258259485723,166.93304515581917,0.0,-0.07434456457731312,0.0,0.0,-0.010710657625629913,-2.273905021720756,-0.5955041903744047,0.0,-0.05598292203498261,0.0,0.33493906455383937,1.0,-4.714097240038676
143,0.0,-0.0003150192335676519,0.0,0.0,287.5696289511363,-287.5696289511363,0.0,2.831663431342238,-153.26232900023902,13.975909457541654,283.0312458408508,0.0,-0.07434456457733475,0.0,0.0,-0.010710657625629876,-5.105568453062984,-0.5955041903744122,0.0,-0.05598292203498239,0.0,0.33493906455384054,1.0,-4.714097240038713
144,0.0,-0.0003150192335676397,0.0,0.0,296.06461924515156,-296.06461924515156,0.0,0.0,-157.50982414724626,12.560077741870057,291.5262361348662,0.0,-0.07434456457733188,0.0,0.0,-0.010710657625629462,-2.2739050217206493,-0.5955041903744022,0.0,-0.05598292203498022,0.0,0.33493906455384553,1.0,-3.2982655243677756
145,0.0,-0.00031501923356763945,0.0,6.129705854166723,113.58878741462212,-113.58878741462212,0.0,0.0,-57.07734945073151,7.962798351245029,105.98555137725343,0.0,-0.0743445645772911,0.0,0.0,-0.01071065762562945,-2.2739050217206533,-0.5955041903743716,0.0,-0.05598292203496872,0.0,0.3349390645538174,1.0,-4.83069198790947
146,0.0,-0.0003150192335676456,0.0,5.2887444678361275,126.32980909206918,-126.32980909206918,0.37458239484822525,0.0,-64.52201117152694,8.312582594857043,119.3343449452898,0.0,-0.07434456457729866,0.0,0.0,-0.01071065762562966,-2.2739050217207097,-0.5955041903743893,0.0,-0.05598292203495353,0.0,0.33493906455385253,1.0,-4.714097240038746
147,0.0,-0.00031501923356764286,0.0,5.47603566526019,128.76459465858147,-128.76459465858147,0.0,0.09364559871202863,-65.64575835607101,8.49987379228107,121.48819371566601,0.0,-0.07434456457731341,0.0,0.0,-0.010710657625629566,-2.3675506204327523,-0.595504190374393,0.0,-0.05598292203494143,0.0,0.334939064553831,1.0,-4.714097240038819
148,0.0,-0.000315019233567652,0.0,6.037909257532725,128.95188585600937,-128.95188585600937,0.0,0.0,-66.02034075092116,9.061747384553685,121.01996572210926,0.1872911974240906,-0.07434456457729353,0.0,0.0,-0.010710657625629878,-2.4611962191448877,-0.5955041903743948,0.0,-0.055982922034977824,0.0,0.33493906455385386,1.0,-5.088679634886901
149,0.0,-0.00031501923356764167,0.0,6.41249165238073,133.821456989032,-133.821456989032,0.0,0.0,-68.64241751485656,9.810912174249802,125.32766326285984,0.0,-0.07434456457728558,0.0,0.3745823948481746,-0.010710657625629526,-3.023069811417134,-0.5955041903743684,0.0,-0.05598292203497317,0.0,0.33493906455384964,1.0,-5.4632620297352545
150,0.0,-0.0003150192335676421,0.0,5.496845798307333,128.41082239678008,-128.41082239678008,0.0,0.0,-65.43765702559963,8.437443393139665,121.12401638734109,0.0,-0.07434456457729896,0.0,0.0,-0.010710657625629545,-2.2739050217206582,-0.5955041903743848,0.0,-0.05598292203494523,0.0,0.3349390645538142,1.0,-4.672476973944588
151,0.0,-0.00031501923356764573,0.0,5.663326862684382,124.08231472297985,-124.08231472297985,0.0,0.0,-63.023681592134075,8.312582594857037,116.71226818135226,0.0,-0.07434456457728834,0.0,0.0,-0.010710657625629665,-2.2739050217207075,-0.5955041903744065,0.0,-0.0559829220349425,0.0,0.334939064553817,1.0,-4.714097240038743
152,0.46637899148241735,-0.00031501923356764134,0.0,6.596084845649201,113.82197691036401,-113.82197691036401,0.0,0.0,-56.960754702861195,7.84620360337446,105.98555137725405,0.0,-0.0743445645773298,0.0,0.0,-0.010710657625629515,-2.2739050217206884,-0.5955041903743891,0.0,-0.055982922034952115,0.0,0.33493906455384354,1.0,-5.180476231521291
153,3.772562842513342,-0.0003150192335676461,0.0,3.479605209119957,68.66930560995111,-68.66930560995111,15.782207008382743,0.0,-34.47421885428831,0.0,70.2822233992971,0.0,-0.07434456457731002,0.0,0.0,-0.010710657625629677,-2.273905021720705,-0.5955041903744165,0.0,-0.0559829220349659,0.0,0.33493906455384925,1.0,-10.0
154,1.4302837451781747,-0.0003150192335676394,0.0,12.379513367823623,142.7391195212355,-142.7391195212355,0.0,0.0,-73.34713551568845,14.59353687924458,128.1553607122555,0.0,-0.07434456457730325,0.0,1.927809507391453,-0.01071065762562945,-6.129524036503627,-0.5955041903743761,0.0,-0.055982922034974555,0.0,0.3349390645538096,1.0,-10.0
155,0.9073475940529606,-0.00031501923356765555,0.0,11.856577216698938,161.04188481062764,-161.04188481062764,0.0,0.0,-84.0673266137604,16.162345332621193,146.1966579260841,0.0,-0.0743445645773215,0.0,2.189277582954181,-0.01071065762563,-6.652460187629203,-0.5955041903743923,0.0,-0.055982922034983035,0.0,0.3349390645538237,1.0,-10.0
156,0.43101394922685754,-0.00031501923356765137,0.0,12.465727127102436,140.44529364998428,-140.44529364998428,0.0,0.0,-74.9117674852099,15.782207008383013,125.18098601715636,2.2465304794955654,-0.07434456457730222,0.0,0.0,-0.010710657625629857,-4.5204355012163475,-0.5955041903744291,0.0,-0.05598292203493492,0.0,0.33493906455383265,1.0,-10.0
157,2.07288691430876,-0.0003150192335676507,0.0,13.022116536954567,120.24800860167261,-120.24800860167261,0.0,0.0,-61.78027847134178,12.665727371853585,105.98555137725727,1.6065079228262782,-0.07434456457729627,0.0,0.0,-0.010710657625629833,-3.8804129445470372,-0.5955041903744107,0.0,-0.05598292203495025,0.0,0.33493906455385025,1.0,-10.0
158,1.6371067883709698,-0.0003150192335676471,0.0,12.586336411016697,135.5003130094914,-135.5003130094914,0.0,0.0,-70.93166111603321,13.973067749666605,121.01996572210737,1.8243979857951091,-0.07434456457733146,0.0,0.0,-0.010710657625629711,-4.098303007515829,-0.5955041903744038,0.0,-0.05598292203493304,0.0,0.3349390645538188,1.0,-10.0
159,4.924074908217936,-0.000315019233567641,0.0,3.4796052091198932,64.06325734713141,-64.06325734713141,13.479182876973214,0.0,-34.47421885428774,2.3030241314092685,64.52466307077273,0.0,-0.07434456457731832,0.0,0.0,-0.010710657625629505,-2.2739050217206938,-0.5955041903744035,0.0,-0.05598292203497288,0.0,0.33493906455384653,1.0,-10.0
160,5.285902759961176,-0.0003150192335676415,0.0,6.596084845649225,65.6267392255768,-65.6267392255768,9.63904753695744,0.0,-32.8631358604676,3.0266798348957544,62.609837460945556,0.0,-0.07434456457732155,0.0,0.0,-0.01071065762562952,-2.273905021720693,-0.5955041903744005,0.0,-0.055982922034963904,0.0,0.3349390645538399,1.0,-10.0
161,5.285902759961132,-0.0003150192335676387,0.0,5.288744467836021,73.47078149245496,-73.47078149245496,10.946387914770488,0.0,-38.092497371719816,3.026679834895719,71.76122010563688,0.0,-0.07434456457732048,0.0,0.0,-0.010710657625629427,-2.2739050217206582,-0.5955041903743876,0.0,-0.05598292203496658,0.0,0.334939064553848,1.0,-10.0
162,4.9240749082179605,-0.0003150192335676436,0.0,10.219196647606578,151.67794604745856,-151.67794604745856,0.0,3.3697957192432977,-74.911767485208,9.042615569895958,142.02996461336988,0.0,-0.07434456457728279,0.0,0.0,-0.01071065762562959,-5.643700740964007,-0.5955041903743623,0.0,-0.055982922034980204,0.0,0.3349390645538151,1.0,-10.0
163,5.285902759961113,-0.0003150192335676389,0.0,11.415608614127846,128.28054821579926,-128.28054821579926,0.0,2.4097618842393196,-61.78027847133948,7.846203603374386,118.03436079844997,0.0,-0.0743445645773294,0.0,0.0,-0.010710657625629434,-4.683666905960025,-0.5955041903743665,0.0,-0.05598292203493793,0.0,0.3349390645538216,1.0,-10.0
164,5.285902759961214,-0.00031501923356764487,0.0,10.761938425221496,144.62230293846608,-144.62230293846608,0.0,2.7365969786926323,-70.93166111603267,8.499873792281104,134.7029506155699,0.0,-0.07434456457729298,0.0,0.0,-0.010710657625629639,-5.010502000413374,-0.595504190374373,0.0,-0.05598292203495678,0.0,0.33493906455383604,1.0,-10.0
165,3.7725628425133113,-0.0003150192335676439,0.0,0.0,96.50614728291018,-96.50614728291018,19.261812217502566,0.0,-51.8722448998878,0.0,101.59867028137612,0.0,-0.07434456457729637,0.0,0.0,-0.010710657625629602,-2.2739050217206986,-0.5955041903744138,0.0,-0.055982922034972814,0.0,0.33493906455382844,1.0,-10.0
166,4.924074908218046,-0.00031501923356764904,0.0,0.0,91.9000990200931,-91.9000990200931,16.95878808609356,0.0,-51.872244899888656,2.303024131409331,95.84110995285444,0.0,-0.07434456457732397,0.0,0.0,-0.010710657625629776,-2.2739050217207493,-0.5955041903744244,0.0,-0.0559829220349705,0.0,0.3349390645538492,1.0,-10.0
167,4.924074908217841,-0.0003150192335676424,0.0,0.0,448.0346488280484,-448.0346488280484,0.0,8.47939404304646,-238.41891384691272,19.261812217502417,443.49626571776304,0.0,-0.07434456457733249,0.0,0.0,-0.01071065762562955,-10.753299064767285,-0.5955041903744027,0.0,-0.055982922034980676,0.0,0.3349390645537555,1.0,-10.0
168,5.285902759961208,-0.00031501923356764476,0.0,0.0,115.78073723514551,-115.78073723514551,16.235132382606825,0.0,-64.53621971090125,3.026679834895763,119.35992031616355,0.0,-0.07434456457732469,0.0,0.0,-0.010710657625629633,-2.273905021720715,-0.5955041903744059,0.0,-0.05598292203494767,0.0,0.33493906455381317,1.0,-10.0
169,5.285902759961007,-0.00031501923356763923,0.0,0.0,456.7185172698813,-456.7185172698813,0.0,8.117566191303158,-243.12267591957234,19.261812217502197,452.1801341595961,0.0,-0.07434456457733174,0.0,0.0,-0.01071065762562944,-10.391471213023857,-0.5955041903742991,0.0,-0.05598292203498013,0.0,0.3349390645537031,1.0,-10.0
170,13.40346895126488,-0.00031501923356765105,0.0,0.0,765.186032539435,-765.186032539435,0.0,0.0,-405.4739997456533,19.261812217502843,760.6476494291495,0.0,-0.07434456457733454,0.0,0.0,-0.010710657625629843,-2.273905021720734,-0.5955041903743429,0.0,-0.05598292203498223,0.0,0.3349390645535939,1.0,-10.0
171,5.285902759961239,-0.0003150192335676448,0.0,16.235132382606846,65.62673922557747,-65.62673922557747,0.0,0.0,-23.224088323510383,3.0266798348957704,52.970789923988654,0.0,-0.0743445645773311,0.0,0.0,-0.010710657625629633,-2.273905021720704,-0.595504190374401,0.0,-0.05598292203496384,0.0,0.3349390645538417,1.0,-10.0
172,6.849672462071457,-0.00031501923356765175,0.0,13.107592978386934,136.02156957686344,-136.02156957686344,0.0,0.0,-64.67658230759368,6.154219239116088,124.92938997738446,0.0,-0.07434456457733357,0.0,0.0,-0.01071065762562987,-2.273905021720766,-0.5955041903743964,0.0,-0.05598292203497617,0.0,0.33493906455386013,1.0,-10.0
173,6.662909550955155,-0.00031501923356764357,0.0,13.481118800618907,120.70701086533452,-120.70701086533452,0.0,0.0,-56.27225130736464,5.78069341688363,109.42806835473968,0.0,-0.07434456457731621,0.0,0.0,-0.010710657625629592,-2.2739050217206835,-0.5955041903743747,0.0,-0.0559829220349561,0.0,0.334939064553833,1.0,-10.0
174,0.0,-0.0003150192335676402,0.0,0.0,175.6093724597954,-175.6093724597954,14.496750631984064,0.0,-101.11299398206656,12.151173947845084,174.62630848433872,0.0,-0.07434456457727265,0.0,0.0,-0.010710657625629475,-4.735942475829608,-0.5955041903743937,0.0,-0.05598292203498031,2.4620374541089425,0.3349390645538418,1.0,-10.0
175,0.0,-0.0003150192335676642,0.0,0.0,480.0411357314985,-480.0411357314985,0.0,7.248375315992559,-260.57725093391167,26.647924579831216,471.80969644004915,0.0,-0.07434456457733765,0.0,0.0,-0.010710657625630293,-11.984317791822487,-0.5955041903743796,0.0,-0.055982922034984575,2.462037454109055,0.33493906455377753,1.0,-10.0
176,0.0,-0.00031501923356766015,0.0,0.0,205.6410841544967,-205.6410841544967,13.592181002626855,0.0,-117.39524731051938,13.598485354818909,203.9343644755534,0.0,-0.07434456457733668,0.0,0.0,-0.010710657625630152,-4.916856401701531,-0.595504190374405,0.0,-0.05598292203498385,2.642951379980706,0.3349390645538143,1.0,-10.0
177,0.0,-0.0003150192335676429,0.0,0.0,491.0768852096346,-491.0768852096346,0.0,6.796090501312908,-266.9092383394007,27.190666357444243,482.5740750293783,0.0,-0.07434456457733261,0.0,0.0,-0.010710657625629567,-11.71294690301425,-0.5955041903743452,0.0,-0.05598292203498079,2.64295137998055,0.33493906455381073,1.0,-10.0
178,0.0,-0.0003150192335676669,0.0,0.0,733.0177070564359,-733.0177070564359,0.0,0.0,-400.1126121651673,35.34597495902256,720.4372425753909,0.0,-0.07434456457733828,0.0,0.0,-0.010710657625630383,-7.635292602227023,-0.5955041903743169,0.0,-0.05598292203498505,5.361387580505996,0.3349390645538006,1.0,-10.0
179,0.0,-0.00031501923356764644,0.0,11.881987605610597,113.19986406522928,-113.19986406522928,1.7101933970156722,0.0,-59.29264966027449,13.598485354818326,99.61115678067544,0.0,-0.07434456457730727,0.0,0.0,-0.010710657625629689,-4.9168564017013505,-0.595504190374419,0.0,-0.05598292203495956,2.6429513799806035,0.33493906455385625,1.0,-10.0
180,0.0,-0.000315019233567651,0.0,8.461600811579295,116.62025085926237,-116.62025085926237,0.0,0.0,-59.29264966027532,10.178098560787062,106.45193036873982,0.0,-0.07434456457731632,0.0,0.0,-0.010710657625629843,-3.2066630046856996,-0.5955041903743936,0.0,-0.05598292203494081,0.9327579829649145,0.33493906455385597,1.0,-6.579613205968563
181,0.0,-0.00031501923356763934,0.0,12.737084304118127,124.31612114582855,-124.31612114582855,0.0,0.427548349253877,-64.42322985132013,14.45358205332588,109.44476881351332,0.0,-0.07434456457730294,0.0,0.0,-0.01071065762562945,-5.344404750955137,-0.5955041903743831,0.0,-0.05598292203495559,2.6429513799805364,0.3349390645538098,1.0,-10.0
182,0.0,-0.00031501923356763896,0.0,13.022116536954075,122.32089551597682,-122.32089551597682,0.0,0.0,-63.853165385648175,14.7386142861618,107.02199483440765,0.5700644656718513,-0.07434456457731313,0.0,0.0,-0.010710657625629436,-4.916856401701232,-0.5955041903743937,0.0,-0.05598292203497702,2.0728869143086404,0.33493906455383515,1.0,-10.0
183,0.0,-0.00031501923356764953,0.0,12.737084304118577,132.0119914324033,-132.0119914324033,0.0,0.0,-68.69871334386153,15.308678751834165,116.71309075083364,0.0,-0.07434456457732061,0.0,0.8550966985078325,-0.010710657625629793,-5.771953100209255,-0.5955041903743916,0.0,-0.055982922034979773,1.7878546814727798,0.3349390645538301,1.0,-10.0
184,0.0,-0.0003150192335676391,0.0,13.592181002625967,113.19986406522662,-113.19986406522662,0.0,0.0,-57.582456263257406,13.598485354818006,97.90096338365746,0.0,-0.07434456457732465,0.0,0.0,-0.010710657625629439,-4.916856401701241,-0.5955041903743907,0.0,-0.05598292203496506,2.6429513799805706,0.33493906455382894,1.0,-10.0
185,0.0,-0.0003150192335676387,0.0,13.089182944680168,123.05862600096386,-123.05862600096386,0.0,0.0,-63.71903257019589,14.403282247531237,107.86032493098385,0.0,-0.0743445645773044,0.0,0.0,-0.010710657625629427,-5.017456013290392,-0.5955041903743734,0.0,-0.055982922034948764,2.7435509915697205,0.3349390645538289,1.0,-10.0
186,0.0,-0.0003150192335676435,0.0,12.704671068852958,138.43910103406154,-138.43910103406154,0.0,0.0,-72.33209858873053,15.018501248855312,123.31770233924676,0.0,-0.07434456457730952,0.0,0.0,-0.01071065762562959,-5.094358388455942,-0.5955041903744015,0.0,-0.055982922034959096,2.8204533667352214,0.3349390645538383,1.0,-10.0
187,0.0,-0.0003150192335676484,0.0,10.574647227797493,121.04390633210897,-121.04390633210897,3.0175337748288578,0.0,-64.52201117152751,13.598485354818402,108.7625394253682,0.0,-0.07434456457733099,0.0,0.0,-0.010710657625629755,-4.916856401701359,-0.5955041903744073,0.0,-0.05598292203496405,2.642951379980634,0.33493906455381667,1.0,-10.0
188,0.0,-0.0003150192335676402,0.0,12.083414115211598,140.65787586849305,-140.65787586849305,0.0,0.7543834437071624,-73.57461249601224,15.107252242232459,126.11335863063104,0.0,-0.07434456457730518,0.0,0.0,-0.010710657625629479,-5.6712398454084525,-0.5955041903743916,0.0,-0.05598292203495265,2.6429513799805444,0.3349390645538272,1.0,-10.0
189,0.0,-0.00031501923356765126,0.0,12.586336411016868,137.13741979786423,-137.13741979786423,0.0,0.0,-72.5687679044052,15.610174538037807,121.83851911629448,1.0058445916095873,-0.07434456457733193,0.0,0.0,-0.010710657625629854,-4.9168564017014145,-0.5955041903744137,0.0,-0.055982922034980835,1.6371067883710315,0.33493906455381356,1.0,-10.0
190,0.0,-0.0003150192335676426,0.0,12.08341411521171,154.23677785522383,-154.23677785522383,0.0,0.0,-81.11844693308485,16.616019129646954,138.93787717365447,0.0,-0.07434456457732148,0.0,1.5087668874143685,-0.010710657625629559,-6.425623289115699,-0.5955041903744138,0.0,-0.05598292203498074,1.1341844925661524,0.3349390645538389,1.0,-10.0
191,0.0,-0.00031501923356763896,1.5090251370052925,5.148773438676219,91.8528492467283,-91.8528492467283,12.604013641820707,0.0,-41.37877216910992,0.0,91.04208623801522,0.0,-0.07434456457731804,0.0,0.0,-0.010710657625629434,-2.273905021720658,-0.5955041903743883,0.0,-0.05598292203496002,0.0,0.33493906455382155,1.0,-10.0
192,0.0,-0.00031501923356764546,1.5090251370053225,17.752787080497338,91.8528492467302,-91.8528492467302,0.0,0.0,-28.774758527289784,0.0,78.43807259619612,0.0,-0.0743445645773029,0.0,0.0,-0.010710657625629656,-2.273905021720716,-0.5955041903743882,0.0,-0.055982922034951414,0.0,0.3349390645538464,1.0,-10.0
193,0.0,-0.0003150192335676422,2.462037454108971,5.148773438676303,103.28899705197307,-103.28899705197307,6.885939739198903,0.0,-49.95588302304322,4.765061585518251,99.61919709194905,0.0,-0.07434456457731675,0.0,0.0,-0.010710657625629543,-2.273905021720676,-0.5955041903744033,0.0,-0.05598292203495327,0.0,0.33493906455384975,1.0,-10.0
194,0.0,-0.0003150192335676398,2.4620374541089425,12.034713177875124,103.28899705197233,-103.28899705197233,0.0,0.0,-43.069943283844005,4.765061585518237,92.73325735274942,0.0,-0.07434456457729655,0.0,0.0,-0.010710657625629465,-2.273905021720651,-0.5955041903743996,0.0,-0.05598292203495553,0.0,0.3349390645538383,1.0,-10.0
195,0.0,-0.0003150192335676487,2.462037454109027,8.591743308275912,148.04760535676914,-148.04760535676914,0.0,1.721484934799762,-70.61370224064147,8.208031455117869,139.21335059234576,0.0,-0.07434456457729258,0.0,0.0,-0.010710657625629769,-3.9953899565205075,-0.5955041903744176,0.0,-0.0559829220349593,0.0,0.33493906455382805,1.0,-10.0
196,0.0,-0.0003150192335676443,0.7405525193092481,12.034713177875265,127.38978613917018,-127.38978613917018,0.0,0.0,-65.44924743624127,13.372486259516984,113.39107657034766,1.7214849347997396,-0.0743445645773176,0.0,0.0,-0.010710657625629616,-3.995389956520461,-0.5955041903743804,0.0,-0.055982922034973216,0.0,0.3349390645538338,1.0,-10.0
197,0.0,-0.0003150192335676492,0.16672420770933144,12.034713177875442,149.19526197996925,-149.19526197996925,0.0,0.0,-77.49964197984063,16.241627817516807,134.0488957879466,0.0,-0.07434456457729789,0.0,2.2953132463996737,-0.010710657625629783,-6.864531514520133,-0.595504190374372,0.0,-0.055982922034971655,0.0,0.3349390645538263,1.0,-10.0
198,0.0,-0.0003150192335676422,0.0,5.148773438676303,103.28899705197307,-103.28899705197307,1.961864830980923,0.0,-52.41792047715222,7.22709903962726,97.15715963784007,0.0,-0.07434456457731675,0.0,0.0,-0.010710657625629543,-2.273905021720676,-0.5955041903744033,0.0,-0.05598292203495327,0.0,0.33493906455384975,1.0,-5.075925091782058
199,0.0,-0.00031501923356764086,0.0,7.11063826965722,103.28899705197266,-103.28899705197266,0.0,0.0,-50.45605564617103,7.227099039627228,95.19529480685868,0.0,-0.07434456457732767,0.0,0.0,-0.010710657625629498,-2.273905021720692,-0.5955041903744017,0.0,-0.05598292203497767,0.0,0.33493906455382005,1.0,-5.075925091782059
200,0.0,-0.00031501923356764324,0.0,6.1297058541667635,116.0411184533497,-116.0411184533497,0.0,0.4904662077452311,-58.30351497009527,8.208031455117757,108.43788241598092,0.0,-0.07434456457731575,0.0,0.0,-0.01071065762562958,-2.764371229465944,-0.5955041903743886,0.0,-0.05598292203493978,0.0,0.33493906455385186,1.0,-5.0759250917820244
201,0.0,-0.0003150192335676427,0.0,9.0725031006382,117.02205086883997,-117.02205086883997,0.0,0.0,-60.265379801076136,11.15082870158916,105.98555137725455,0.9809324154904444,-0.07434456457732252,0.0,0.0,-0.010710657625629562,-3.2548374372111546,-0.5955041903744068,0.0,-0.055982922034964556,0.0,0.33493906455382644,1.0,-7.037789922763018
202,0.0,-0.00031501923356764004,0.0,11.034367931619071,142.52629367159128,-142.52629367159128,0.0,0.0,-73.99843361794227,15.07455836355094,128.5469969335345,0.0,-0.07434456457731288,0.0,1.9618648309809061,-0.01071065762562947,-6.197634683682572,-0.5955041903743881,0.0,-0.05598292203496601,0.0,0.3349390645538414,1.0,-8.999654753743998
203,3.772562842513287,-0.000315019233567641,0.0,5.1487734386762805,58.654296232611806,-58.654296232611806,14.113038778826132,0.0,-27.797545936062278,0.0,58.598045792401386,0.0,-0.07434456457731538,0.0,0.0,-0.010710657625629505,-2.273905021720679,-0.5955041903743957,0.0,-0.055982922034969934,0.0,0.33493906455383443,1.0,-10.0
204,3.772562842513321,-0.0003150192335676432,0.0,19.26181221750255,58.6542962326122,-58.6542962326122,0.0,0.0,-13.684507157236256,0.0,44.485007013575554,0.0,-0.0743445645773127,0.0,0.0,-0.010710657625629578,-2.2739050217207004,-0.5955041903744129,0.0,-0.05598292203496371,0.0,0.33493906455385236,1.0,-10.0
205,4.92407490821794,-0.00031501923356764123,0.0,5.14877343867628,54.048247969793245,-54.048247969793245,11.810014647416834,0.0,-27.7975459360623,2.3030241314092805,52.8404854638782,0.0,-0.07434456457733005,0.0,0.0,-0.010710657625629512,-2.273905021720682,-0.5955041903744019,0.0,-0.055982922034978115,0.0,0.3349390645538328,1.0,-10.0
206,4.924074908217964,-0.00031501923356764216,0.0,16.958788086093193,54.04824796979342,-54.04824796979342,0.0,0.0,-15.987531288645501,2.303024131409293,41.03047081646147,0.0,-0.07434456457731774,0.0,0.0,-0.010710657625629543,-2.273905021720688,-0.5955041903744036,0.0,-0.05598292203497856,0.0,0.3349390645538401,1.0,-10.0
207,4.924074908217888,-0.00031501923356763977,0.0,11.053780762384665,130.8133431780022,-130.8133431780022,0.0,2.95250366185417,-63.227589878312564,8.208031455117675,120.74806968652457,0.0,-0.07434456457730772,0.0,0.0,-0.010710657625629465,-5.226408683574875,-0.5955041903743864,0.0,-0.055982922034935094,0.0,0.334939064553831,1.0,-10.0
208,0.9874033590789824,-0.00031501923356764004,0.0,13.022116536954107,120.97166430515499,-120.97166430515499,0.0,0.0,-63.22758987831264,14.11303877882605,105.98555137725366,1.9683357745694376,-0.07434456457730695,0.0,0.0,-0.01071065762562947,-4.242240796290149,-0.5955041903743981,0.0,-0.05598292203496638,0.0,0.3349390645538409,1.0,-10.0
209,0.20006904925119803,-0.0003150192335676423,0.0,12.23478222712644,148.52836514912858,-148.52836514912858,0.0,0.0,-77.39960745521334,16.475041708309526,133.14858506631325,0.0,-0.07434456457731001,0.0,2.3620029294833715,-0.01071065762562955,-6.99791088068746,-0.5955041903744046,0.0,-0.05598292203492926,0.0,0.3349390645538012,1.0,-10.0
