,M_ac_e,M_ca2_e,M_cit_e,M_co2_e,M_fe2_e,M_fe3_e,M_for_e,M_gly_e,M_h2_e,M_h2o_e,M_h_e,M_ile__45__L_e,M_k_e,M_leu__45__L_e,M_lys__45__L_e,M_mg2_e,M_n2_e,M_pi_e,M_pro__45__L_e,M_so4_e,M_val__45__L_e,objective,virtual_tag_R_constraint_reaction,M_mal__45__L_e
94,4.865271895840657,-0.00020848462268514947,0.0,16.12961121033314,203.84731099449778,-203.84731099449778,0.0,2.70423577202327,-95.18058908750425,0.0,188.5697915007841,0.0,-0.04920238780045387,0.0,0.0,-0.007088479609641721,-2.1045707205676925,-0.39411392451049687,0.0,-0.03705036751277892,0.0,0.2216678762918079,1.0,-10.0
95,5.141442262167086,-0.00020848462268514598,0.0,16.12961121033287,181.20134095572024,-181.20134095572024,0.0,2.4280654056967337,-83.71951888495231,0.0,166.19999182833337,0.0,-0.049202387800453044,0.0,0.0,-0.007088479609641603,-1.9664855374044108,-0.3941139245104408,0.0,-0.0370503675127783,0.0,0.2216678762918223,1.0,-10.0
146,1.5708296835414035,-0.00020848462268515335,0.0,15.452356591901703,167.32338861622313,-167.32338861622313,0.0,0.0,-85.7932466601726,8.282020970678017,148.7514269102099,0.0,-0.049202387800454786,0.0,0.0,-0.0070884796096418535,-2.019913893263796,-0.39411392451048827,0.0,-0.03705036751277961,2.5349221174153667,0.221667876291844,1.0,-10.0
147,0.3033686248337109,-0.0002084846226851432,0.0,5.312668122239719,114.09002415049375,-114.09002415049375,0.0,0.0,-57.90910336860016,4.479637794554655,106.9252119728502,0.0,-0.04920238780043496,0.0,0.0,-0.007088479609641509,-0.7524528345560224,-0.39411392451048616,0.0,-0.03705036751277781,0.0,0.22166787629182577,1.0,-3.6626947064617923
148,1.5708296835414028,-0.00020848462268515064,0.0,15.452356591901484,190.98266171209792,-190.98266171209792,0.0,0.0,-95.08796109069455,8.282020970677888,172.41070000608488,0.0,-0.04920238780045414,0.0,0.0,-0.00708847960964176,-2.0199138932637397,-0.3941139245104508,2.534922117415361,-0.037050367512779125,0.0,0.22166787629185322,1.0,-10.0
149,3.8240937879105514,-0.0002084846226851444,0.0,15.170698578854871,185.91281747726163,-185.91281747726163,0.0,0.0,-93.8205000319841,6.592072892400772,168.18582981038756,0.0,-0.049202387800452684,0.0,1.408290065230712,-0.007088479609641549,-2.16074289978672,-0.39411392451043,0.0,-0.03705036751277802,0.0,0.2216678762918196,1.0,-10.0
150,3.4720212716029257,-0.000208484622685148,0.0,14.818626062547414,148.94520326495748,-148.94520326495748,0.0,0.0,-76.12885608752434,7.648290441323947,132.27443314700622,1.584326323384583,-0.049202387800453516,0.0,0.0,-0.0070884796096416704,-1.5446159962483483,-0.39411392451045607,0.0,-0.03705036751277865,0.0,0.22166787629181323,1.0,-10.0
151,6.640673918372113,-0.0002084846226851485,0.0,13.762408513624381,164.7884664988038,-164.7884664988038,0.0,2.112435097846124,-80.08967189598603,2.3672026967086257,151.28634902762172,0.0,-0.04920238780045364,0.0,0.0,-0.007088479609641688,-1.8086703834791356,-0.39411392451046545,0.0,-0.03705036751277874,0.0,0.2216678762917951,1.0,-10.0
152,6.640673918372529,-0.00020848462268516994,0.0,0.0,866.6713006937391,-866.6713006937391,0.0,8.993639354659251,-461.9965081491115,16.129611210334687,853.1691832225555,0.0,-0.0492023878004587,0.0,0.0,-0.007088479609642416,-5.249272511885493,-0.39411392451023836,0.0,-0.03705036751278256,0.0,0.2216678762918767,1.0,-10.0
153,8.451332573668601,-0.0002084846226851431,0.0,14.365961398722954,119.7908313196785,-119.7908313196785,0.0,0.0,-55.32753098730264,1.7636498116097041,108.09937250379342,0.0,-0.04920238780043407,0.0,0.0,-0.007088479609641506,-0.7524528345560274,-0.3941139245104668,0.0,-0.037050367512777786,0.0,0.22166787629182044,1.0,-10.0
154,15.634313273033756,-0.0002084846226851926,0.0,0.0,809.3569784585727,-809.3569784585727,0.0,0.0,-428.84252735420125,16.129611210336417,804.8485003420478,0.0,-0.04920238780046404,0.0,0.0,-0.007088479609643187,-0.7524528345561635,-0.3941139245105756,0.0,-0.03705036751278658,0.0,0.2216678762919008,1.0,-10.0
155,6.880137211751468,-0.00020848462268517596,0.0,0.0,861.8820348261943,-861.8820348261943,0.0,8.754176061281026,-459.4821435686507,16.12961121033512,848.6193806483889,0.0,-0.04920238780046011,0.0,0.0,-0.007088479609642621,-5.129540865196545,-0.3941139245102707,0.0,-0.03705036751278362,0.0,0.22166787629188306,1.0,-10.0
156,6.880137211750567,-0.00020848462268514893,0.0,14.130635668726441,142.95005206488693,-142.95005206488693,0.0,1.6888582269166241,-68.2222219333588,1.998975541606629,129.68739788708328,0.0,-0.04920238780045373,0.0,0.0,-0.007088479609641701,-1.596881948014361,-0.3941139245104622,0.0,-0.03705036751277881,0.0,0.2216678762918232,1.0,-10.0
157,4.346849871375562,-0.00020848462268514644,0.0,14.97506478218464,130.2836153630104,-130.2836153630104,0.0,0.0,-65.05561275788929,6.221121108898207,114.48767384483192,1.2666436701874488,-0.04920238780043067,0.0,0.0,-0.0070884796096416175,-1.385774669649795,-0.39411392451049293,0.0,-0.037050367512778376,0.0,0.2216678762918235,1.0,-10.0
158,0.800247594850576,-0.00020848462268514972,0.0,17.508352122559884,161.18972091558757,-161.18972091558757,0.0,0.0,-78.86202876293412,6.727778576973324,141.84717712088386,0.0,-0.04920238780045393,2.026629872299966,0.0,-0.0070884796096417286,-1.7657677707060768,-0.3941139245104884,0.0,-0.03705036751277895,0.0,0.2216678762918343,1.0,-10.0
159,4.6283262425282885,-0.00020848462268514617,0.0,15.256541153337341,159.83863433405153,-159.83863433405153,0.0,0.0,-79.19980040831608,5.376691995439904,143.19826370241472,0.0,-0.049202387800453086,0.0,1.1259054846110836,-0.007088479609641608,-1.8783583191671445,-0.3941139245104475,0.0,-0.03705036751277832,0.0,0.22166787629182108,1.0,-10.0
160,2.8268774671505486,-0.00020848462268514516,0.0,15.481722250259494,144.97668193718437,-144.97668193718437,0.0,0.0,-72.78213914603248,6.7277785769731855,127.66076801478098,0.0,-0.04920238780045285,0.0,0.0,-0.007088479609641575,-1.76576777070602,-0.3941139245104542,0.0,-0.03705036751277815,2.026629872299929,0.2216678762917988,1.0,-10.0
161,1.8135625310005943,-0.00020848462268514682,0.0,7.375202761059735,102.41745461888598,-102.41745461888598,0.0,0.0,-50.489210550733304,3.687833768523263,94.2213751218324,0.0,-0.04920238780041986,0.0,0.0,-0.007088479609641631,-0.7524528345560315,-0.3941139245104797,0.0,-0.03705036751275106,0.0,0.22166787629184528,1.0,-4.933425319250057
162,2.826877467150597,-0.00020848462268515031,0.0,15.481722250259892,163.89189407865476,-163.89189407865476,0.0,0.0,-80.21311534446764,6.727778576973321,146.57598015625095,0.0,-0.049202387800454064,0.0,0.0,-0.007088479609641751,-1.7657677707060289,-0.3941139245104716,2.0266298722999827,-0.03705036751277906,0.0,0.22166787629180656,1.0,-10.0
163,8.32772997767909,-0.00020848462268514684,0.0,14.613166590702527,109.65541844852874,-109.65541844852874,0.0,0.0,-49.76541416776903,1.5164446196304322,97.84035703665377,0.0,-0.04920238780041721,0.0,0.0,-0.007088479609641632,-0.7524528345560609,-0.39411392451046556,0.0,-0.03705036751277846,0.0,0.2216678762918341,1.0,-10.0
164,2.480790198379499,-0.00020848462268514595,0.0,15.30867861587405,158.12799815048442,-158.12799815048442,0.0,0.0,-80.30953724180286,7.4199531145152715,140.46599695930996,0.0,-0.04920238780045304,0.0,0.0,-0.007088479609641602,-1.8522895878987702,-0.3941139245104591,0.0,-0.03705036751277829,2.199673506685471,0.22166787629181378,1.0,-10.0
165,1.3809534450367877,-0.00020848462268514614,0.0,6.509984589132102,111.93485451008922,-111.93485451008922,0.0,0.0,-56.11312866826255,4.1204428544870275,104.17138409899944,0.0,-0.049202387800434975,0.0,0.0,-0.007088479609641609,-0.7524528345560503,-0.39411392451047406,0.0,-0.03705036751277833,0.0,0.22166787629183407,1.0,-4.500816233286272
166,2.480790198379565,-0.00020848462268515189,0.0,15.3086786158745,178.65828421288745,-178.65828421288745,0.0,0.0,-88.37500676631885,7.419953114515452,160.99628302171243,0.0,-0.049202387800454446,0.0,0.0,-0.007088479609641803,-1.8522895878988266,-0.39411392451050953,2.199673506685539,-0.03705036751277934,0.0,0.22166787629183338,1.0,-10.0
167,4.436055537655525,-0.0002084846226851482,0.0,15.064270448464695,174.25893719951318,-174.25893719951318,0.0,0.0,-87.27517001297451,5.953504110058351,157.33016051056708,0.0,-0.04920238780045357,0.0,1.222040837047502,-0.007088479609641677,-1.9744936716035657,-0.3941139245104684,0.0,-0.03705036751277869,0.0,0.22166787629181678,1.0,-10.0
168,0.28111669169401127,-0.00020848462268514584,0.0,17.5083521225595,175.72538620396824,-175.72538620396824,0.0,0.0,-86.90855776185927,7.419953114515235,155.86371150610827,0.0,-0.04920238780045301,2.199673506685435,0.0,-0.007088479609641597,-1.8522895878987424,-0.3941139245104753,0.0,-0.03705036751277827,0.0,0.221667876291836,1.0,-10.0
169,4.130545328393637,-0.00020848462268514544,0.0,14.758760239202653,142.18036522701425,-142.18036522701425,0.0,0.0,-71.92328199756425,6.870034737843887,126.16811916585398,1.3747959416783895,-0.049202387800452926,0.0,0.0,-0.007088479609641586,-1.4398508053952563,-0.3941139245104717,0.0,-0.0370503675127782,0.0,0.2216678762918227,1.0,-10.0
170,6.880137211750704,-0.00020848462268515264,0.0,13.842229611417478,155.92832464380396,-155.92832464380396,0.0,1.8330612555712742,-75.36027185176293,2.287381598915841,142.66567046600005,0.0,-0.049202387800454626,0.0,0.0,-0.007088479609641829,-1.6689834623417112,-0.3941139245105081,0.0,-0.037050367512779486,0.0,0.22166787629181756,1.0,-10.0
171,2.925338920404919,-0.0002084846226851487,1.8576674989836073,5.312668122239868,87.87032119478478,-87.87032119478478,8.959275589109593,0.0,-42.94158439176209,0.0,85.18514681169589,0.0,-0.04920238780045111,0.0,0.0,-0.007088479609641695,-0.7524528345560368,-0.39411392451049915,0.0,-0.03705036751275574,0.0,0.22166787629184379,1.0,-10.0
172,6.640673918372081,-0.00020848462268514682,0.0,5.312668122239831,50.71697121511214,-50.71697121511214,12.67461058707671,0.0,-26.222576900909385,-1.8576674989835884,49.88946433100686,0.0,-0.04920238780043717,0.0,0.0,-0.0070884796096416305,-0.7524528345560433,-0.394113924510489,0.0,-0.03705036751275941,0.0,0.2216678762918433,1.0,-10.0
173,5.711840168880269,-0.00020848462268514682,0.0,7.170335621223424,72.08014745342345,-72.08014745342345,10.352526213347197,0.0,-37.13637345743798,0.0,68.00172244609688,0.0,-0.04920238780043738,0.0,0.0,-0.007088479609641631,-0.9846612719289971,-0.3941139245104782,0.0,-0.03705036751275866,0.4644168747458727,0.22166787629182785,1.0,-10.0
174,4.783006419388434,-0.00020848462268514449,0.0,5.312668122239779,69.2936462049473,-69.2936462049473,8.959275589109424,0.0,-35.51091439582693,0.0,66.60847182185844,0.0,-0.04920238780042727,0.0,0.0,-0.0070884796096415525,-0.7524528345560402,-0.39411392451048405,0.0,-0.0370503675127597,0.0,0.2216678762918245,1.0,-8.142332501016455
175,5.71184016888033,-0.00020848462268514828,0.0,7.170335621223472,76.41470495105239,-76.41470495105239,10.352526213347273,0.0,-38.83923533150655,0.0,72.33627994372578,0.0,-0.0492023878004372,0.0,0.0,-0.007088479609641682,-0.9846612719289946,-0.3941139245105002,0.46441687474588866,-0.03705036751277716,0.0,0.22166787629185367,1.0,-10.0
176,6.021451418710885,-0.00020848462268514758,0.0,7.4799468710540555,80.43965119884992,-80.43965119884992,9.888109338601334,0.0,-41.083916892778255,0.0,75.89680931677744,0.0,-0.0492023878004382,0.0,0.3096112498305978,-0.007088479609641657,-1.0620640843866629,-0.3941139245104782,0.0,-0.037050367512753146,0.0,0.22166787629185175,1.0,-10.0
177,5.247423294134308,-0.00020848462268514424,0.0,7.634752495969224,75.7954824513897,-75.7954824513897,10.352526213347089,0.0,-38.52962408167521,0.0,71.2526405693173,0.0,-0.04920238780044758,0.4644168747458881,0.0,-0.007088479609641543,-0.9846612719289826,-0.3941139245104732,0.0,-0.03705036751274988,0.0,0.22166787629184118,1.0,-10.0
178,6.021451418710788,-0.00020848462268514365,0.0,7.170335621223321,69.9128687046082,-69.9128687046082,10.197720588431743,0.0,-35.97533127057269,0.0,65.98924932219701,0.309611249830593,-0.04920238780043666,0.0,0.0,-0.007088479609641524,-0.9072584594713441,-0.394113924510485,0.0,-0.03705036751277426,0.0,0.2216678762918222,1.0,-10.0
179,6.64067391837207,-0.00020848462268514717,0.0,9.028003120207039,100.8739936876693,-100.8739936876693,7.101608090125925,0.9288337494917824,-49.907837512950266,0.0,94.4734843066132,0.0,-0.04920238780043779,0.0,0.0,-0.0070884796096416436,-1.216869709301947,-0.39411392451049887,0.0,-0.037050367512778515,0.0,0.2216678762918389,1.0,-10.0
188,6.88013721175051,-0.00020848462268514587,0.0,10.132684585513026,88.97771244150627,-88.97771244150627,5.996926624819835,0.6893704561133235,-42.73528377787347,0.0,81.71198488852264,0.0,-0.04920238780043319,0.0,0.0,-0.007088479609641597,-1.0971380626126992,-0.3941139245104843,0.0,-0.03705036751277255,0.0,0.22166787629182905,1.0,-10.0
189,6.4205569076749915,-0.00020848462268514714,0.0,8.753943673286432,65.99869723772886,-65.99869723772886,8.294828145197657,0.0,-32.39472693617364,0.0,60.57129090104744,0.22979015203776543,-0.04920238780043779,0.0,0.0,-0.007088479609641643,-0.8673479105749403,-0.3941139245104921,0.0,-0.037050367512769834,0.0,0.22166787629183884,1.0,-10.0
190,6.190766755637201,-0.00020848462268514741,0.0,8.753943673286443,67.60722830199342,-67.60722830199342,8.409723221216572,0.0,-33.25644000631535,0.0,62.06492688929307,0.0,-0.04920238780044246,0.0,0.0,-0.0070884796096416505,-0.9247954485843941,-0.3941139245104927,0.0,-0.0370503675127605,0.34468522805665175,0.22166787629185125,1.0,-10.0
191,5.846081527580489,-0.00020848462268514533,0.0,9.098628901343021,70.36471012644606,-70.36471012644606,8.40972322121649,0.0,-34.290495690485024,0.0,64.47772348568914,0.0,-0.04920238780044763,0.3446852280566434,0.0,-0.007088479609641581,-0.9247954485843898,-0.39411392451049526,0.0,-0.037050367512756796,0.0,0.22166787629184376,1.0,-10.0
192,6.4205569076750235,-0.00020848462268514853,0.0,8.983733825324272,73.81156240701385,-73.81156240701385,8.06503799315995,0.0,-36.186264444797246,0.0,67.92457576625682,0.0,-0.049202387800447146,0.0,0.2297901520377613,-0.007088479609641689,-0.9822429865938261,-0.3941139245104844,0.0,-0.03705036751276499,0.0,0.22166787629183585,1.0,-10.0
193,5.501396299523815,-0.00020848462268514516,0.0,7.3752027610596675,65.53911693365268,-65.53911693365268,7.375667537046477,0.0,-32.05004170811667,0.0,61.0308712051224,0.0,-0.049202387800428626,0.0,0.0,-0.007088479609641576,-0.7524528345560342,-0.39411392451047317,0.0,-0.03705036751277353,0.0,0.2216678762918434,1.0,-8.62125908777335
194,4.122655387297159,-0.00020848462268514533,1.378740912226661,7.375202761059686,79.32652605591939,-79.32652605591939,7.3756675370464935,0.0,-37.56500535702335,0.0,74.81828032738912,0.0,-0.049202387800448506,0.0,0.0,-0.007088479609641581,-0.7524528345560502,-0.39411392451049354,0.0,-0.03705036751277718,0.0,0.2216678762918265,1.0,-10.0
195,6.880137211750471,-0.00020848462268514462,0.0,7.375202761059654,51.751707811385906,-51.751707811385906,10.133149361499788,0.0,-25.1563371469833,-1.3787409122266556,48.62220299508232,0.0,-0.049202387800434094,0.0,0.0,-0.007088479609641556,-0.7524528345560487,-0.39411392451048655,0.0,-0.03705036751277394,0.0,0.2216678762918386,1.0,-10.0
196,6.1907667556372346,-0.00020848462268514812,0.0,8.753943673286466,70.82429043052257,-70.82429043052257,8.409723221216598,0.0,-34.52028584252326,0.0,65.28198901782221,0.0,-0.049202387800451095,0.0,0.0,-0.007088479609641676,-0.9247954485843832,-0.39411392451047667,0.3446852280566618,-0.037050367512776454,0.0,0.22166787629183768,1.0,-10.0
197,7.569507667863825,-0.00020848462268514533,0.0,10.822055041626353,79.32652605591939,-79.32652605591939,5.307556168706487,0.0,-36.87563490091001,0.0,72.0607985029358,0.0,-0.049202387800448506,0.0,0.0,-0.007088479609641581,-0.7524528345560502,-0.39411392451049354,0.0,-0.03705036751277718,0.0,0.2216678762918265,1.0,-10.0
198,7.569507667863824,-0.00020848462268514568,0.0,9.956836869698767,84.51783508748511,-84.51783508748511,6.1727743406341045,0.0,-40.33650758862049,0.0,78.11732570642909,0.0,-0.049202387800441415,0.0,0.0,-0.007088479609641593,-0.7524528345560468,-0.39411392451049104,0.0,-0.03705036751276134,0.0,0.22166787629184945,1.0,-10.0
199,4.122655387297157,-0.00020848462268514568,1.3787409122266479,6.509984589132099,84.51783508748511,-84.51783508748511,8.240885708974092,0.0,-41.025878044733794,0.0,80.87480753088242,0.0,-0.049202387800441415,0.0,0.0,-0.007088479609641593,-0.7524528345560468,-0.39411392451049104,0.0,-0.03705036751276134,0.0,0.22166787629184945,1.0,-10.0
200,6.880137211750537,-0.00020848462268514712,0.0,6.509984589132134,56.94301684295214,-56.94301684295214,10.998367533427496,0.0,-28.617209834693988,-1.3787409122266747,54.67873019857611,0.0,-0.04920238780044755,0.0,0.0,-0.00708847960964164,-0.752452834556063,-0.3941139245104917,0.0,-0.03705036751276525,0.0,0.22166787629183937,1.0,-10.0
201,6.190766755637212,-0.0002084846226851475,0.0,7.888725501358833,72.79853733355907,-72.79853733355907,9.27494139314418,0.0,-36.71731269402579,0.0,68.12145409278634,0.0,-0.04920238780044483,0.0,0.0,-0.007088479609641655,-0.9247954485843946,-0.39411392451048866,0.0,-0.03705036751276304,0.3446852280566539,0.22166787629183246,1.0,-10.0
202,5.501396299523764,-0.00020848462268514294,0.0,6.5099845891319985,70.73042596521749,-70.73042596521749,8.240885708973977,0.0,-35.51091439582666,0.0,67.08739840861485,0.0,-0.04920238780043335,0.0,0.0,-0.007088479609641499,-0.7524528345560416,-0.39411392451048244,0.0,-0.03705036751277128,0.0,0.22166787629183718,1.0,-8.62125908777336
203,6.190766755637177,-0.00020848462268514584,0.0,7.888725501358766,76.01559946208737,-76.01559946208737,9.274941393144099,0.0,-37.98115853023329,0.0,71.33851622131468,0.0,-0.049202387800427363,0.0,0.0,-0.007088479609641598,-0.9247954485843898,-0.39411392451049176,0.34468522805663837,-0.03705036751276886,0.0,0.22166787629182505,1.0,-10.0
204,6.420556907674918,-0.0002084846226851447,0.0,8.118515653396514,79.00287143857807,-79.00287143857807,8.930256165087377,0.0,-39.647137132506955,0.0,73.98110296974872,0.0,-0.0492023878004275,0.0,0.22979015203777559,-0.0070884796096415586,-0.9822429865938107,-0.39411392451048527,0.0,-0.03705036751277016,0.0,0.22166787629183302,1.0,-10.0
205,5.846081527580473,-0.00020848462268514535,0.0,8.233410729415422,75.55601915801165,-75.55601915801165,9.274941393144076,0.0,-37.751368378195416,0.0,70.53425068918229,0.0,-0.04920238780043149,0.34468522805666274,0.0,-0.00708847960964158,-0.9247954485843621,-0.3941139245104786,0.0,-0.03705036751275533,0.0,0.22166787629182944,1.0,-10.0
206,6.420556907674878,-0.0002084846226851433,0.0,7.888725501358659,71.19000626929316,-71.19000626929316,9.160046317125095,0.0,-35.855599623883386,0.0,66.62781810453943,0.2297901520377654,-0.0492023878004433,0.0,0.0,-0.007088479609641511,-0.8673479105749219,-0.3941139245104735,0.0,-0.03705036751275212,0.0,0.22166787629182158,1.0,-10.0
207,6.880137211750592,-0.00020848462268514893,0.0,9.267466413585579,94.16902147307323,-94.16902147307323,6.86214479674753,0.6893704561133339,-46.19615646558452,0.0,87.76851209201712,0.0,-0.04920238780043574,0.0,0.0,-0.007088479609641702,-1.0971380626127412,-0.3941139245105032,0.0,-0.03705036751275098,0.0,0.2216678762918442,1.0,-10.0
208,2.9253389204049327,-0.00020848462268515096,1.8576674989836208,0.0,130.37166617270535,-130.37166617270535,14.27194371134965,0.0,-69.50492500296232,0.0,132.9991599118564,0.0,-0.04920238780041067,0.0,0.0,-0.007088479609641773,-0.7524528345560536,-0.39411392451048816,0.0,-0.03705036751277918,0.0,0.22166787629180915,1.0,-10.0
209,6.640673918372167,-0.00020848462268514988,0.0,0.0,93.21831619303234,-93.21831619303234,17.987278709316822,0.0,-52.78591751210939,-1.8576674989835882,97.70347743116695,0.0,-0.04920238780044029,0.0,0.0,-0.0070884796096417355,-0.7524528345560374,-0.3941139245104709,0.0,-0.03705036751276776,0.0,0.2216678762918502,1.0,-10.0
210,5.711840168880212,-0.00020848462268514533,0.0,0.0,129.44283242321004,-129.44283242321004,17.522861834570516,0.0,-72.98805156355463,0.0,132.53474303710692,0.0,-0.0492023878004129,0.0,0.0,-0.007088479609641579,-0.9846612719289812,-0.394113924510461,0.0,-0.037050367512778175,0.4644168747458596,0.2216678762918152,1.0,-10.0
211,4.783006419388533,-0.00020848462268514958,0.0,0.0,111.79499118286836,-111.79499118286836,14.271943711349568,0.0,-62.074255007027396,0.0,114.42248492201936,0.0,-0.04920238780041528,0.0,0.0,-0.007088479609641725,-0.7524528345560703,-0.39411392451046995,0.0,-0.037050367512778945,0.0,0.22166787629185009,1.0,-8.142332501016408
212,5.711840168880275,-0.0002084846226851481,0.0,0.0,133.77738992084016,-133.77738992084016,17.52286183457073,0.0,-74.6909134376239,0.0,136.86930053473708,0.0,-0.04920238780045354,0.0,0.0,-0.007088479609641674,-0.9846612719289722,-0.3941139245104745,0.46441687474585747,-0.03705036751277866,0.0,0.22166787629182738,1.0,-10.0
213,6.021451418710975,-0.0002084846226851512,0.0,0.0,140.2792261672849,-140.2792261672849,17.36805620965573,0.0,-78.48365124804995,0.0,143.21633115626648,0.0,-0.04920238780045427,0.0,0.30961124983057714,-0.00708847960964178,-1.0620640843866673,-0.39411392451048866,0.0,-0.03705036751277922,0.0,0.2216678762918339,1.0,-10.0
214,5.247423294134452,-0.00020848462268514945,0.0,0.0,136.8735024191471,-136.8735024191471,17.987278709316772,0.0,-76.70338656152335,0.0,139.965413033044,0.0,-0.04920238780045388,0.4644168747458856,0.0,-0.007088479609641721,-0.9846612719289912,-0.3941139245104994,0.0,-0.03705036751277891,0.0,0.22166787629181361,1.0,-10.0
215,6.021451418710963,-0.00020848462268515026,0.0,0.0,127.27555367439886,-127.27555367439886,17.368056209655606,0.0,-71.82700937669162,0.0,130.52226991321112,0.3096112498305656,-0.04920238780040983,0.0,0.0,-0.007088479609641747,-0.9072584594713704,-0.3941139245104777,0.0,-0.03705036751277905,0.0,0.22166787629180867,1.0,-10.0
216,6.640673918372245,-0.00020848462268515208,0.0,0.0,173.09801864932976,-173.09801864932976,16.129611210333323,0.9288337494917815,-95.04785311398774,0.0,175.72551238848084,0.0,-0.049202387800454495,0.0,0.0,-0.007088479609641812,-1.2168697093019307,-0.3941139245104894,0.0,-0.03705036751277939,0.0,0.22166787629180784,1.0,-10.0
217,6.8801372117507675,-0.0002084846226851543,0.0,0.0,168.30875278176222,-168.30875278176222,16.12961121033351,0.6893704561133536,-92.5334885335148,0.0,171.17570981429182,0.0,-0.04920238780045501,0.0,0.0,-0.007088479609641885,-1.097138062612714,-0.3941139245104659,0.0,-0.03705036751277977,0.0,0.22166787629184323,1.0,-10.0
218,6.420556907675077,-0.00020848462268514988,0.0,0.0,134.29981028016687,-134.29981028016687,17.048771818484326,0.0,-75.29922713067918,0.0,137.62634761677194,0.22979015203777894,-0.04920238780045396,0.0,0.0,-0.007088479609641735,-0.8673479105749186,-0.39411392451047134,0.0,-0.03705036751277899,0.0,0.22166787629184664,1.0,-10.0
219,6.190766755637261,-0.00020848462268514942,0.0,0.0,135.90834134443108,-135.90834134443108,17.163666894503155,0.0,-76.16094020082072,0.0,139.11998360501718,0.0,-0.049202387800453856,0.0,0.0,-0.007088479609641719,-0.9247954485843937,-0.39411392451049815,0.0,-0.0370503675127789,0.3446852280566387,0.22166787629181148,1.0,-10.0
220,5.846081527580652,-0.00020848462268515178,0.0,0.0,141.42330499333943,-141.42330499333943,17.508352122560026,0.0,-78.918422025275,0.0,144.6349472539256,0.0,-0.04920238780045441,0.34468522805663077,0.0,-0.007088479609641799,-0.924795448584394,-0.39411392451047816,0.0,-0.03705036751277932,0.0,0.22166787629185203,1.0,-10.0
221,6.420556907674993,-0.0002084846226851475,0.0,0.0,143.9509966657521,-143.9509966657521,17.04877181848411,0.0,-80.23971539949059,0.0,147.04774385031934,0.0,-0.04920238780045341,0.0,0.22979015203776063,-0.007088479609641654,-0.9822429865938227,-0.3941139245104978,0.0,-0.03705036751277856,0.0,0.22166787629183918,1.0,-10.0
222,4.122655387297145,-0.0002084846226851465,1.378740912226657,0.0,136.59771180054247,-136.59771180054247,14.750870298106246,0.0,-73.5758009903946,0.0,139.4646688330719,0.0,-0.04920238780045316,0.0,0.0,-0.007088479609641619,-0.7524528345560546,-0.394113924510464,0.0,-0.03705036751277838,0.0,0.22166787629182558,1.0,-10.0
223,5.501396299523861,-0.00020848462268514655,0.0,0.0,122.81030267827582,-122.81030267827582,14.750870298106271,0.0,-68.06083734148794,0.0,125.67725971080522,0.0,-0.0492023878004418,0.0,0.0,-0.007088479609641622,-0.7524528345560458,-0.3941139245104953,0.0,-0.03705036751277839,0.0,0.22166787629182133,1.0,-8.621259087773339
224,6.880137211750502,-0.00020848462268514663,0.0,0.0,109.02289355600915,-109.02289355600915,17.508352122559593,0.0,-61.16713278035463,-1.3787409122266572,113.26859150076523,0.0,-0.049202387800450026,0.0,0.0,-0.007088479609641626,-0.7524528345560465,-0.39411392451047156,0.0,-0.03705036751277842,0.0,0.2216678762918416,1.0,-10.0
225,6.190766755637357,-0.00020848462268515224,0.0,0.0,139.12540347296186,-139.12540347296186,17.163666894503393,0.0,-77.42478603702955,0.0,142.33704573354805,0.0,-0.04920238780045453,0.0,0.0,-0.007088479609641815,-0.9247954485844061,-0.39411392451049615,0.3446852280566714,-0.03705036751277941,0.0,0.22166787629180604,1.0,-10.0
226,7.569507667863764,-0.0002084846226851439,0.0,0.0,164.1725300450739,-164.1725300450739,16.129611210332712,0.0,-90.12069193711358,0.0,167.72885753371662,0.0,-0.04920238780045255,0.0,0.0,-0.007088479609641532,-0.7524528345560492,-0.3941139245104579,0.0,-0.037050367512777925,0.0,0.22166787629179727,1.0,-10.0
253,1.1474865421367915,-0.00020848462268514652,0.0,28.973653461787062,66.06163192821678,-66.06163192821678,0.0,0.0,0.7524528345560463,-12.84404225145412,47.06632708079955,0.0,-0.04920238780043372,0.0,0.0,-0.007088479609641621,-0.7524528345560463,-0.3941139245104809,0.0,-0.03705036751276621,0.0,0.2216678762918363,1.0,-10.0
254,1.523712959414814,-0.00020848462268514365,0.0,28.22120062723062,64.55672625910377,-64.55672625910377,0.0,0.0,0.0,-12.091589416897888,45.93764782896482,0.0,-0.049202387800446154,0.0,0.0,-0.007088479609641523,-0.7524528345560504,-0.39411392451047567,0.0,-0.03705036751276853,0.0,0.221667876291844,1.0,-10.0
255,6.64067391837204,-0.00020848462268514595,0.0,16.129611210332886,94.24590489583237,-94.24590489583237,0.0,0.9288337494917654,-39.492185026905894,0.0,80.74378742465044,0.0,-0.04920238780042637,0.0,0.0,-0.007088479609641601,-1.2168697093019263,-0.39411392451048693,0.0,-0.03705036751277092,0.0,0.22166787629182014,1.0,-10.0
256,6.021451418710836,-0.0002084846226851452,0.0,17.36805620965522,63.28477991277242,-63.28477991277242,0.0,0.0,-22.463566286222964,0.0,49.163439941929326,0.3096112498305958,-0.049202387800452135,0.0,0.0,-0.007088479609641577,-0.9072584594713411,-0.3941139245104846,0.0,-0.03705036751276836,0.0,0.2216678762918382,1.0,-10.0
257,6.640673918372055,-0.00020848462268514603,0.0,17.987278709316495,44.08888242327563,-44.08888242327563,0.0,0.0,-10.233921917914447,-1.8576674989835777,30.58676495209368,0.0,-0.049202387800445085,0.0,0.0,-0.0070884796096416045,-0.7524528345560588,-0.3941139245104879,0.0,-0.037050367512765935,0.0,0.2216678762918471,1.0,-10.0
258,5.247423294134386,-0.0002084846226851472,0.0,17.98727870931658,69.16739365955439,-69.16739365955439,0.0,0.0,-24.863053472410325,0.0,54.2720255641347,0.0,-0.049202387800439645,0.4644168747458985,0.0,-0.007088479609641645,-0.9846612719290064,-0.3941139245104919,0.0,-0.03705036751275673,0.0,0.22166787629184562,1.0,-10.0
259,6.0214514187108295,-0.00020848462268514522,0.0,17.368056209655215,73.81156240701269,-73.81156240701269,0.0,0.0,-27.88176315825839,0.0,59.38061118633901,0.0,-0.04920238780043981,0.0,0.3096112498305713,-0.007088479609641576,-1.062064084386629,-0.3941139245104926,0.0,-0.037050367512770424,0.0,0.22166787629184437,1.0,-10.0
260,4.783006419388398,-0.00020848462268514324,0.0,14.271943711349122,62.665557413110626,-62.665557413110626,0.0,0.0,-23.237594410799222,0.0,51.021107440912424,0.0,-0.049202387800433844,0.0,0.0,-0.007088479609641508,-0.7524528345560392,-0.3941139245104834,0.0,-0.037050367512769085,0.0,0.22166787629184204,1.0,-8.142332501016442
261,2.9253389204048434,-0.0002084846226851445,1.857667498983561,14.271943711349211,81.24223240294671,-81.24223240294671,0.0,0.0,-30.668264406733655,0.0,69.59778243074845,0.0,-0.04920238780043104,0.0,0.0,-0.0070884796096415525,-0.7524528345560295,-0.3941139245104831,0.0,-0.037050367512763326,0.0,0.22166787629182644,1.0,-10.0
262,5.711840168880269,-0.0002084846226851466,0.0,17.52286183457063,69.78661615921538,-69.78661615921538,0.0,0.0,-25.172664722240828,0.0,55.355664938541615,0.0,-0.04920238780042955,0.0,0.0,-0.007088479609641624,-0.9846612719289998,-0.39411392451048755,0.4644168747458942,-0.03705036751276546,0.0,0.2216678762918455,1.0,-10.0
263,5.711840168880182,-0.00020848462268514302,0.0,17.522861834570342,65.45205866158591,-65.45205866158591,0.0,0.0,-23.46980284817214,0.0,51.02110744091238,0.0,-0.049202387800449235,0.0,0.0,-0.007088479609641503,-0.9846612719289802,-0.39411392451048716,0.0,-0.0370503675127638,0.46441687474587046,0.22166787629183574,1.0,-10.0
264,6.880137211750459,-0.0002084846226851448,0.0,16.12961121033281,88.97771244150583,-88.97771244150583,0.0,0.6893704561133143,-36.73835715305344,0.0,75.71505826370242,0.0,-0.04920238780042415,0.0,0.0,-0.007088479609641563,-1.0971380626126923,-0.394113924510477,0.0,-0.037050367512775656,0.0,0.2216678762918498,1.0,-10.0
265,6.420556907674972,-0.00020848462268514665,0.0,17.048771818484052,65.9986972377287,-65.9986972377287,0.0,0.0,-24.099898790975907,0.0,52.276462755849614,0.22979015203777264,-0.049202387800434975,0.0,0.0,-0.007088479609641625,-0.8673479105749357,-0.3941139245104868,0.0,-0.03705036751277727,0.0,0.22166787629183377,1.0,-10.0
266,6.880137211750421,-0.0002084846226851435,0.0,17.508352122559362,51.75170781138564,-51.75170781138564,0.0,0.0,-15.023187785483417,-1.3787409122266439,38.48905363358232,0.0,-0.04920238780043937,0.0,0.0,-0.00708847960964152,-0.7524528345560473,-0.39411392451048255,0.0,-0.037050367512773796,0.0,0.22166787629184587,1.0,-10.0
267,5.846081527580488,-0.000208484622685145,0.0,17.508352122559486,70.36471012644596,-70.36471012644596,0.0,0.0,-25.880772469268503,0.0,56.06800026447254,0.0,-0.04920238780044837,0.3446852280566647,0.0,-0.00708847960964157,-0.9247954485843713,-0.39411392451048133,0.0,-0.03705036751277396,0.0,0.22166787629182957,1.0,-10.0
268,7.569507667863747,-0.00020848462268514365,0.0,16.129611210332705,79.32652605591872,-79.32652605591872,0.0,0.0,-31.56807873220327,0.0,66.75324233422873,0.0,-0.04920238780044817,0.0,0.0,-0.007088479609641523,-0.7524528345560402,-0.394113924510484,0.0,-0.037050367512749996,0.0,0.2216678762918445,1.0,-10.0
269,6.420556907674927,-0.00020848462268514552,0.0,17.048771818483967,73.8115624070128,-73.8115624070128,0.0,0.0,-28.121226451636893,0.0,59.859537773095994,0.0,-0.049202387800435926,0.0,0.22979015203776884,-0.007088479609641587,-0.9822429865938141,-0.39411392451047883,0.0,-0.037050367512756456,0.0,0.22166787629184218,1.0,-10.0
270,5.501396299523848,-0.00020848462268514657,0.0,14.750870298106273,65.53911693365312,-65.53911693365312,0.0,0.0,-24.674374171070344,0.0,53.65520366807629,0.0,-0.04920238780045206,0.0,0.0,-0.007088479609641624,-0.7524528345560493,-0.3941139245104883,0.0,-0.03705036751276667,0.0,0.22166787629183646,1.0,-8.62125908777333
271,4.122655387297137,-0.000208484622685144,1.3787409122266518,14.750870298106086,79.32652605591888,-79.32652605591888,0.0,0.0,-30.189337819976675,0.0,67.44261279034218,0.0,-0.04920238780042991,0.0,0.0,-0.007088479609641535,-0.7524528345560515,-0.3941139245104898,0.0,-0.03705036751277281,0.0,0.22166787629183587,1.0,-10.0
272,6.190766755637145,-0.00020848462268514538,0.0,17.163666894502846,70.82429043052163,-70.82429043052163,0.0,0.0,-26.110562621306325,0.0,56.87226579660487,0.0,-0.04920238780043106,0.0,0.0,-0.007088479609641582,-0.9247954485843789,-0.3941139245104877,0.3446852280566433,-0.03705036751276919,0.0,0.2216678762918481,1.0,-10.0
273,6.190766755637133,-0.0002084846226851447,0.0,17.163666894502786,67.60722830199254,-67.60722830199254,0.0,0.0,-24.84671678509846,0.0,53.6552036680758,0.0,-0.0492023878004346,0.0,0.0,-0.007088479609641559,-0.9247954485843659,-0.39411392451047383,0.0,-0.03705036751276044,0.3446852280566433,0.22166787629183457,1.0,-10.0
274,6.640673918371979,-0.00020848462268514373,0.0,14.13063566872612,148.21824451920943,-148.21824451920943,0.0,1.9283215202950275,-70.97604980720931,1.998975541606552,134.71612704802763,0.0,-0.04920238780045252,0.0,0.0,-0.007088479609641526,-1.7166135947035495,-0.3941139245104862,0.0,-0.03705036751277789,0.0,0.22166787629184112,1.0,-10.0
275,3.74819163792933,-0.00020848462268514386,0.0,15.094796428873645,133.75583311699646,-133.75583311699646,0.0,0.0,-67.36044695665612,6.819779342344296,117.36123336537202,1.446241140221274,-0.04920238780043845,0.0,0.0,-0.007088479609641531,-1.4755734046666966,-0.3941139245104778,0.0,-0.037050367512777925,0.0,0.22166787629182585,1.0,-10.0
276,4.069578557978524,-0.0002084846226851441,0.0,15.416183348922843,167.50145972216052,-167.50145972216052,0.0,0.0,-83.51013968912751,5.855618582196761,150.1426992103885,0.0,-0.04920238780045261,0.0,1.2855476801967154,-0.007088479609641539,-2.0380005147527553,-0.3941139245104384,0.0,-0.03705036751277796,0.0,0.22166787629181472,1.0,-10.0
277,0.8557093574867375,-0.00020848462268514527,0.0,6.417349587545851,101.93852803212829,-101.93852803212829,0.0,0.0,-50.72867384411139,3.927297061901686,94.22137512183168,0.0,-0.049202387800421306,0.0,0.0,-0.007088479609641579,-0.7524528345560417,-0.39411392451047567,0.0,-0.03705036751277556,0.0,0.22166787629182785,1.0,-4.215035439114726
278,2.0127022696638224,-0.00020848462268514825,0.0,15.673292884962537,172.12943137087214,-172.12943137087214,0.0,0.0,-84.66713260130624,7.398275798432968,153.99934225098178,0.0,-0.049202387800453586,0.0,0.0,-0.007088479609641682,-1.9094457467330925,-0.39411392451046356,2.313985824354129,-0.0370503675127787,0.0,0.2216678762918223,1.0,-10.0
279,2.012702269663778,-0.00020848462268514525,0.0,15.673292884962294,150.53223034356463,-150.53223034356463,0.0,0.0,-76.18251791200663,7.398275798432824,132.4021412236745,0.0,-0.049202387800452885,0.0,0.0,-0.007088479609641578,-1.9094457467330903,-0.39411392451048416,0.0,-0.03705036751277817,2.3139858243540594,0.22166787629184706,1.0,-10.0
280,6.6406739183719665,-0.00020848462268514392,0.0,10.13268458551294,94.24590489583144,-94.24590489583144,5.99692662481976,0.9288337494917539,-45.489111651725295,0.0,86.74071404946945,0.0,-0.049202387800423755,0.0,0.0,-0.007088479609641532,-1.2168697093019174,-0.3941139245104874,0.0,-0.037050367512752425,0.0,0.22166787629182028,1.0,-10.0
281,6.021451418710833,-0.00020848462268514533,0.0,8.275017086529443,63.28477991277245,-63.28477991277245,9.093039123125777,0.0,-31.55660540934875,0.0,58.256479065055146,0.30961124983058186,-0.04920238780044913,0.0,0.0,-0.007088479609641579,-0.9072584594713496,-0.39411392451048505,0.0,-0.037050367512756706,0.0,0.2216678762918477,1.0,-10.0
282,5.247423294134355,-0.0002084846226851456,0.0,8.739433961275342,69.16739365955385,-69.16739365955385,9.247844748041095,0.0,-34.11089822045123,0.0,63.51987031217537,0.0,-0.04920238780044009,0.4644168747458857,0.0,-0.007088479609641589,-0.9846612719289921,-0.3941139245104865,0.0,-0.037050367512777384,0.0,0.22166787629183712,1.0,-10.0
283,6.0214514187108374,-0.000208484622685145,0.0,8.584628336360005,73.81156240701262,-73.81156240701262,8.783427873295173,0.0,-36.66519103155356,0.0,68.16403905963413,0.0,-0.04920238780042767,0.0,0.3096112498305876,-0.00708847960964157,-1.0620640843866374,-0.39411392451049326,0.0,-0.0370503675127738,0.0,0.22166787629183013,1.0,-10.0
284,4.783006419388485,-0.00020848462268514695,0.0,6.4173495875459095,62.66555741311173,-62.66555741311173,7.854594123803464,0.0,-31.09218853460311,0.0,58.875701564716806,0.0,-0.04920238780044496,0.0,0.0,-0.007088479609641636,-0.752452834556062,-0.3941139245104953,0.0,-0.037050367512771264,0.0,0.22166787629183488,1.0,-8.142332501016417
285,2.9253389204048497,-0.0002084846226851432,1.8576674989835529,6.4173495875457975,81.24223240294621,-81.24223240294621,7.854594123803315,0.0,-38.5228585305368,0.0,77.45237655455135,0.0,-0.049202387800445654,0.0,0.0,-0.007088479609641508,-0.7524528345560425,-0.394113924510487,0.0,-0.03705036751275932,0.0,0.22166787629182444,1.0,-10.0
286,6.640673918372023,-0.00020848462268514503,0.0,6.417349587545856,44.0888824232754,-44.0888824232754,11.569929121770548,0.0,-21.80385103968494,-1.8576674989835742,42.15669407386408,0.0,-0.04920238780044506,0.0,0.0,-0.007088479609641571,-0.7524528345560476,-0.3941139245104797,0.0,-0.03705036751277152,0.0,0.22166787629183535,1.0,-10.0
287,5.711840168880224,-0.0002084846226851445,0.0,8.275017086529399,69.78661615921469,-69.78661615921469,9.247844748041059,0.0,-34.42050947028165,0.0,64.60350968658214,0.0,-0.04920238780044697,0.0,0.0,-0.0070884796096415525,-0.984661271928999,-0.39411392451049465,0.46441687474587967,-0.03705036751275546,0.0,0.22166787629182422,1.0,-10.0
288,5.711840168880292,-0.00020848462268514725,0.0,8.275017086529498,65.4520586615872,-65.4520586615872,9.247844748041178,0.0,-32.71764759621381,0.0,60.268952188954586,0.0,-0.049202387800449957,0.0,0.0,-0.007088479609641645,-0.984661271929008,-0.3941139245104941,0.0,-0.0370503675127538,0.464416874745892,0.2216678762918503,1.0,-10.0
