M_ac_e,M_ca2_e,M_cd2_e,M_cit_e,M_cl_e,M_co2_e,M_cobalt2_e,M_cu2_e,M_fe2_e,M_fe3_e,M_for_e,M_fum_e,M_gln__45__L_e,M_gly_e,M_h2_e,M_h2o_e,M_h2s_e,M_h_e,M_ile__45__L_e,M_k_e,M_leu__45__L_e,M_lys__45__L_e,M_mal__45__L_e,M_mg2_e,M_mn2_e,M_mobd_e,M_n2_e,M_na1_e,M_nh4_e,M_ni2_e,M_oxa_e,M_pi_e,M_pro__45__L_e,M_s_e,M_so4_e,M_ss_e,M_succ_e,M_ura_e,M_val__45__L_e,M_zn2_e,M_fixed_uptake,objective,virtual_tag_R_constraint_reaction
0.0,-3.741749864498477e-07,0.0,0.0,0.0,0.0,0.0,0.0,0.279150798591827,-0.279150798591827,0.016961059201662194,0.0,0.0,0.0,-0.13008769179231688,-0.005960021513463888,0.0,0.2849783932388299,0.0,-8.83053270376586e-05,0.0,0.0,0.0,-1.272195391548482e-05,0.0,0.0,-0.0013504546548709212,0.0,0.0,0.0,0.0,-0.000707330691655461,0.0,0.0,-6.649565125477921e-05,0.0,0.0,0.0,0.0,0.0,0.0,0.00039783545443123665,0.0010877191619210686
0.0,-5.064773943055526e-07,0.0,0.0,0.0,0.011786143974238996,0.0,0.0,0.283564991879727,-0.283564991879727,0.011172079798614655,0.0,0.0,0.0,-0.11715393986334217,-0.008067391662881304,0.0,0.2796669886384833,0.0,-0.0001195287059824017,0.0,0.0,0.0,-1.7220237329930947e-05,0.0,0.0,-0.0018279542446606185,0.0,0.0,0.0,0.0,-0.0009574317327329404,0.0,0.0,-9.000747083526762e-05,0.0,0.0,0.0,0.0,0.0,0.0,0.0005385038327507371,0.0014723196012992774
0.0,-5.180528498626839e-07,0.0,0.0,0.0,0.023482930111065888,0.0,0.0,0.2900458220173932,-0.2900458220173932,0.0,0.0,0.0,0.0,-0.10840405762938575,-0.00825177054080476,0.0,0.274631314767429,0.0,-0.00012226051442924818,0.0,0.0,0.0,-1.761380295425497e-05,0.0,0.0,-0.0018697318310987078,0.0,0.0,0.0,0.0,-0.0009793136737550727,0.0,0.0,-9.206457642413991e-05,0.0,0.0,0.0,0.0,0.0,0.0,0.0005508112471653486,0.0015059692178514652
0.0,-3.452486934469019e-07,0.0,0.0,0.0,0.012603599789027836,0.0,0.0,0.2877306162453078,-0.2877306162453078,0.0,0.0,0.0,0.0015231265983133928,-0.12631528219416024,-0.0024530177727185567,0.0,0.2774578448676607,0.0,-8.147871955155226e-05,0.0,0.0,0.0,-1.1738459615075159e-05,0.0,0.0,-0.0020076185461339415,0.0,0.0,0.0,0.0,-0.0006526491774502229,0.0,0.0,-6.135508130415998e-05,0.0,0.0,0.0,0.0,0.0,0.0,0.0003670800449608591,0.0010036310097942436
0.0,-3.633472007822522e-07,0.0,0.0,0.0,0.0,0.0,0.0,0.2826479036852568,-0.2826479036852568,0.00875350835966749,0.0,0.0,0.0,-0.13596916523168065,0.0,0.0,0.2844484929042078,0.0,-8.574996874515859e-05,0.0,0.0,0.001929183948634832,-1.2353809076149439e-05,0.0,0.0,-0.0013113755232178786,0.0,0.0,0.0,0.0,-0.0006868621264046837,0.0,0.0,-6.457141610895811e-05,0.0,0.0,0.0,0.0,0.0,0.0,0.00038632298783793784,0.0010562430067040586
0.0,-4.5180417570097727e-07,0.0,0.0,0.0,0.008115009071973545,0.0,0.0,0.2865385401868733,-0.2865385401868733,0.002769543280202885,0.0,0.0,0.0,-0.1284958501527257,0.0,0.0,0.2806624742692514,0.0,-0.00010662582197381088,0.0,0.0,0.0023988443059751543,-1.5361347257940892e-05,0.0,0.0,-0.0016306302512481927,0.0,0.0,0.0,0.0,-0.0008540788980137551,0.0,0.0,-8.029134493438933e-05,0.0,0.0,0.0,0.0,0.0,0.0,0.00048037342436844157,0.0013133856541524202
0.0,-4.54320697369893e-07,0.0,0.0,0.0,0.010945178644105233,0.0,0.0,0.28813454235803737,-0.28813454235803737,0.0,0.0,0.0,0.0,-0.12642659472423767,0.0,0.0,0.27944077764493086,0.0,-0.00010721972129102444,0.0,0.0,0.0024122057222723267,-1.5446909024116187e-05,0.0,0.0,-0.001639712762172066,0.0,0.0,0.0,0.0,-0.0008588360653207652,0.0,0.0,-8.073856282262661e-05,0.0,0.0,0.0,0.0,0.0,0.0,0.0004830490750078339,0.0013207011320432336
0.0,0.0,0.0,0.0,0.0,0.0,0.0,0.0,0.2857142857142857,-0.2857142857142857,0.0,0.0,0.0,0.0,-0.14285714285714285,0.0,0.0,0.2857142857142857,0.0,0.0,0.0,0.0,0.0,0.0,0.0,0.0,0.0,0.0,0.0,0.0,0.0,0.0,0.0,0.0,0.0,0.0,0.0,0.0,0.0,0.0,0.0,0.0,0.0
0.0,-3.604268163415289e-07,0.0,0.001148206939114962,0.0,0.0,0.0,0.0,0.2826725495731227,-0.2826725495731227,0.0094486237791296,0.0,0.0,0.0,-0.13564179135125115,0.0,0.0,0.28484140229519556,0.0,-8.5060757781164e-05,0.0,0.0,0.0,-1.2254515971009286e-05,0.0,0.0,-0.0013008354098890686,0.0,0.0,0.0,0.0,-0.0006813415073864119,0.0,0.0,-6.40524266726446e-05,0.0,0.0,0.0,0.0,0.0,0.0,0.00038321793669031184,0.001047753507856234
0.0,-3.211547200275855e-07,0.0,0.0,0.0,0.0,0.0,0.0,0.28154240800267155,-0.28154240800267155,0.01148839700846322,0.0,0.0,0.0,-0.13799916259813635,0.0,0.0,0.2834749425898826,0.0,-7.579253987766174e-05,0.0005115491707972401,0.0,0.0,-1.0919264237025632e-05,0.0,0.0,-0.0014148710036546587,0.0,0.0,0.0,0.0,-0.0006071025548790274,0.0,0.0,-5.707327596748089e-05,0.0,0.0,0.0,0.0,0.0,0.0,0.0003414625205098689,0.000933590313531614
0.0,-3.1005223265141884e-07,0.0,0.0,0.0,0.0,0.0,0.0,0.2816866320066785,-0.2816866320066785,0.01109123708894562,0.0,0.0,0.0,-0.1381671055276211,0.0,0.0,0.2835523578580358,0.0004938646472424343,-7.317235195974146e-05,0.0,0.0,0.0,-1.054177953638604e-05,0.0,0.0,-0.0013659581698167167,0.0,0.0,0.0,0.0,-0.0005861147006416556,0.0,0.0,-5.510022283629538e-05,0.0,0.0,0.0,0.0,0.0,0.0,0.0003296579818032006,0.0009013156059713269
0.0,-3.18023044848517e-07,0.0,0.0,0.0,0.0,0.0,0.0,0.2815830892228587,-0.2815830892228587,0.01124973000716935,0.0,0.0,0.0,-0.138109854321133,0.0,0.0,0.2833701388649407,0.0,-7.505346428234418e-05,0.0,0.0,0.0,-1.0812787244310576e-05,0.0,0.0,-0.0014643942885864169,0.0,0.0,0.0,0.0,-0.0006011825173279667,0.0,0.0,-5.6516737481233104e-05,0.0,0.0,0.0,0.0006332011283871939,0.0,0.0,0.00033813281792922163,0.0009244865967559286
0.0,-3.117715974832112e-07,0.0,0.0,0.0,0.0,0.0,0.0,0.28184165537123246,-0.28184165537123246,0.01102859164580557,0.0,0.0,0.0,-0.13767109780022815,0.0,0.0,0.283593576594297,0.0,-7.357812219897904e-05,0.0,0.0,0.0,-1.0600237960775933e-05,0.0,0.0,-0.001435608375221198,0.0,0.0,0.0,0.0,-0.0005893649433348367,0.0006207541576726965,0.0,-5.540577582186333e-05,0.0,0.0,0.0,0.0,0.0,0.0,0.00033148606843100856,0.0009063137649653793
0.0,-3.668861551900976e-07,0.0,0.0,0.0,0.0,0.0,0.0,0.28150490955284335,-0.28150490955284335,0.010786740339911569,0.0,0.0,0.0,-0.13729348719037957,0.0,0.0,0.28332303627625127,0.0,-8.658516227137801e-05,0.0,0.0,0.0,-1.2474133567406275e-05,0.0,0.0,-0.0013241481500008594,0.0,0.0,0.0,0.0,-0.0006935520740486692,0.0,0.0,-6.520033329111239e-05,0.0,0.0,0.0,0.0,0.0,-0.0019479739490087646,0.00039008572341899553,0.0010665306760084697
0.0,-2.89066549476835e-07,0.0,0.0,0.0,0.0,0.0,0.0,0.28195924112134924,-0.28195924112134924,0.010340533939439558,0.0,0.0,0.0,-0.13871476651611234,0.0,0.0,0.28323824879448684,0.0,-6.821972903477557e-05,0.0,0.0004604377406547004,0.0,-9.82826606301065e-06,0.0,0.0,-0.0015037230521937988,0.0,0.0,0.0,0.0,-0.0005464439093480469,0.0,0.0,-5.137080018578517e-05,0.0,0.0,0.0,0.0,0.0,0.0,0.00030734529628265324,0.0008403106469504787
0.0,-1.051738609552193e-07,0.0,0.0,0.0,0.0,0.0,0.0,0.28346456778022155,-0.28346456778022155,0.0,0.0,0.0,0.002383724389294474,-0.14502477087483107,0.0030921938934493063,0.0,0.28033515107566975,0.0,-2.482103968408563e-05,0.0,0.0,0.0,-3.5759125025457804e-06,0.0,0.0,-0.0015714507167056463,0.0,0.0,0.0,0.0,-0.00019881793948698848,0.0,0.0,-1.8690731963544242e-05,0.0,0.0,0.0,0.0,0.0,0.0,0.00011182439308517385,0.0003057382990232235
0.0,-1.9786906011091382e-07,0.0,0.0,0.0,0.0,0.0,0.0,0.283143918628839,-0.283143918628839,0.005817505355613344,0.0,0.0,0.0015758721157433553,-0.14049440479565808,0.0,0.0,0.2830738894164411,0.0,-4.6697114175135645e-05,0.0,0.0,0.0,-6.727550357962646e-06,0.0,0.0,-0.0015020757063207153,0.0,0.0,0.0,0.0,-0.0003740465402922596,0.0,0.0,-3.5163847108229444e-05,0.0,0.0,0.0,0.0,0.0,0.0,0.00021038105244284726,0.0005752013791087567
0.0,-2.3970332066224036e-07,0.0,0.0,0.0,0.007047465384073816,0.0,0.0,0.28662760451368113,-0.28662760451368113,0.0,0.0,0.0,0.0019090492413062093,-0.13496096150889267,0.0,0.0,0.27949530406370204,0.0,-5.657000304569798e-05,0.0,0.0,0.0,-8.1499157059833e-06,0.0,0.0,-0.0018196505026573193,0.0,0.0,0.0,0.0,-0.0004531289416345278,0.0,0.0,-4.259832696621278e-05,0.0,0.0,0.0,0.0,0.0,0.0,0.0002548606479795268,0.0006968127333529711
0.0,-2.5698211881873683e-07,0.0,0.0016648245889308824,0.0,0.0,0.0,0.0,0.28307130335775554,-0.28307130335775554,0.0,0.0,0.0,0.0008299253631548041,-0.142088813336617,0.005890650995209759,0.0,0.28041935121512107,0.0,-6.064780080685758e-05,0.0,0.0,0.0,-8.737395045389585e-06,0.0,0.0,-0.0013424503842431467,0.0,0.0,0.0,0.0,-0.00048579233361315725,0.0,0.0,-4.566898903055179e-05,0.0,0.0,0.0,0.0,0.0,0.0,0.0002732320484353313,0.0007470418521620841
0.0,-3.4331452455289977e-07,0.0,0.001115381225995245,0.0,0.0,0.0,0.0,0.2828169646777477,-0.2828169646777477,0.0,0.0,0.0,0.0,-0.14048437245619874,0.006760861892835102,0.0,0.2803828332276878,0.0,-8.102225553627577e-05,0.0,0.0,0.0022174728169850394,-1.1672697850057879e-05,0.0,0.0,-0.001239074536131247,0.0,0.0,0.0,0.0,-0.0006489928747279232,0.0,0.0,-6.101135490634893e-05,0.0,0.0,0.0,0.0,0.0,0.0,0.00036502357141570606,0.0009980084197105002
0.0,-3.4331452455289977e-07,0.0,0.0022241176344877647,0.0,0.0,0.0,0.0,0.2828169646777477,-0.2828169646777477,0.0022174728169850394,0.0,0.0,0.0,-0.1393756360477062,0.005652125484342582,0.0,0.2814915696361803,0.0,-8.102225553627577e-05,0.0,0.0,0.0,-1.1672697850057879e-05,0.0,0.0,-0.001239074536131247,0.0,0.0,0.0,0.0,-0.0006489928747279232,0.0,0.0,-6.101135490634893e-05,0.0,0.0,0.0,0.0,0.0,0.0,0.00036502357141570606,0.0009980084197105002
0.0,-3.6778084536932767e-07,0.0,0.002382619450423803,0.0,0.002375501089784504,0.0,0.0,0.2839679161935177,-0.2839679161935177,0.0,0.0,0.0,0.0,-0.13743073985840573,0.006054924391772219,0.0,0.28017256574119676,0.0,-8.679630922597242e-05,0.0,0.0,0.0,-1.250455304396401e-05,0.0,0.0,-0.0013273772234583673,0.0,0.0,0.0,0.0,-0.00069524337316328,0.0,0.0,-6.535933110842675e-05,0.0,0.0,0.0,0.0,0.0,0.0,0.0003910369881665573,0.0010691315223695923
0.003129212129634452,-3.9290895294912244e-07,0.0,0.0,0.0,0.0,0.0,0.0,0.2806103031125002,-0.2806103031125002,0.011551830977357923,0.0,0.0,0.0,-0.13660084352147955,0.0,0.0,0.28360045810756457,0.0,-9.272654464529984e-05,0.0,0.0,0.0,-1.335890899556459e-05,0.0,0.0,-0.0014180684002556155,0.0,0.0,0.0,0.0,-0.0007427448961353169,0.0,0.0,-6.982491523036956e-05,0.0,0.0,0.0,0.0,0.0,0.0,0.0004177540389049144,0.0011421784258429763
0.0,-3.8773173331504007e-07,0.0,0.0,0.0,0.009869137250199844,0.0,0.0,0.28762890294971827,-0.28762890294971827,0.0,0.0,0.0,0.0007922605074481045,-0.12915546736056382,0.0,0.0,0.27915302028534705,0.0,-9.150472039330725e-05,0.0,0.0,0.0015304794146648686,-1.3182883467455253e-05,0.0,0.0,-0.001795513277866017,0.0,0.0,0.0,0.0,-0.0007329580143894991,0.0,0.0,-6.890485749341692e-05,0.0,0.0,0.0,0.0,0.0,0.0,0.00041224944452954577,0.0011271283524671599
0.0,-3.4738290038881715e-07,0.0,0.0,0.0,0.0,0.0,0.0,0.2827826305903411,-0.2827826305903411,0.0,0.0,0.0,0.0,-0.14045625444465829,0.006276680643223178,0.0,0.28031965398266445,0.0,-8.198239256230049e-05,0.0,0.0,0.003936648728875933,-1.1811022676061045e-05,0.0,0.0,-0.0012537579256798302,0.0,0.0,0.0,0.0,-0.0006566836269111119,0.0,0.0,-6.173435700578186e-05,0.0,0.0,0.0,0.0,0.0,0.0,0.00036934920569937614,0.0010098351064610242
0.0,-4.3148872196418997e-07,0.0,0.0,0.0,0.006868446176368253,0.0,0.0,0.28599766595805354,-0.28599766595805354,0.0,0.0,0.0,0.0,-0.13153471273086326,0.0026450102824861262,0.0,0.27950414827740505,0.0,-0.00010183137325032338,0.0,0.0,0.0031726499465956075,-1.46706215932893e-05,0.0,0.0,-0.0015573086769629578,0.0,0.0,0.0,0.0,-0.0008156750910696415,0.0,0.0,-7.668103057430563e-05,0.0,0.0,0.0,0.0,0.0,0.0,0.00045877334937135237,0.0012543290386306707
0.0,-3.9241629681623904e-07,0.0,0.000929382373407572,0.0,0.01060796412775221,0.0,0.0,0.2880060857273187,-0.2880060857273187,0.0,0.0,0.0,0.0008018325758081041,-0.12823756695713392,0.0,0.0,0.2791180035711629,0.0,-9.261027775812991e-05,0.0,0.0,0.0,-1.334215868128466e-05,0.0,0.0,-0.0018172066169577,0.0,0.0,0.0,0.0,-0.0007418135917567774,0.0,0.0,-6.973736397337196e-05,0.0,0.0,0.0,0.0,0.0,0.0,0.00041723023030305244,0.0011407462843707214
0.0,-4.424375785314065e-07,0.0,0.0019518928145001004,0.0,0.008343992172301293,0.0,0.0,0.28674843483530177,-0.28674843483530177,0.0,0.0,0.0,0.0,-0.12966730681380684,0.0027121263778267526,0.0,0.2794395157599647,0.0,-0.00010441530428491716,0.0,0.0,0.0,-1.5042882844627789e-05,0.0,0.0,-0.0015968247719777525,0.0,0.0,0.0,0.0,-0.0008363725256095736,0.0,0.0,-7.862678155792946e-05,0.0,0.0,0.0,0.0,0.0,0.0,0.0004704145426249395,0.001286157144518457
0.0,-4.630327533767941e-07,0.0,0.0014750773148936851,0.0,0.012138448322130943,0.0,0.0,0.2887428874269634,-0.2887428874269634,0.0,0.0,0.0,0.0,-0.12491741224225528,0.0,0.0,0.2793907185991378,0.0,-0.00010927576721263743,0.0,0.0,0.0,-1.574311903024329e-05,0.0,0.0,-0.0016711559024515476,0.0,0.0,0.0,0.0,-0.000875305110083939,0.0,0.0,-8.228680591456469e-05,0.0,0.0,0.0,0.0,0.0,0.0,0.0004923120265306515,0.0013460269036784417
0.0,-4.604190702889525e-07,0.0,0.001466750939268894,0.0,0.009247578094806546,0.0,0.0,0.2871130191377362,-0.2871130191377362,0.0028223522729014694,0.0,0.0,0.0,-0.12703464263042294,0.0,0.0,0.2806359928127075,0.0,-0.00010865893779270615,0.0,0.0,0.0,-1.565425377468816e-05,0.0,0.0,-0.001661722721132234,0.0,0.0,0.0,0.0,-0.0008703642713500836,0.0,0.0,-8.182232120715914e-05,0.0,0.0,0.0,0.0,0.0,0.0,0.0004895330705965404,0.0013384289794964748
0.0,-4.041680450851365e-07,0.0,0.0,0.0,0.013934031512450405,0.0,0.0,0.2884263484960774,-0.2884263484960774,0.0,0.0,0.0,0.0006549139727009702,-0.12705253884410822,0.0,0.0,0.27640044947280207,0.0,-9.538369129919868e-05,0.0005127936017970114,0.0,0.0,-1.3741718259870576e-05,0.0,0.0,-0.002042557970053739,0.0,0.0,0.0,0.0,-0.0007640287919497873,0.0,0.0,-7.182579901799326e-05,0.0,0.0,0.0,0.0,0.0,0.0,0.00042972508506947327,0.0011749083802912242
0.0,-4.469582725782916e-07,0.0,0.0,0.0,0.014882532214151716,0.0,0.0,0.28788576527009907,-0.28788576527009907,0.0,0.0,0.0,0.0,-0.1271381639411743,0.001843548674547501,0.0,0.27458665585507375,0.0,-0.00010548218844528018,0.0008962893945224289,0.0,0.0,-1.519658649509398e-05,0.0,0.0,-0.0020612853442705586,0.0,0.0,0.0,0.0,-0.000844918328409715,0.0,0.0,-7.943016635289763e-05,0.0,0.0,0.0,0.0,0.0,0.0,0.00047522109687259546,0.001299298711213318
0.0,-4.613315042852517e-07,0.0,0.0,0.0,0.016502822917518648,0.0,0.0,0.2891516620985437,-0.2891516620985437,0.0,0.0,0.0,0.0,-0.12409103324323482,0.0,0.0,0.2754248814827691,0.0,-0.0001088742722895627,0.0007348288340881096,0.0,0.0,-1.568527654123377e-05,0.0,0.0,-0.002032430251778713,0.0,0.0,0.0,0.0,-0.0008720891129163672,0.0,0.0,-8.198447232630951e-05,0.0,0.0,0.0,0.0,0.0,0.0,0.0004905032011683362,0.0013410814067770353
0.0,-4.594083139250163e-07,0.0,0.0,0.0,0.01434963537051088,0.0,0.0,0.2879462519238028,-0.2879462519238028,0.0020843908798457967,0.0,0.0,0.0,-0.12565811568715493,0.0,0.0,0.2763610861405243,0.0,-0.00010842039920914227,0.0007317654930480678,0.0,0.0,-1.5619888046492957e-05,0.0,0.0,-0.0020239574936172524,0.0,0.0,0.0,0.0,-0.0008684535637296159,0.0,0.0,-8.164269695349766e-05,0.0,0.0,0.0,0.0,0.0,0.0,0.0004884584003702352,0.0013354907310702017
0.0,-3.901629312489389e-07,0.0,0.0,0.0,0.013451193495189723,0.0,0.0,0.28833237088341906,-0.28833237088341906,0.0,0.0,0.0,0.000632220083730452,-0.12760019539694617,0.0,0.0,0.2767231898239998,0.0004950244266853864,-9.207848330216216e-05,0.0,0.0,0.0,-1.3265544225642058e-05,0.0,0.0,-0.001971779843886913,0.0,0.0,0.0,0.0,-0.0007375538879203622,0.0,0.0,-6.933691226938613e-05,0.0,0.0,0.0,0.0,0.0,0.0,0.0004148343760986541,0.001134195795975918
0.0,-4.20571507830798e-07,0.0,0.0,0.0,0.014003922508336219,0.0,0.0,0.2877575691414925,-0.2877575691414925,0.0,0.0,0.0,0.0,-0.12806615436930496,0.0017347123733527008,0.0,0.27524359000151755,0.000843375780769382,-9.925490983266908e-05,0.0,0.0,0.0,-1.4299436185070925e-05,0.0,0.0,-0.0019395946747076719,0.0,0.0,0.0,0.0,-0.0007950374725660917,0.0,0.0,-7.474090285338145e-05,0.0,0.0,0.0,0.0,0.0,0.0,0.00044716579941968493,0.0012225929166617651
0.0,-4.3876243413124885e-07,0.0,0.0,0.0,0.01569547860067731,0.0,0.0,0.2889835001845157,-0.2889835001845157,0.0,0.0,0.0,0.0,-0.12500910114117772,0.0,0.0,0.27592825548559985,0.000698879840027075,-0.00010354796990950712,0.0,0.0,0.0,-1.4917927892039518e-05,0.0,0.0,-0.0019330005347326623,0.0,0.0,0.0,0.0,-0.0008294251279356631,0.0,0.0,-7.797366168302144e-05,0.0,0.0,0.0,0.0,0.0,0.0,0.00046650700525476555,0.001275473573644822
0.0,-4.37022457156616e-07,0.0,0.0,0.0,0.013650412321327106,0.0,0.0,0.2878374936049746,-0.2878374936049746,0.0019828235501496176,0.0,0.0,0.0,-0.12649618271187582,0.0,0.0,0.2768168449494924,0.0006961083292160141,-0.00010313733520289363,0.0,0.0,0.0,-1.4858768654551979e-05,0.0,0.0,-0.0019253349367672227,0.0,0.0,0.0,0.0,-0.0008261359205821497,0.0,0.0,-7.766444565766845e-05,0.0,0.0,0.0,0.0,0.0,0.0,0.0004646570031021077,0.001270415495565989
0.0,-4.035660201454034e-07,0.0,0.0,0.0,0.01382017987629459,0.0,0.0,0.28836911086826683,-0.28836911086826683,0.0,0.0,0.0,0.0006073902900516939,-0.1271891259869993,0.0,0.0,0.2763611249166031,0.0,-9.524161336477458e-05,0.0,0.0,0.0,-1.3721249404878626e-05,0.0,0.0,-0.002086063657209516,0.0,0.0,0.0,0.0,-0.000762890739614821,0.0,0.0,-7.171881153382445e-05,0.0,0.0,0.0,0.0006516742586063224,0.0,0.0,0.00042908499186669114,0.0011731583058965805
0.0,-4.408123436886055e-07,0.0,0.0,0.0,0.014579670660711933,0.0,0.0,0.28785590619878476,-0.28785590619878476,0.0,0.0,0.0,0.0,-0.12735430878637144,0.0016217621918295832,0.0,0.27473966705549513,0.0,-0.00010403174873068781,0.0,0.0,0.0,-1.4987624840964508e-05,0.0,0.0,-0.0021311598288433356,0.0,0.0,0.0,0.0,-0.0008333002238066977,0.0,0.0,-7.833795666789772e-05,0.0,0.0,0.0,0.0010804015551059267,0.0,0.0,0.00046868653817339165,0.0012814326195096926
0.0,-4.5473203757857335e-07,0.0,0.0,0.0,0.016085666530252993,0.0,0.0,0.28899901569337544,-0.28899901569337544,0.0,0.0,0.0,0.0,-0.12457936922513715,0.0,0.0,0.27546860023112324,0.0,-0.00010731679761351167,0.0,0.0,0.0,-1.5460894596022177e-05,0.0,0.0,-0.0020938954250454274,0.0,0.0,0.0,0.0,-0.000859613652184794,0.0,0.0,-8.081166320628131e-05,0.0,0.0,0.0,0.0009053961465142019,0.0,0.0,0.0004834864257789232,0.0013218968897588826
0.0,-4.5302675894476993e-07,0.0,0.0,0.0,0.014150307268933796,0.0,0.0,0.28791524809855984,-0.28791524809855984,0.001875036827055287,0.0,0.0,0.0,-0.12598722424181555,0.0,0.0,0.2763106095179171,0.0,-0.00010691435171813773,0.0,0.0,0.0,-1.5402915102528655e-05,0.0,0.0,-0.002086043162977502,0.0,0.0,0.0,0.0,-0.000856390037675022,0.0,0.0,-8.050861351714657e-05,0.0,0.0,0.0,0.0009020008442786258,0.0,0.0,0.0004816733160714896,0.001316939679059147
0.0,-3.751018488379571e-07,0.0,0.0,0.0,0.012693992339133623,0.0,0.0,0.2882539701146756,-0.2882539701146756,0.0,0.0,0.0,0.0007664535955420972,-0.12800217779409512,0.0,0.0,0.27709292704750543,0.0,-8.852406663614823e-05,0.0,0.0,0.0,-1.2753467247520726e-05,0.0,0.0,-0.0020146440023008894,0.0,0.0,0.0,0.0,-0.00070908280827948,0.0005552347235750724,0.0,-6.666036648255447e-05,0.0,0.0,0.0,0.0,0.0,0.0,0.0003988209257554085,0.0010904135322465037
0.0,-4.033365190784736e-07,0.0,0.0,0.0,0.012722330300797207,0.0,0.0,0.2873560870635031,-0.2873560870635031,0.0,0.0,0.0,0.0,-0.12906947356091328,0.002472438295509523,0.0,0.2753549298472878,0.0,-9.518745109443415e-05,0.0,0.0,0.0,-1.3713446365918867e-05,0.0,0.0,-0.002011762912983922,0.0,0.0,0.0,0.0,-0.0007624568967490878,0.0011121196689880498,0.0,-7.167802627702801e-05,0.0,0.0,0.0,0.0,0.0,0.0,0.00042884097859867247,0.001172491150909687
0.0,-4.314255779185196e-07,0.0,0.0,0.0,0.015261225085377583,0.0,0.0,0.28907608906656895,-0.28907608906656895,0.0,0.0,0.0,0.0,-0.12477988449552356,0.0,0.0,0.2762391503248794,0.0,-0.00010181647125044278,0.0,0.0,0.0,-1.4668474694998005e-05,0.0,0.0,-0.0019865766411830527,0.0,0.0,0.0,0.0,-0.0008155557252030942,0.0008589917214434146,0.0,-7.666980907476192e-05,0.0,0.0,0.0,0.0,0.0,0.0,0.0004587062124941864,0.00125414548015957
0.0,-4.2915566783727234e-07,0.0,0.0,0.0,0.012550220663850156,0.0,0.0,0.2875551390756445,-0.2875551390756445,0.002630708744946042,0.0,0.0,0.0,-0.12675407417379814,0.0,0.0,0.27741644957291317,0.0,-0.00010128077228784661,0.0,0.0,0.0,-1.4591297725687702e-05,0.0,0.0,-0.001976124432098121,0.0,0.0,0.0,0.0,-0.000811264746046529,0.0008544722073765397,0.0,-7.626641720034929e-05,0.0,0.0,0.0,0.0,0.0,0.0,0.0004562927676050473,0.0012475468971953894
0.0,-4.0967680013983263e-07,0.0,0.0,0.0,0.012044818818809151,0.0,0.0,0.2877372675728979,-0.2877372675728979,0.0,0.0,0.0,0.0008371013298124325,-0.12837997193796002,0.0,0.0,0.2771645595757187,0.0,-9.668375793724611e-05,0.0,0.0,0.0,-1.392901599615828e-05,0.0,0.0,-0.0018971367857762054,0.0,0.0,0.0,0.0,-0.0007744423996576906,0.0,0.0,-7.280477481335733e-05,0.0,0.0,0.0,0.0,0.0,-0.0016171023813785583,0.00043558217907602084,0.0011909222204684476
0.0,-4.853874818580152e-07,0.0,0.0,0.0,0.011295364430461743,0.0,0.0,0.28603306397181383,-0.28603306397181383,0.0,0.0,0.0,0.0,-0.13012038852787375,0.0029754077340891608,0.0,0.27515946166200683,0.0,-0.00011455148494059646,0.0,0.0,0.0,-1.6503180060056117e-05,0.0,0.0,-0.001751837530644476,0.0,0.0,0.0,0.0,-0.0009175639091245091,0.0,0.0,-8.625952531808848e-05,0.0,0.0,0.0,0.0,0.0,-0.0035689567073384897,0.0005160803271548985,0.0014110116498777337
0.0,-4.962147166326922e-07,0.0,0.0,0.0,0.014589101347763577,0.0,0.0,0.28835772012440647,-0.28835772012440647,0.0,0.0,0.0,0.0,-0.124911493818725,0.0,0.0,0.2762276410757829,0.0,-0.00011710671322232319,0.0,0.0,0.0,-1.6871306169025823e-05,0.0,0.0,-0.0017909146740408659,0.0,0.0,0.0,0.0,-0.0009380314329815985,0.0,0.0,-8.818366256323551e-05,0.0,0.0,0.0,0.0,0.0,-0.002634641093541433,0.0005275922080202825,0.0014424862036601063
0.0,-4.93214220016955e-07,0.0,0.0,0.0,0.011477499040667628,0.0,0.0,0.2866140871075819,-0.2866140871075819,0.0030233853563419164,0.0,0.0,0.0,-0.12717956801256627,0.0,0.0,0.277580741222034,0.0,-0.00011639859577855177,0.0,0.0,0.0,-1.6769289248998236e-05,0.0,0.0,-0.0017800854236409598,0.0,0.0,0.0,0.0,-0.0009323593719850685,0.0,0.0,-8.765043617511095e-05,0.0,0.0,0.0,0.0,0.0,-0.0026187100229385736,0.0005244019789085852,0.001433763820330364
0.0,-3.787687147091128e-07,0.0,0.0,0.0,0.013206235381273917,0.0,0.0,0.28834040845492825,-0.28834040845492825,0.0,0.0,0.0,0.00042892309998879437,-0.12812496979632973,0.0,0.0,0.2765527242719744,0.0,-8.938944727804486e-05,0.0,0.0005175346210108745,0.0,-1.2878140730026107e-05,0.0,0.0,-0.002099030292531076,0.0,0.0,0.0,0.0,-0.0007160145564368358,0.0,0.0,-6.731201515762993e-05,0.0,0.0,0.0,0.0,0.0,0.0,0.00040271966111458024,0.0011010730376027897
0.0,-3.9115616991270695e-07,0.0,0.0,0.0,0.013416663770972129,0.0,0.0,0.2880255295439243,-0.2880255295439243,0.0,0.0,0.0,0.0,-0.12858706803494543,0.0009597268007373829,0.0,0.2756677717686709,0.0,-9.231288770707082e-05,0.0,0.0007190231971387917,0.0,-1.3299314351826666e-05,0.0,0.0,-0.002130765535802304,0.0,0.0,0.0,0.0,-0.0007394314805346836,0.0,0.0,-6.951342340505911e-05,0.0,0.0,0.0,0.0,0.0,0.0,0.00041589042091583434,0.0011370831208000378
0.0,-4.050737838793169e-07,0.0,0.0,0.0,0.014490362920794992,0.0,0.0,0.28873248639135857,-0.28873248639135857,0.0,0.0,0.0,0.0,-0.1267021024738014,0.0,0.0,0.27603441828539493,0.0,-9.559744572781417e-05,0.0,0.0006452190963824737,0.0,-1.3772513389465844e-05,0.0,0.0,-0.0021071922287829803,0.0,0.0,0.0,0.0,-0.0007657409770795988,0.0,0.0,-7.198676031462398e-05,0.0,0.0,0.0,0.0,0.0,0.0,0.0004306880970767633,0.0011775413447538483
0.0,-4.0410986105348977e-07,0.0,0.0,0.0,0.013266069904994203,0.0,0.0,0.28804541197364364,-0.28804541197364364,0.0011898114173124641,0.0,0.0,0.0,-0.1275904106748722,0.0,0.0,0.27656737189781305,0.0,-9.536995986302844e-05,0.0,0.0006436837182873858,0.0,-1.3739740002114092e-05,0.0,0.0,-0.002102177906038424,0.0,0.0,0.0,0.0,-0.0007639188023651321,0.0,0.0,-7.181545897598862e-05,0.0,0.0,0.0,0.0,0.0,0.0,0.00042966322184635823,0.0011747392404811573
0.0025667788759839135,-4.3351192795563705e-07,0.0,0.0,0.0,0.012745590246350403,0.0,0.0,0.2873660550450992,-0.2873660550450992,0.0,0.0,0.0,0.0008858041540486326,-0.12729323035292828,0.0,0.0,0.2770338164594683,0.0,-0.0001023088500277916,0.0,0.0,0.0,-1.4739410620661051e-05,0.0,0.0,-0.0020075128133120726,0.0,0.0,0.0,0.0,-0.0008194997072121307,0.0,0.0,-7.7040579996089e-05,0.0,0.0,0.0,0.0,0.0,0.0,0.0004609244901588546,0.0012602104577663818
0.006092757891923058,-5.524207125012531e-07,0.0,0.0,0.0,0.01285528263471418,0.0,0.0,0.28491656273727134,-0.28491656273727134,0.0,0.0,0.0,0.0,-0.1277811481011383,0.0033863190170365354,0.0,0.27457220792894,0.0,-0.0001303713327890718,0.0,0.0,0.0,-1.878231068591809e-05,0.0,0.0,-0.0019937706946223685,0.0,0.0,0.0,0.0,-0.0010442817900941839,0.0,0.0,-9.817218246715575e-05,0.0,0.0,0.0,0.0,0.0,0.0,0.0005873523168407213,0.0016058759034931936
0.004340801035028435,-5.450380220252843e-07,0.0,0.0,0.0,0.0160245447689884,0.0,0.0,0.28779099233030475,-0.28779099233030475,0.0,0.0,0.0,0.0,-0.12273238504614967,0.0,0.0,0.27591435040706785,0.0,-0.00012862901724017926,0.0,0.0,0.0,-1.8531299123390373e-05,0.0,0.0,-0.0019671254375106142,0.0,0.0,0.0,0.0,-0.001030325743458915,0.0,0.0,-9.686018452771625e-05,0.0,0.0,0.0,0.0,0.0,0.0,0.0005795027915469564,0.0015844145707263125
0.0043119877859598395,-5.414201837153175e-07,0.0,0.0,0.0,0.012599291316006718,0.0,0.0,0.2858807012400666,-0.2858807012400666,0.0033188861728612965,0.0,0.0,0.0,-0.12523660158762703,0.0,0.0,0.2774017799350091,0.0,-0.0001277752071066849,0.0,0.0,0.0,-1.840829257853882e-05,0.0,0.0,-0.001954068106680939,0.0,0.0,0.0,0.0,-0.0010234866757318972,0.0,0.0,-9.621724867345659e-05,0.0,0.0,0.0,0.0,0.0,0.0,0.000575656183942957,0.0015738975875045854
0.0,-1.4566871598354367e-07,0.0,0.0,0.0,0.0,0.0,0.0,0.28187935787739093,-0.28187935787739093,0.0,0.0,0.0,0.0014141334964891442,-0.1473872557093227,0.006799295591349258,0.0,0.277545028900692,0.0,-3.4377828742987755e-05,0.0006291303102388218,0.0,0.0,-4.9527380471192475e-06,0.0,0.0,-0.0015473725399455622,0.0,0.0,0.0,0.0,-0.0002753683633606898,0.0,0.0,-2.588718243481918e-05,0.0,0.0,0.0,0.0,0.0,0.0,0.0001548798875349072,0.0004234560283440422
0.0,-3.1583680593507356e-07,0.0,0.0,0.0,0.0,0.0,0.0,0.2820716087742283,-0.2820716087742283,0.0,0.0,0.0,0.0,-0.14275093192689828,0.007587892241819525,0.0,0.2788061869349069,0.0,-7.453751172211083e-05,0.00034203664436380276,0.0,0.003066103821134702,-1.0738455095684187e-05,0.0,0.0,-0.001310921576542686,0.0,0.0,0.0,0.0,-0.0005970497079773414,0.0,0.0,-5.612821503688888e-05,0.0,0.0,0.0,0.0,0.0,0.0,0.0003358083350452178,0.0009181312441941435
0.0,-2.548805646298084e-07,0.0,0.0,0.0,0.0,0.0,0.0,0.28041812018061,-0.28041812018061,0.004948696658900967,0.0,0.0,0.0,-0.14530469193316184,0.006948218115880499,0.0,0.27778292204498856,0.0,-6.015183384845277e-05,0.0011008066324790882,0.0,0.0,-8.665942178387142e-06,0.0,0.0,-0.001470306188973632,0.0,0.0,0.0,0.0,-0.0004818196100697959,0.0,0.0,-4.5295516138186924e-05,0.0,0.0,0.0,0.0,0.0,0.0,0.00027099760520411255,0.0007409326763916738
0.0,-2.9931751173854034e-07,0.0,0.0,0.0,0.005811473198995868,0.0,0.0,0.28281560628691566,-0.28281560628691566,0.0,0.0,0.0,0.0,-0.14158035562392013,0.00815959961671701,0.0,0.273909503452122,0.0,-7.063895695687484e-05,0.0012927258797369614,0.0,0.0,-1.0176798899799483e-05,0.0,0.0,-0.0017266455393197726,0.0,0.0,0.0,0.0,-0.0005658220625899337,0.0,0.0,-5.3192526480339666e-05,0.0,0.0,0.0,0.0,0.0,0.0,0.00031824446479318546,0.0008701099881249885
0.0,-1.4467625752410854e-07,0.0,0.0,0.0,0.0,0.0,0.0,0.2818421814494199,-0.2818421814494199,0.0,0.0,0.0,0.0012383251736992622,-0.14749091304174405,0.006974536055654564,0.0,0.2775373827766703,0.0,-3.414360846636471e-05,0.0006802351903370616,0.0,0.0,-4.918994447891085e-06,0.0,0.0,-0.001481438884491781,0.0,0.0,0.0,0.0,-0.00027349224562440804,0.0,0.0,-2.5710809951373392e-05,0.0,0.0,0.0,0.0,0.0,0.0,0.00015382467225726485,0.0004205709715582302
0.0,-1.3016901625439484e-07,0.0,0.0,0.0,0.0,0.0,0.0,0.28180601268510147,-0.28180601268510147,0.0,0.0,0.0,0.0,-0.1479282010429916,0.007760710771032419,0.0,0.2779328726274685,0.0,-3.0719898354443605e-05,0.0009834099333489437,0.0,0.0,-4.425748075050354e-06,0.0,0.0,-0.0009615048204503139,0.0,0.0,0.0,0.0,-0.00024606813291532767,0.0,0.0,-2.3132688775255914e-05,0.0,0.0,0.0,0.0,0.0,0.0,0.00013840008447859003,0.0003783987128901731
0.0,-2.73905292556154e-07,0.0,0.0,0.0,0.0,0.0,0.0,0.28195597507579745,-0.28195597507579745,0.0,0.0,0.0,0.0,-0.14403843322152035,0.0077340501265291735,0.0,0.27849487157159675,0.0,-6.464167117637796e-05,0.000506363290536049,0.0,0.0023444331833454134,-9.312783150387944e-06,0.0,0.0,-0.0012417476657703558,0.0,0.0,0.0,0.0,-0.000517783462411654,0.0,0.0,-4.867645211525524e-05,0.0,0.0,0.0,0.0,0.0,0.0,0.00029122533702504453,0.0007962371779356185
0.0,-2.3156075293173298e-07,0.0,0.0,0.0,0.0,0.0,0.0,0.2806493796144637,-0.2806493796144637,0.003963988487168838,0.0,0.0,0.0,-0.1458849955694663,0.007199065133621461,0.0,0.2777233473135614,0.0,-5.4648356403331844e-05,0.0010887465264911387,0.0,0.0,-7.873068307914073e-06,0.0,0.0,-0.001380111375108876,0.0,0.0,0.0,0.0,-0.0004377364427416516,0.0,0.0,-4.115128917979246e-05,0.0,0.0,0.0,0.0,0.0,0.0,0.000246203195582618,0.0006731424526863071
0.0,-2.628145709351472e-07,0.0,0.0,0.0,0.004499009094836876,0.0,0.0,0.2825366301961426,-0.2825366301961426,0.0,0.0,0.0,0.0,-0.1430800877512999,0.00817072491893604,0.0,0.27471666142239715,0.0,-6.202425997762615e-05,0.0012356949422308095,0.0,0.0,-8.935698485561394e-06,0.0,0.0,-0.001566385383963956,0.0,0.0,0.0,0.0,-0.0004968178498527385,0.0,0.0,-4.670548990831692e-05,0.0,0.0,0.0,0.0,0.0,0.0,0.00027943330806574104,0.0007639966731890021
0.0,-1.667558603854043e-07,0.0,0.0,0.0,0.0,0.0,0.0,0.2809126649678478,-0.2809126649678478,0.0,0.0,0.0,0.0005385390961235157,-0.14891757244703133,0.009223975852569104,0.0,0.27595089433080533,0.0010803057348661908,-3.9354396525789616e-05,0.0,0.0,0.0,-5.669701203408696e-06,0.0,0.0,-0.0014112697757931044,0.0,0.0,0.0,0.0,-0.00031523095432735206,0.0,0.0,-2.963463603509675e-05,0.0,0.0,0.0,0.0,0.0,0.0,0.00017730045005130558,0.0004847559331124618
0.0,-2.519741666902257e-07,0.0,0.0,0.0,0.0,0.0,0.0,0.281248869598126,-0.281248869598126,0.0,0.0,0.0,0.0,-0.14608590659971027,0.009055249906521729,0.0,0.2770064624045291,0.0008186290845925712,-5.946592369985756e-05,0.0,0.0,0.0016275043007448933,-8.567124614449347e-06,0.0,0.0,-0.001318727781119629,0.0,0.0,0.0,0.0,-0.0004763254307705964,0.0,0.0,-4.477901228090943e-05,0.0,0.0,0.0,0.0,0.0,0.0,0.00026790742497581214,0.0007324838360214324
0.0,-1.9927264111853038e-07,0.0,0.0,0.0,0.0,0.0,0.0,0.28034411068463694,-0.28034411068463694,0.0012871044865480745,0.0,0.0,0.0,-0.14867432543485956,0.009735512802624429,0.0,0.2757019174710464,0.001290961388131959,-4.7028359406350585e-05,0.0,0.0,0.0,-6.7752721286372905e-06,0.0,0.0,-0.0013646860806692653,0.0,0.0,0.0,0.0,-0.0003766998334328073,0.0,0.0,-3.541328129429258e-05,0.0,0.0,0.0,0.0,0.0,0.0,0.00021187338706760186,0.0005792815608755238
0.0,-2.072762259289682e-07,0.0,0.0,0.0,0.0013387997411508127,0.0,0.0,0.28089345143996286,-0.28089345143996286,0.0,0.0,0.0,0.0,-0.14795168118134436,0.010126529863228147,0.0,0.27472600947303966,0.001342811551299962,-4.891720606834967e-05,0.0,0.0,0.0,-7.047394105798668e-06,0.0,0.0,-0.001419497321815829,0.0,0.0,0.0,0.0,-0.00039182960261754924,0.0,0.0,-3.683562004919558e-05,0.0,0.0,0.0,0.0,0.0,0.0,0.00022038306814048741,0.0006025478209881315
0.0,-1.675904416325953e-07,0.0,0.0,0.0,0.0,0.0,0.0,0.28077863796830094,-0.28077863796830094,0.0,0.0,0.0,0.0002524953950720029,-0.14918164482442448,0.009655125406061033,0.0,0.2757920346164323,0.0011819587876430637,-3.955135776756567e-05,0.0,0.0,0.0,-5.698076975574095e-06,0.0,0.0,-0.0013220865828001737,0.0,0.0,0.0,0.0,-0.00031680862507552066,0.0,0.0,-2.9782951731139225e-05,0.0,0.0,0.0,0.0,0.0,0.0,0.00017818780495679052,0.00048718204401678155
0.0,-1.6694410150733145e-07,0.0,0.0,0.0,0.0,0.0,0.0,0.2807018553519992,-0.2807018553519992,0.0,0.0,0.0,0.0,-0.14936086606938104,0.009953250965623193,0.0,0.2757344836568032,0.0012612409040218212,-3.939882144577539e-05,0.0,0.0,0.0,-5.676101403755807e-06,0.0,0.0,-0.0012331472032587186,0.0,0.0,0.0,0.0,-0.0003155868004629638,0.0,0.0,-2.966808887520838e-05,0.0,0.0,0.0,0.0,0.0,0.0,0.00017750059435543206,0.0004853031462688633
0.0,-1.991726770452323e-07,0.0,0.0,0.0,0.0,0.0,0.0,0.28087735898156657,-0.28087735898156657,0.0,0.0,0.0,0.0,-0.14818720863366502,0.0096741559713676,0.0,0.2761513471868222,0.0011046197522395957,-4.700476787697456e-05,0.0,0.0,0.0006001557521798813,-6.771873348976019e-06,0.0,0.0,-0.0012711544771201065,0.0,0.0,0.0,0.0,-0.00037651086394081243,0.0,0.0,-3.539551640781766e-05,0.0,0.0,0.0,0.0,0.0,0.0,0.00021176710189631164,0.0005789909673244646
0.0,-1.814743361994722e-07,0.0,0.0,0.0,0.0,0.0,0.0,0.28052598432159986,-0.28052598432159986,0.0005468263436475511,0.0,0.0,0.0,-0.14910017819331084,0.009908170116286603,0.0,0.2756730961925432,0.0012798772072746894,-4.2827958007247284e-05,0.0,0.0,0.0,-6.17012955322798e-06,0.0,0.0,-0.0012949071903550888,0.0,0.0,0.0,0.0,-0.000343054379341558,0.0,0.0,-3.225029627476203e-05,0.0,0.0,0.0,0.0,0.0,0.0,0.00019294962951565687,0.0005275422463535777
0.0,-1.8450103702371805e-07,0.0,0.0,0.0,0.0005559465298937108,0.0,0.0,0.2807571355083085,-0.2807571355083085,0.0,0.0,0.0,0.0,-0.14880719734403544,0.010073422500098987,0.0,0.2752673624598988,0.001301223506036922,-4.354225964634417e-05,0.0,0.0,0.0,-6.273037416651332e-06,0.0,0.0,-0.0013165041651254587,0.0,0.0,0.0,0.0,-0.00034877597609435135,0.0,0.0,-3.2788179483821975e-05,0.0,0.0,0.0,0.0,0.0,0.0,0.0001961677198248621,0.0005363408047905559
0.0,-1.6026335699837003e-07,0.0,0.0,0.0,0.0,0.0,0.0,0.2813962535580524,-0.2813962535580524,0.0,0.0,0.0,0.001036693971937176,-0.14805125158244695,0.007826602965161007,0.0,0.276627665413021,0.0,-3.7822165201817854e-05,0.0,0.0,0.0,-5.448956012315999e-06,0.0,0.0,-0.001615884366460842,0.0,0.0,0.0,0.0,-0.0003029576942815689,0.0,0.0,-2.8480835656587034e-05,0.0,0.0,0.0,0.001038244912377309,0.0,0.0,0.0001703974016677565,0.0004658823563137595
0.0,-2.9675462611039736e-07,0.0,0.0,0.0,0.0,0.0,0.0,0.28174076885512533,-0.28174076885512533,0.0,0.0,0.0,0.0,-0.14392805952421642,0.008093562709266157,0.0,0.27802989371953407,0.0,-7.003411574153718e-05,0.0,0.0,0.0025594849028090544,-1.0089660758468212e-05,0.0,0.0,-0.0013924042806287083,0.0,0.0,0.0,0.0,-0.0005609772500566641,0.0,0.0,-5.273706912721239e-05,0.0,0.0,0.0,0.0006427430534179144,0.0,0.0,0.0003155195184299838,0.0008626597311369606
0.0,-2.336603393933119e-07,0.0,0.0,0.0,0.0,0.0,0.0,0.28028239351351847,-0.28028239351351847,0.0030229525933654906,0.0,0.0,0.0,-0.14708319519408997,0.008388057006008006,0.0,0.2763528527530457,0.0,-5.514385897792315e-05,0.0,0.0,0.0,-7.944454272163616e-06,0.0,0.0,-0.00160018460629946,0.0,0.0,0.0,0.0,-0.0004417054465442564,0.0,0.0,-4.152441238199539e-05,0.0,0.0,0.0,0.0015137375326658652,0.0,0.0,0.0002484355466598108,0.0006792459083128781
0.0,-2.5696404299886486e-07,0.0,0.0,0.0,0.0033244414614906374,0.0,0.0,0.28164033411925865,-0.28164033411925865,0.0,0.0,0.0,0.0,-0.14513007205838938,0.009224625140771606,0.0,0.2739944460504332,0.0,-6.064353491190716e-05,0.0,0.0,0.0,-8.736780467302532e-06,0.0,0.0,-0.00175977620783609,0.0,0.0,0.0,0.0,-0.0004857581635519953,0.0,0.0,-4.5665776727597616e-05,0.0,0.0,0.0,0.0016647074871281335,0.0,0.0,0.0002732128296145298,0.0007469893061171741
0.0,-1.6047752341917687e-07,0.0,0.0,0.0,0.0,0.0,0.0,0.28131148769681724,-0.28131148769681724,0.0,0.0,0.0,0.0008076758069824254,-0.14822605811761144,0.00811354622134544,0.0,0.27653652709413573,0.0,-3.787270849443415e-05,0.0,0.0,0.0,-5.456237673128231e-06,0.0,0.0,-0.001548922675904744,0.0,0.0,0.0,0.0,-0.000303362548929914,0.0,0.0,-2.8518895751847744e-05,0.0,0.0,0.0,0.001131793777596923,0.0,0.0,0.0001706251106232749,0.0004665049337927137
0.0,-1.5626213786590206e-07,0.0,0.0,0.0,0.0,0.0,0.0,0.28115749593332423,-0.28115749593332423,0.0,0.0,0.0,0.0,-0.14865802098801356,0.00884417347640608,0.0,0.27650796286412616,0.0,-3.687787716323385e-05,0.0,0.0,0.0,-5.312914515015547e-06,0.0,0.0,-0.0012722979510472548,0.0,0.0,0.0,0.0,-0.0002953938933891408,0.0,0.0,-2.776976815699028e-05,0.0,0.0,0.0,0.001416648074992103,0.0,0.0,0.0001661431706542205,0.0004542508927498156
0.0,-2.5009698526290994e-07,0.0,0.0,0.0,0.0,0.0,0.0,0.28149005486222833,-0.28149005486222833,0.0,0.0,0.0,0.0,-0.1456200260936896,0.008448841554514159,0.0,0.2774050975893569,0.0,-5.902290873132397e-05,0.0,0.0,0.001678301775785872,-8.503300423965905e-06,0.0,0.0,-0.0013649875487353293,0.0,0.0,0.0,0.0,-0.00047277685567757903,0.0,0.0,-4.444541328029995e-05,0.0,0.0,0.0,0.0009246986885798131,0.0,0.0,0.0002659115424255869,0.000727026907357476
0.0,-2.12475835851396e-07,0.0,0.0,0.0,0.0,0.0,0.0,0.28049595729021154,-0.28049595729021154,0.002138761722254174,0.0,0.0,0.0,-0.14759779216672833,0.00860375522571924,0.0,0.27631256421099776,0.0,-5.0144314430201067e-05,0.0,0.0,0.0,-7.224180903973619e-06,0.0,0.0,-0.0015161178896296215,0.0,0.0,0.0,0.0,-0.00040165881038385295,0.0,0.0,-3.775965682499162e-05,0.0,0.0,0.0,0.0014985203147619005,0.0,0.0,0.00022591146862492622,0.0006176629824819576
0.0,-2.2704360072692096e-07,0.0,0.0,0.0,0.002285399469411279,0.0,0.0,0.2814441208938131,-0.2814441208938131,0.0,0.0,0.0,0.0,-0.14629039229679544,0.009193645754553339,0.0,0.2746885066154808,0.0,-5.358230811798429e-05,0.0,0.0,0.0,-7.71948508011979e-06,0.0,0.0,-0.001620065940245356,0.0,0.0,0.0,0.0,-0.00042919733534792166,0.0,0.0,-4.034853381518126e-05,0.0,0.0,0.0,0.0016012618407296665,0.0,0.0,0.0002414004071408061,0.0006600111820551352
0.0,-1.5516197936869523e-07,0.0,0.0,0.0,0.0,0.0,0.0,0.28182090072167154,-0.28182090072167154,0.0,0.0,0.0,0.0010036947415684222,-0.14702431994226375,0.007577472670933956,0.0,0.27720410253876127,0.0,-3.66182396689939e-05,0.0,0.0,0.0,-5.275509113243534e-06,0.0,0.0,-0.0015644488011913062,0.0,0.0,0.0,0.0,-0.0002933141822942244,0.0010051963136874715,0.0,-2.757425600785027e-05,0.0,0.0,0.0,0.0,0.0,0.0,0.00016497344506717537,0.00045105275411976974
0.0,-2.9083510506711863e-07,0.0,0.0,0.0,0.0,0.0,0.0,0.28200000838271927,-0.28200000838271927,0.0,0.0,0.0,0.0,-0.1433667643114299,0.007932116145144951,0.0,0.2783631560306716,0.0,-6.8637108296992e-05,0.0,0.0,0.0025084295075125506,-9.888396973764559e-06,0.0,0.0,-0.0013646292580520873,0.0,0.0,0.0,0.0,-0.0005497871409755146,0.0006299219187316665,0.0,-5.168509499440395e-05,0.0,0.0,0.0,0.0,0.0,0.0,0.00030922568418250475,0.0008454518024903666
0.0,-2.2297216384357028e-07,0.0,0.0,0.0,0.0,0.0,0.0,0.2809435741162019,-0.2809435741162019,0.0028846756051511963,0.0,0.0,0.0,-0.14565174649393503,0.008004367476008033,0.0,0.27719377982698246,0.0,-5.262144868451797e-05,0.0,0.0,0.0,-7.58105617846809e-06,0.0,0.0,-0.0015269883846876534,0.0,0.0,0.0,0.0,-0.000421500796640041,0.0014444956042865187,0.0,-3.962498772871025e-05,0.0,0.0,0.0,0.0,0.0,0.0,0.00023707151824835468,0.0006481755969012722
0.0,-2.440963252896756e-07,0.0,0.0,0.0,0.00315796690821092,0.0,0.0,0.2822961541545186,-0.2822961541545186,0.0,0.0,0.0,0.0,-0.14366081381940962,0.008762693304319828,0.0,0.2750331411687496,0.0,-5.760675249275278e-05,0.0,0.0,0.0,-8.299277914694795e-06,0.0,0.0,-0.0016716537483296352,0.0,0.0,0.0,0.0,-0.0004614333636672547,0.0015813456838083076,0.0,-4.337901972827617e-05,0.0,0.0,0.0,0.0,0.0,0.0,0.00025953143853358344,0.0007095831094729945
0.0,-1.549249906398302e-07,0.0,0.0,0.0,0.0,0.0,0.0,0.28177600583517687,-0.28177600583517687,0.0,0.0,0.0,0.000779730171370633,-0.14710375018015617,0.00783281699278494,0.0,0.2771662591808514,0.0,-3.65623103098317e-05,0.0,0.0,0.0,-5.267451493690404e-06,0.0,0.0,-0.0014953298502716514,0.0,0.0,0.0,0.0,-0.00029286618494653126,0.0010926336390574434,0.0,-2.753214009835177e-05,0.0,0.0,0.0,0.0,0.0,0.0,0.00016472147066467013,0.00045036383265018785
0.0,-1.4955310734752503e-07,0.0,0.0,0.0,0.0,0.0,0.0,0.28174051782929577,-0.28174051782929577,0.0,0.0,0.0,0.0,-0.1472468276562983,0.008464453663446982,0.0,0.277290609951993,0.0,-3.529454541876856e-05,0.0,0.0,0.0,-5.084807398924787e-06,0.0,0.0,-0.0012176725254731482,0.0,0.0,0.0,0.0,-0.000282711316069031,0.001355825054785645,0.0,-2.6577488154950476e-05,0.0,0.0,0.0,0.0,0.0,0.0,0.00015900990332816072,0.00043474787593409894
0.0,-2.4298195718621927e-07,0.0,0.0,0.0,0.0,0.0,0.0,0.28186691371584893,-0.28186691371584893,0.0,0.0,0.0,0.0,-0.14477137444875468,0.00820847982119424,0.0,0.2778981697018379,0.0,-5.734376153028971e-05,0.0,0.0,0.0016305556414479335,-8.261389386144108e-06,0.0,0.0,-0.0013261549145739235,0.0,0.0,0.0,0.0,-0.0004593267911011534,0.0008983918655495071,0.0,-4.318098235148638e-05,0.0,0.0,0.0,0.0,0.0,0.0,0.00025834660481434266,0.0007063436638032996
0.0,-2.0284996728524785e-07,0.0,0.0,0.0,0.0,0.0,0.0,0.2811411171736687,-0.2811411171736687,0.002041868637211195,0.0,0.0,0.0,-0.14615676857081675,0.008213976234398991,0.0,0.2771472458430325,0.0,-4.787260867076447e-05,0.0,0.0,0.0,-6.896901260144555e-06,0.0,0.0,-0.0014474326601874954,0.0,0.0,0.0,0.0,-0.00038346231805474665,0.0014306323145297731,0.0,-3.604901762574435e-05,0.0,0.0,0.0,0.0,0.0,0.0,0.00021567692079573245,0.0005896807761114193
0.0,-2.1608657957813276e-07,0.0,0.0,0.0,0.002175107128030175,0.0,0.0,0.2820856215878317,-0.2820856215878317,0.0,0.0,0.0,0.0,-0.14481843180451306,0.008749964582106343,0.0,0.2756560301891743,0.0,-5.099645024147984e-05,0.0,0.0,0.0,-7.346946232912377e-06,0.0,0.0,-0.0015418822930830204,0.0,0.0,0.0,0.0,-0.0004084844666947022,0.0015239856708774936,0.0,-3.8401331881631606e-05,0.0,0.0,0.0,0.0,0.0,0.0,0.00022975053302896437,0.0006281593418928887
0.0,-2.6133285240452175e-07,0.0,0.0,0.0,0.0,0.0,0.0,0.28109168855046107,-0.28109168855046107,0.0,0.0,0.0,0.0008439760845348361,-0.14618740173556066,0.007683390559437756,0.0,0.2767018283468056,0.0,-6.167457428466715e-05,0.0,0.0,0.0,-8.885320038190585e-06,0.0,0.0,-0.0013651782067112003,0.0,0.0,0.0,0.0,-0.0004940168475648785,0.0,0.0,-4.644216969120395e-05,0.0,0.0,0.0,0.0,0.0,-0.003386020479388866,0.0002778578949934683,0.0007596893472139911
0.0,-3.471869829801598e-07,0.0,0.0,0.0,0.0,0.0,0.0,0.2814951842105317,-0.2814951842105317,0.0,0.0,0.0,0.0,-0.1431969455288211,0.007965084172323158,0.0,0.2779056343694515,0.0,-8.193615603802608e-05,0.0,0.0,0.002242485074501778,-1.180436148187533e-05,0.0,0.0,-0.001253050829839454,0.0,0.0,0.0,0.0,-0.0006563132697221193,0.0,0.0,-6.16995399919445e-05,0.0,0.0,0.0,0.0,0.0,-0.002255924611580667,0.0003691408997085249,0.0010092655784934483
0.0,-3.5112393388535103e-07,0.0,0.0,0.0,0.0,0.0,0.0,0.28015139062188055,-0.28015139062188055,0.002267913889741784,0.0,0.0,0.0,-0.14482073723748815,0.008055404797460029,0.0,0.2765211368310878,0.0,-8.286527676977954e-05,0.0,0.0,0.0,-1.193821785869672e-05,0.0,0.0,-0.0012672598867471809,0.0,0.0,0.0,0.0,-0.0006637555796242425,0.0,0.0,-6.239918621063655e-05,0.0,0.0,0.0,0.0,0.0,-0.004549419715126521,0.00037332679857712863,0.0010207102156129663
0.0,-3.7675754389101394e-07,0.0,0.0,0.0,0.002433481698044618,0.0,0.0,0.28113583549032645,-0.28113583549032645,0.0,0.0,0.0,0.0,-0.14322588715420773,0.008643485201808822,0.0,0.27480707531671456,0.0,-8.891481080245935e-05,0.0,0.0,0.0,-1.2809760898688956e-05,0.0,0.0,-0.0013597754989791416,0.0,0.0,0.0,0.0,-0.0007122126912739602,0.0,0.0,-6.695460453913041e-05,0.0,0.0,0.0,0.0,0.0,-0.004881547603531034,0.00040058131652893957,0.0010952266044740061
0.0,-2.77447496239819e-07,0.0,0.0,0.0,0.0,0.0,0.0,0.28089769352033883,-0.28089769352033883,0.0,0.0,0.0,0.000418008416783037,-0.14619927621673373,0.008157173710593848,0.0,0.27655581342832375,0.0,-6.547763153195336e-05,0.0,0.0,0.0,-9.433218117060647e-06,0.0,0.0,-0.0012103545828093605,0.0,0.0,0.0,0.0,-0.0005244795524023917,0.0,0.0,-4.9305946735024405e-05,0.0,0.0,0.0,0.0,0.0,-0.003913486987630675,0.0002949915273456466,0.0008065342928195023
0.0,-2.890885558801447e-07,0.0,0.0,0.0,0.0,0.0,0.0,0.2807785617261139,-0.2807785617261139,0.0,0.0,0.0,0.0,-0.14616321158588944,0.0084994299823154,0.0,0.2765448710453335,0.0,-6.82249225477349e-05,0.0,0.0,0.0,-9.829014280980556e-06,0.0,0.0,-0.0010433647360085653,0.0,0.0,0.0,0.0,-0.0005464855096822156,0.0,0.0,-5.137471100337813e-05,0.0,0.0,0.0,0.0,0.0,-0.004368052638800472,0.00030736869423221737,0.0008403746191224082
0.0,-3.1617100342854953e-07,0.0,0.0,0.0,0.0,0.0,0.0,0.2810420391268191,-0.2810420391268191,0.0,0.0,0.0,0.0,-0.14493046436077087,0.008342974968016628,0.0,0.27704686050985655,0.0,-7.461638235757624e-05,0.0,0.0,0.0009527001855632847,-1.0749817814371001e-05,0.0,0.0,-0.0011411094241397775,0.0,0.0,0.0,0.0,-0.0005976814662529351,0.0,0.0,-5.618760617948568e-05,0.0,0.0,0.0,0.0,0.0,-0.003506994439737074,0.00033616366508196953,0.0009191027495878332
0.0,-3.176842928523042e-07,0.0,0.0,0.0,0.0,0.0,0.0,0.2804726705822381,-0.2804726705822381,0.0009572600949135672,0.0,0.0,0.0,-0.14562414511112018,0.008382906953065355,0.0,0.27645836983996525,0.0,-7.497351878386484e-05,0.0,0.0,0.0,-1.0801269672477442e-05,0.0,0.0,-0.0011465711167180715,0.0,0.0,0.0,0.0,-0.000600542149338502,0.0,0.0,-5.645653694560738e-05,0.0,0.0,0.0,0.0,0.0,-0.004481040063801861,0.0003377726453916838,0.000923501851514362
0.0,-3.270772323261213e-07,0.0,0.0,0.0,0.0009855633076770757,0.0,0.0,0.28088087130878314,-0.28088087130878314,0.0,0.0,0.0,0.0,-0.14500198299673567,0.008630763518203721,0.0,0.2757623168333062,0.0,-7.71902532586893e-05,0.0,0.0,0.0,-1.1120629724443011e-05,0.0,0.0,-0.0011804716693864612,0.0,0.0,0.0,0.0,-0.0006182983185515485,0.0,0.0,-5.8125781684370556e-05,0.0,0.0,0.0,0.0,0.0,-0.004613530523815283,0.0003477595351607357,0.000950806937697094
0.0,-1.4390330433873478e-07,0.0,0.0,0.0,0.0,0.0,0.0,0.2815706886617031,-0.2815706886617031,0.0,0.0,0.0,0.00046473662316069697,-0.14855316831599982,0.007959903785435854,0.0,0.27635663049921855,0.0,-3.396119145215743e-05,0.0,0.0009322584800560147,0.0,-4.892714030548249e-06,0.0,0.0,-0.0016839957880500204,0.0,0.0,0.0,0.0,-0.00027203107496622187,0.0,0.0,-2.5573446345274154e-05,0.0,0.0,0.0,0.0,0.0,0.0,0.0001530028423838282,0.0004183240121904327
0.0,-2.2490896475939203e-07,0.0,0.0,0.0,0.0,0.0,0.0,0.28172851158078066,-0.28172851158078066,0.0,0.0,0.0,0.0,-0.14610444567199155,0.008082601914573115,0.0,0.2772110943991348,0.0,-5.307853385715658e-05,0.0,0.0007306980011327725,0.0014526898222546685,-7.646907432258022e-06,0.0,0.0,-0.0015424287938917672,0.0,0.0,0.0,0.0,-0.0004251620748681375,0.0,0.0,-3.9969181870254455e-05,0.0,0.0,0.0,0.0,0.0,0.0,0.0002391307902477994,0.0006538058382195223
0.0,-1.6748818625019396e-07,0.0,0.0,0.0,0.0,0.0,0.0,0.28120066623038,-0.28120066623038,0.0010818082941862401,0.0,0.0,0.0,-0.14828899613946467,0.00818267561655497,0.0,0.2762138637400501,0.0,-3.952722548905613e-05,0.0,0.0010850500108975979,0.0,-5.694600291376514e-06,0.0,0.0,-0.0016895404470528722,0.0,0.0,0.0,0.0,-0.00031661532415221285,0.0,0.0,-2.9764779649911676e-05,0.0,0.0,0.0,0.0,0.0,0.0,0.00017807908358844984,0.0004868847896762314
0.0,-1.7310621853994585e-07,0.0,0.0,0.0,0.001118095235158787,0.0,0.0,0.2816881781001796,-0.2816881781001796,0.0,0.0,0.0,0.0,-0.14767255656397119,0.008457145935086573,0.0,0.2754160087715975,0.0,-4.0853081563406945e-05,0.0,0.0011214456883104056,0.0,-5.885613454934171e-06,0.0,0.0,-0.001746212460756608,0.0,0.0,0.0,0.0,-0.0003272355067115982,0.0,0.0,-3.07631753989752e-05,0.0,0.0,0.0,0.0,0.0,0.0,0.0001840523648337005,0.0005032162965784799
0.0,-1.4278230927326588e-07,0.0,0.0,0.0,0.0,0.0,0.0,0.2815092536368833,-0.2815092536368833,0.0,0.0,0.0,0.0002151189246716222,-0.1487489370958573,0.008225893364626397,0.0,0.27625381341848476,0.0,-3.369663652612391e-05,0.0,0.0010069954081001896,0.0,-4.854600185211629e-06,0.0,0.0,-0.0016298780245056436,0.0,0.0,0.0,0.0,-0.0002699119749629758,0.0,0.0,-2.5374231273098987e-05,0.0,0.0,0.0,0.0,0.0,0.0,0.0001518109626552623,0.00041506530207541833
0.0,-1.4083327289688336e-07,0.0,0.0,0.0,0.0,0.0,0.0,0.28148582261367405,-0.28148582261367405,0.0,0.0,0.0,0.0,-0.14887564221791974,0.008396516539347275,0.0,0.27623139379567785,0.0,-3.323666378380426e-05,0.0,0.0010639770008107564,0.0,-4.78833292561953e-06,0.0,0.0,-0.0015722657850205336,0.0,0.0,0.0,0.0,-0.00026622756713751285,0.0,0.0,-2.5027862734687394e-05,0.0,0.0,0.0,0.0,0.0,0.0,0.0001497386815018424,0.00040939949251934146
0.0,-1.7134915487721335e-07,0.0,0.0,0.0,0.0,0.0,0.0,0.28155305576974765,-0.28155305576974765,0.0,0.0,0.0,0.0,-0.14791777723583122,0.008322720136295248,0.0,0.27653693707918436,0.0,-4.0438414397021216e-05,0.0,0.0009503093688093919,0.0005163167079757971,-5.825873269851405e-06,0.0,0.0,-0.00156873463022955,0.0,0.0,0.0,0.0,-0.00032391399912597596,0.0,0.0,-3.0450922851956896e-05,0.0,0.0,0.0,0.0,0.0,0.0,0.00018218419553847295,0.0004981085478409103
0.0,-1.5273792519531703e-07,0.0,0.0,0.0,0.0,0.0,0.0,0.2813475504138421,-0.2813475504138421,0.0004602365431939863,0.0,0.0,0.0,-0.14865019977502983,0.008339214115545336,0.0,0.27618590677431715,0.0,-3.60461626881991e-05,0.0,0.0010772090050740813,0.0,-5.193091242997978e-06,0.0,0.0,-0.0016284634970228347,0.0,0.0,0.0,0.0,-0.0002887318131430045,0.0,0.0,-2.7143470768930363e-05,0.0,0.0,0.0,0.0,0.0,0.0,0.0001623961089849808,0.0004440060773792025
0.0,-1.5487631742393118e-07,0.0,0.0,0.0,0.00046668003943784147,0.0,0.0,0.2815530886760255,-0.2815530886760255,0.0,0.0,0.0,0.0,-0.14839796201064426,0.008455966458715037,0.0,0.275852499915345,0.0,-3.6550823426946454e-05,0.0,0.0010922903633032045,0.0,-5.2657966037805766e-06,0.0,0.0,-0.0016512626392932456,0.0,0.0,0.0,0.0,-0.0002927741743613406,0.0,0.0,-2.7523490249198094e-05,0.0,0.0,0.0,0.0,0.0,0.0,0.00016466971966135069,0.0004502223405902615
0.0,-2.7212275199496625e-07,0.0,0.001919189870882874,0.0,0.0,0.0,0.0,0.2831834929222844,-0.2831834929222844,0.0,0.0,0.0,0.00040998604158869905,-0.14147424464539524,0.0060814321881069375,0.0,0.28084413162408395,0.0,-6.42209914598981e-05,0.0,0.0,0.0,-9.252176750459731e-06,0.0,0.0,-0.0011871255802543166,0.0,0.0,0.0,0.0,-0.0005144137939578332,0.0,0.0,-4.8359671999542914e-05,0.0,0.0,0.0,0.0,0.0,0.0,0.0002893300798328663,0.0007910553683665137
0.0,-3.10722493149664e-07,0.0,0.0017232795606814254,0.0,0.0,0.0,0.0,0.28309201735235,-0.28309201735235,0.0,0.0,0.0,0.0,-0.14070962773055962,0.006475922624958605,0.0,0.2808889663925877,0.0,-7.333053349148823e-05,0.0,0.0,0.0009362824979908986,-1.0564568401165454e-05,0.0,0.0,-0.001121444918668567,0.0,0.0,0.0,0.0,-0.0005873817437070172,0.0,0.0,-5.521933664655843e-05,0.0,0.0,0.0,0.0,0.0,0.0,0.0003303706253511744,0.0009032640397625251
0.0,-2.829097328544584e-07,0.0,0.0021373461176539934,0.0,0.0,0.0,0.0,0.283326736508472,-0.283326736508472,0.0,0.0,0.0,0.0,-0.14090185173996603,0.00618042162791167,0.0,0.28132088056874477,0.0,-6.676671981438845e-05,0.0,0.0,0.0,-9.618934225842362e-06,0.0,0.0,-0.0010210644203305153,0.0,0.0,0.0,0.0,-0.0005348052228574811,0.0,0.0,-5.0276655612291464e-05,0.0,0.0,0.0,0.0,0.0,0.0,0.00030079916137916126,0.0008224129048268458
0.0,-3.10722493149664e-07,0.0,0.0021914208096768745,0.0,0.0,0.0,0.0,0.28309201735235,-0.28309201735235,0.0009362824979908986,0.0,0.0,0.0,-0.14024148648156415,0.006007781375963156,0.0,0.28135710764158317,0.0,-7.333053349148823e-05,0.0,0.0,0.0,-1.0564568401165454e-05,0.0,0.0,-0.001121444918668567,0.0,0.0,0.0,0.0,-0.0005873817437070172,0.0,0.0,-5.521933664655843e-05,0.0,0.0,0.0,0.0,0.0,0.0,0.0003303706253511744,0.0009032640397625251
0.0,-3.197024473296523e-07,0.0,0.0022547533938760255,0.0,0.00096334128554843,0.0,0.0,0.2835667139057039,-0.2835667139057039,0.0,0.0,0.0,0.0,-0.1394777924700532,0.006181407690983584,0.0,0.2808183236048562,0.0,-7.54498034035975e-05,0.0,0.0,0.0,-1.0869886948310746e-05,0.0,0.0,-0.001153854944357225,0.0,0.0,0.0,0.0,-0.0006043572162297291,0.0,0.0,-5.681518864912524e-05,0.0,0.0,0.0,0.0,0.0,0.0,0.00033991841523917153,0.00092936858600016
0.0023875924981395865,-1.8427424220159244e-07,0.0,0.0,0.0,0.0,0.0,0.0,0.28177257373659653,-0.28177257373659653,0.0,0.0,0.0,0.0017889110690511218,-0.145461229529805,0.005417807060428977,0.0,0.27867714139827204,0.0,-4.3488736049996195e-05,0.0,0.0,0.0,-6.265326390046567e-06,0.0,0.0,-0.0015595294094926334,0.0,0.0,0.0,0.0,-0.0003483472490436203,0.0,0.0,-3.274787516112649e-05,0.0,0.0,0.0,0.0,0.0,0.0,0.00019592658392751346,0.0005356815168028925
0.005213540001892404,-4.0238069678347786e-07,0.0,0.0,0.0,0.0,0.0,0.0,0.27933932409134415,-0.27933932409134415,0.00781252196561464,0.0,0.0,0.0,-0.13989384101537952,0.004017785699571452,0.0,0.28039266904849486,0.0,-9.49618769555792e-05,0.0,0.0,0.0,-1.3680948396710125e-05,0.0,0.0,-0.0014522533698929825,0.0,0.0,0.0,0.0,-0.0007606500350680499,0.0,0.0,-7.150816450568777e-05,0.0,0.0,0.0,0.0,0.0,0.0,0.0004278247161256167,0.0011697125947172419
0.0011580045724668695,-3.564339975973758e-07,0.0,0.0,0.0,0.0,0.0,0.0,0.28204452911592404,-0.28204452911592404,0.0,0.0,0.0,0.0,-0.141220845173257,0.007019222489363864,0.0,0.2795173793993421,0.0,-8.411845223490114e-05,0.0,0.0,0.003460216230277768,-1.2118760087009788e-05,0.0,0.0,-0.0012864247174206663,0.0,0.0,0.0,0.0,-0.0006737935863702239,0.0,0.0,-6.33428520288293e-05,0.0,0.0,0.0,0.0,0.0,0.0,0.00037897263725270605,0.0010361464640522115
0.006809527496040633,-5.255589134500765e-07,0.0,0.0,0.0,0.010204119105054147,0.0,0.0,0.28321872326351294,-0.28321872326351294,0.0,0.0,0.0,0.0,-0.13169804796364204,0.005247724614081765,0.0,0.2743904028376537,0.0,-0.000124031946042406,0.0,0.0,0.0,-1.7869009204014017e-05,0.0,0.0,-0.0018968223606061101,0.0,0.0,0.0,0.0,-0.0009935029417209899,0.0,0.0,-9.339849933368307e-05,0.0,0.0,0.0,0.0,0.0,0.0,0.0005587919469085699,0.001527789193772542
0.002638337299395368,-1.8704548661257773e-07,0.0,0.0,0.0,0.0,0.0,0.0,0.2817132955262652,-0.2817132955262652,0.0,0.0,0.0,0.0016009754375944244,-0.1453929723379805,0.005499283816792926,0.0,0.27878615044248883,0.0,-4.4142749954921235e-05,0.0,0.0,0.0,-6.359548732431351e-06,0.0,0.0,-0.0014755634379551756,0.0,0.0,0.0,0.0,-0.0003535859376170246,0.0,0.0,-3.324036051842691e-05,0.0,0.0,0.0,0.0,0.0,0.0,0.00019887306436984555,0.0005437374685830882
0.0043867990449220325,-1.9355282635073225e-07,0.0,0.0,0.0,0.0,0.0,0.0,0.2815741004945433,-0.2815741004945433,0.0,0.0,0.0,0.0,-0.1446528574119831,0.0056906047022122494,0.0,0.2802017932131026,0.0,-4.5678482658956245e-05,0.0,0.0,0.0,-6.580798359635657e-06,0.0,0.0,-0.0006985617018090116,0.0,0.0,0.0,0.0,-0.0003658872439162442,0.0,0.0,-3.4396797505116525e-05,0.0,0.0,0.0,0.0,0.0,0.0,0.00020579188726185666,0.0005626541743561766
0.005123935787099396,-3.632625225323722e-07,0.0,0.0,0.0,0.0,0.0,0.0,0.27972065500023374,-0.27972065500023374,0.006218534181233877,0.0,0.0,0.0,-0.14089719169644066,0.004461668520194565,0.0,0.2802543575065219,0.0,-8.572998467134443e-05,0.0,0.0,0.0,-1.2350930014663161e-05,0.0,0.0,-0.0013110699064854464,0.0,0.0,0.0,0.0,-0.0006867020528369018,0.0,0.0,-6.455636770760369e-05,0.0,0.0,0.0,0.0,0.0,0.0,0.00038623295506920295,0.0010559968487343179
0.0018271885300434967,-3.294581961414803e-07,0.0,0.0,0.0,0.0,0.0,0.0,0.28188979412466697,-0.28188979412466697,0.0,0.0,0.0,0.0,-0.1418852731996326,0.006866402765837132,0.0,0.27955390531322694,0.0,-7.775216091150962e-05,0.0,0.0,0.002819926261194307,-1.1201582522011947e-05,0.0,0.0,-0.0011890649313199705,0.0,0.0,0.0,0.0,-0.0006227992308073448,0.0,0.0,-5.854890921894609e-05,0.0,0.0,0.0,0.0,0.0,0.0,0.0003502910561222382,0.0009577283516333348
0.006299064160936455,-4.4657349970233923e-07,0.0,0.0,0.0,0.007644698806177445,0.0,0.0,0.282714469271118,-0.282714469271118,0.0,0.0,0.0,0.0,-0.13498719546021948,0.005484911880491291,0.0,0.27572587281860894,0.0,-0.00010539138201546355,0.0,0.0,0.0,-1.5183504212811462e-05,0.0,0.0,-0.0016117519429531804,0.0,0.0,0.0,0.0,-0.0008441909637425579,0.0,0.0,-7.93617873219678e-05,0.0,0.0,0.0,0.0,0.0,0.0,0.0004748119933849206,0.0012981801841997092
