M_ac_e,M_ca2_e,M_cd2_e,M_cit_e,M_cl_e,M_co2_e,M_cobalt2_e,M_cu2_e,M_fe2_e,M_fe3_e,M_for_e,M_fum_e,M_gln__45__L_e,M_gly_e,M_h2_e,M_h2o_e,M_h2s_e,M_h_e,M_ile__45__L_e,M_k_e,M_lac__45__L_e,M_leu__45__L_e,M_lys__45__L_e,M_mg2_e,M_mn2_e,M_mobd_e,M_n2_e,M_na1_e,M_nh4_e,M_ni2_e,M_oxa_e,M_pi_e,M_pro__45__L_e,M_s_e,M_so4_e,M_ss_e,M_succ_e,M_ura_e,M_val__45__L_e,M_zn2_e,M_fixed_uptake,objective,virtual_tag_R_constraint_reaction
0.0,-4.782657682627081e-07,0.0,0.0,0.0,0.014048738893625401,0.0,0.0,0.2823397108142564,-0.2823397108142564,0.0,0.0,0.0,0.0,-0.14199080217063298,0.010510063384669902,0.0,0.26380945703305153,0.0,-0.0001128707599566285,0.0,0.0,0.0,-1.6261041714523172e-05,0.0,0.0,-0.0019588124464273832,0.0,0.0,0.0,0.0,-0.0009041012064170531,0.0004653565349731734,0.0,-8.499390628763671e-05,0.0,0.0,0.0,0.0,0.0,0.0,0.0005085082812749747,0.0009101344466875825
0.0,-5.341668730899032e-07,0.0,0.0,0.0,0.017263212786525536,0.0,0.0,0.2834727705472612,-0.2834727705472612,0.0,0.0,0.0,0.0,-0.13872224641833167,0.009222644617871914,0.0,0.26277664639055276,0.0,-0.00012606342521297785,0.0,0.0,0.0,-1.8161679932443127e-05,0.0,0.0,-0.002030522575280108,0.0,0.0,0.0,0.0,-0.0010097752054111684,0.0002052655481532949,0.0,-9.492824317801634e-05,0.0,0.0,0.0,0.0,0.0,0.0,0.0005679442196661055,0.0010165136284883947
0.0,-4.682861489022582e-07,0.0,0.0,0.0,0.014141141066314599,0.0,0.0,0.28264045227457013,-0.28264045227457013,0.0,0.0,0.0,0.0,-0.14179107052583464,0.009800061639554877,0.0,0.2641814082176481,0.0,-0.00011051556898115158,0.0,0.0,0.00031544742674158776,-1.5921734539550528e-05,0.0,0.0,-0.0020055636357292645,0.0,0.0,0.0,0.0,-0.0008852359927595083,0.0,0.0,-8.322040107569259e-05,0.0,0.0,0.0,0.0,0.0,0.0,0.0004978976136806898,0.0008911433418511043
0.0,-5.291924065421677e-07,0.0,0.0,0.0,0.017274516671965882,0.0,0.0,0.2835964391436072,-0.2835964391436072,0.0,0.0,0.0,0.0,-0.13866354525151442,0.008917761478121723,0.0,0.2629522655603728,0.0,-0.00012488945070574672,0.0,0.0,0.00014078353729135335,-1.7992548011640895e-05,0.0,0.0,-0.002050719729225987,0.0,0.0,0.0,0.0,-0.0010003716028421914,0.0,0.0,-9.404421724171521e-05,0.0,0.0,0.0,0.0,0.0,0.0,0.0005626551992044542,0.001007047273880924
0.0,-4.883546926489875e-07,0.0,0.0,0.0,0.014388291896612157,0.0,0.0,0.28213276105111224,-0.28213276105111224,0.0,0.0,0.0,0.0,-0.14237981814469283,0.01081816626678962,0.0,0.2632116151307182,0.0,-0.00011525174692703362,0.0,0.0003887780249179003,0.0,-1.6604065261652394e-05,0.0,0.0,-0.001956935659879699,0.0,0.0,0.0,0.0,-0.0009231730474610377,0.0,0.0,-8.6786836392054e-05,0.0,0.0,0.0,0.0,0.0,0.0,0.0005192351656560497,0.00092933355777457
0.0,-5.390792577882299e-07,0.0,0.0,0.0,0.017440803419650278,0.0,0.0,0.28339297015224263,-0.28339297015224263,0.0,0.0,0.0,0.0,-0.13886178039127578,0.009345123497215595,0.0,0.2625065172261105,0.0,-0.00012722274839873193,0.0,0.00016948901590365645,0.0,-1.8328701069639375e-05,0.0,0.0,-0.002030363855550986,0.0,0.0,0.0,0.0,-0.001019061450061867,0.0,0.0,-9.580123638055108e-05,0.0,0.0,0.0,0.0,0.0,0.0,0.0005731672326134496,0.001025861842025752
0.0,-4.837624980690796e-07,0.0,0.0,0.0,0.014445554125527952,0.0,0.0,0.282368170231329,-0.282368170231329,0.0,0.0,0.0,0.0,-0.1419556289446401,0.010395503562729579,0.0,0.26362494741692577,0.0003530286737891756,-0.00011416798863509961,0.0,0.0,0.0,-1.6447930592227193e-05,0.0,0.0,-0.001922487052943415,0.0,0.0,0.0,0.0,-0.0009144920819073502,0.0,0.0,-8.597074504351976e-05,0.0,0.0,0.0,0.0,0.0,0.0,0.0005143525896322802,0.0009205946624774048
0.0,-5.368575496941477e-07,0.0,0.0,0.0,0.01745331986257929,0.0,0.0,0.2834909510650296,-0.2834909510650296,0.0,0.0,0.0,0.0,-0.1386903665817182,0.009165950676273937,0.0,0.26269057750636016,0.000154724625538025,-0.00012669842510900172,0.0,0.0,0.0,-1.8253162968456438e-05,0.0,0.0,-0.0020149631766478004,0.0,0.0,0.0,0.0,-0.0010148615906919133,0.0,0.0,-9.540641061195628e-05,0.0,0.0,0.0,0.0,0.0,0.0,0.0005708050377013608,0.0010216339561909496
0.0,-4.5500947874989966e-07,0.0,0.0,0.0,0.014251056801874377,0.0,0.0,0.28351575352280023,-0.28351575352280023,0.0,0.0,0.0,0.0006640919603554863,-0.13999321808221996,0.007785358136246051,0.0,0.2658865572190036,0.0,-0.00010738227375236352,0.0,0.0,0.0,-1.5470327599092103e-05,0.0,0.0,-0.001974244659512909,0.0,0.0,0.0,0.0,-0.0008601381197807439,0.0,0.0,-8.08609680289988e-05,0.0,0.0,0.0,0.0,0.0,0.0,0.0004837814105814077,0.000865877985965686
0.0,-5.223895998883912e-07,0.0,0.0,0.0,0.017284074435534456,0.0,0.0,0.2839810252980363,-0.2839810252980363,0.0,0.0,0.0,0.00030110980193437755,-0.13788857507193775,0.00801560506592656,0.0,0.2637412078138027,0.0,-0.0001232839877857495,0.0,0.0,0.0,-1.7761252505849788e-05,0.0,0.0,-0.002035938725040614,0.0,0.0,0.0,0.0,-0.000987511753547431,0.0,0.0,-9.283527202842035e-05,0.0,0.0,0.0,0.0,0.0,0.0,0.0005554222259311973,0.0009941016083522204
0.0,-1.2686491090576733e-07,0.0,0.0,0.0,0.0,0.0,0.0,0.2816954776169127,-0.2816954776169127,0.0,0.0,0.0,0.002171887706252239,-0.14929599050265016,0.006144152920699534,0.0,0.2767801373374836,0.0,-2.9940129225176764e-05,0.0,0.0,0.0,-4.313408454553621e-06,0.0,0.0,-0.0015438186862302872,0.0,0.0,0.0,0.0,-0.00023982213784301822,0.0,0.0,-2.254550725610636e-05,0.0,0.0,0.0,0.0,0.0,0.0,0.00013488704833116683,0.0002414225168376808
0.0,-3.7103896731884806e-07,0.0,0.0,0.0,0.0,0.0,0.0,0.2775903226443636,-0.2775903226443636,0.012704142791049686,0.0,0.0,0.0,-0.14762339560001494,0.005265523828893546,0.0,0.27591867966234956,0.0,-8.756522626933426e-05,0.0,0.0,0.0,-1.26153292283533e-05,0.0,0.0,-0.001339136283021951,0.0,0.0,0.0,0.0,-0.0007014024424103127,0.0,0.0,-6.593834079305699e-05,0.0,0.0,0.0,0.0,0.0,0.0,0.0003945011332145149,0.0007060830350600756
0.0,-5.179560737319276e-07,0.0,0.0,0.0,0.013198713105051314,0.0,0.0,0.2819156686836007,-0.2819156686836007,0.004535779764338492,0.0,0.0,0.0,-0.1400829954583011,0.0073504679798548625,0.0,0.266383406512525,0.0,-0.00012223767525456963,0.0,0.0,0.0,-1.7610512564677407e-05,0.0,0.0,-0.001869382551267097,0.0,0.0,0.0,0.0,-0.0009791307306669923,0.0,0.0,-9.204737807557682e-05,0.0,0.0,0.0,0.0,0.0,0.0,0.0005507083515219952,0.0009856646573031304
0.0,-5.059089431114236e-07,0.0,0.0,0.0,0.012891724484079168,0.0,0.0,0.28200402064599045,-0.28200402064599045,0.0,0.0,0.0,0.0,-0.14236266037457126,0.010502215193541855,0.0,0.26461788199605446,0.0,-0.00011939455145465313,0.0,0.0,0.0,-1.7200909982682202e-05,0.0,0.0,-0.0018259026175102791,0.0,0.0,0.0,0.0,-0.0009563571473360635,0.0,0.0,-8.990644983245071e-05,0.0,0.0,0.0,0.0,0.0,-0.0011075705369323968,0.0005378994362856394,0.0009627391014949157
0.0,-5.019777276108549e-07,0.0,0.0007320905684541429,0.0,0.012793756590854872,0.0,0.0,0.28203379813959806,-0.28203379813959806,0.0,0.0,0.0,5.521318688522873e-07,-0.14236449146210736,0.010785271645773746,0.0,0.26478110380473935,0.0,-0.00011846678427885406,0.0,0.0,0.0,-1.7067248609685055e-05,0.0,0.0,-0.0018119903264879385,0.0,0.0,0.0,0.0,-0.0009489256794941141,0.0,0.0,-8.920782286806319e-05,0.0,0.0,0.0,0.0,0.0,0.0,0.0005337196354925003,0.0009552580420467002
0.0,-5.019882598320645e-07,0.0,0.0007315537853233196,0.0,0.012795129309341572,0.0,0.0,0.2820330898965379,-0.2820330898965379,0.0,0.0,0.0,0.0,-0.14236582204538148,0.010787154366784908,0.0,0.26477837714475433,5.521434533801652e-07,-0.0001184692698839106,0.0,0.0,0.0,-1.7067606705329365e-05,0.0,0.0,-0.0018120283446746,0.0,0.0,0.0,0.0,-0.0009489455893319777,0.0,0.0,-8.92096945776479e-05,0.0,0.0,0.0,0.0,0.0,0.0,0.0005337308337050021,0.0009552780847467199
0.0,-5.019586044442321e-07,0.0,0.000729578180232183,0.0,0.01279934242359743,0.0,0.0,0.28203299187443853,-0.28203299187443853,0.0,0.0,0.0,0.0,-0.14236652149088033,0.010787897383458346,0.0,0.2647735012958708,0.0,-0.00011846227120998583,0.0,1.6563325050935196e-06,0.0,-1.706659842179623e-05,0.0,0.0,-0.001812473408378006,0.0,0.0,0.0,0.0,-0.0009488895295558131,0.0,0.0,-8.920442443827852e-05,0.0,0.0,0.0,0.0,0.0,0.0,0.0005336993030973403,0.0009552216508729469
0.0,-5.019662060254299e-07,0.0,0.0007316005202052581,0.0,0.012794567182036547,0.0,0.0,0.2820334769769681,-0.2820334769769681,0.0,0.0,0.0,0.0,-0.14236560137415408,0.01078628608481433,0.0,0.2647792856524691,0.0,-0.00011846406518376273,0.0,0.0,4.732450252369432e-07,-1.7066856875645853e-05,0.0,0.0,-0.0018121459224178429,0.0,0.0,0.0,0.0,-0.0009489038993877927,0.0,0.0,-8.920577533588154e-05,0.0,0.0,0.0,0.0,0.0,0.0,0.0005337073853546255,0.0009552361165975637
0.0,-5.019780047689087e-07,0.0,0.0007309867083174957,0.0,0.012795972183394316,0.0,0.0,0.28203284959518465,-0.28203284959518465,0.0,0.0,0.0,0.0,-0.14236650252873145,0.010787486129364032,0.0,0.26477683294151616,0.0,-0.00011846684968817717,0.0,0.0,0.0,-1.706725803306213e-05,0.0,0.0,-0.0018122673930329473,0.0,0.0,0.0,0.0,-0.0009489262034265121,0.0,0.0,-8.920787212257235e-05,0.0,0.0,0.0,1.1042643474041123e-06,0.0,0.0,0.0005337199301762829,0.0009552585694753993
0.0,-5.020284526319766e-07,0.0,0.000730507983470663,0.0,0.012792840653687765,0.0,0.0,0.2820324796176489,-0.2820324796176489,0.0,0.0,0.0,0.0,-0.14236645322028393,0.01078691368882559,0.0,0.26477969845511073,0.0,-0.00011847875538793764,0.0,0.0,0.0,-1.706897326099645e-05,0.0,0.0,-0.001811897334899401,0.0,0.0,0.0,0.0,-0.0009490215687586922,0.0,0.0,-8.921683734908556e-05,0.0,0.0,0.0,0.0,0.0,-3.3131259717992467e-06,0.0005337735680442736,0.0009553545711986809
0.0,-5.019604520295943e-07,0.0,0.0007309611477968922,0.0,0.012795524744737889,0.0,0.0,0.28203329381757425,-0.28203329381757425,0.0,0.0,0.0,0.0,-0.1423655732058236,0.010787108921737228,0.0,0.2647778805575984,0.0,-0.0001184627072402806,0.0,0.0,0.0,-1.706666123972015e-05,0.0,0.0,-0.001812204023210334,0.0,0.0,0.0,0.0,-0.0009488930221832721,1.1042257344289617e-06,0.0,-8.920475277768214e-05,0.0,0.0,0.0,0.0,0.0,0.0,0.0005337012675123567,0.0009552251668073768
0.0,-5.020284526319766e-07,0.0,0.0007321645464565626,0.0,0.012792840653687765,0.0,0.0,0.2820324796176489,-0.2820324796176489,3.3131259717992467e-06,0.0,0.0,0.0,-0.14236479665729804,0.01078525712583969,0.0,0.26478135501809663,0.0,-0.00011847875538793764,0.0,0.0,0.0,-1.706897326099645e-05,0.0,0.0,-0.001811897334899401,0.0,0.0,0.0,0.0,-0.0009490215687586922,0.0,0.0,-8.921683734908556e-05,0.0,0.0,0.0,0.0,0.0,0.0,0.0005337735680442736,0.0009553545711986809
0.0,-5.020667110679569e-07,0.0,0.0007322203430359812,0.0,0.012797128945165838,0.0,0.0,0.28203409239477634,-0.28203409239477634,0.0,0.0,0.0,0.0,-0.14236239243782609,0.010786079045527941,0.0,0.2647783397481604,0.0,-0.0001184877843819205,0.0,0.0,0.0,-1.7070274048267238e-05,0.0,0.0,-0.0018120354154361252,0.0,0.0,0.0,0.0,-0.0009490938915139902,0.0,0.0,-8.922363635946474e-05,0.0,0.0,0.0,0.0,0.0,0.0,0.0005338142457026293,0.0009554273765775575
0.0,-4.854190442026795e-07,0.0,0.0,0.0,0.014258861617398326,0.0,0.0,0.2821542906841251,-0.2821542906841251,0.0,0.0,0.0,0.0,-0.14238268748857666,0.010667259212860217,0.0,0.26334688552113483,0.0,-0.00011455893365648765,0.0,0.0,0.0,-1.6504253180143842e-05,0.0,0.0,-0.001988109809679709,0.0,0.0,0.0,0.0,-0.0009176235737624195,0.0,0.0,-8.626513434792634e-05,0.0,0.0,0.0,0.0004723167314288469,0.0,0.0,0.000516113885303324,0.000923747051376558
0.0,-5.376617149334034e-07,0.0,0.0,0.0,0.01737615913613835,0.0,0.0,0.28339907419768906,-0.28339907419768906,0.0,0.0,0.0,0.0,-0.1388722864484726,0.009282984721202966,0.0,0.2625675435147714,0.0,-0.00012688820817044724,0.0,0.0,0.0,-1.8280504595996302e-05,0.0,0.0,-0.0020438074785898387,0.0,0.0,0.0,0.0,-0.0010163817638073982,0.0,0.0,-9.554932099676877e-05,0.0,0.0,0.0,0.0002066085191663895,0.0,0.0,0.0005716600532822591,0.0010231642737123852
0.0,-5.455518105528846e-07,0.0,0.0003144606968737829,0.0,0.016792589502985452,0.0,0.0,0.28336509885643285,-0.28336509885643285,0.0,0.0,0.0,0.0,-0.138813809348056,0.009314390734988286,0.0,0.2631712510402133,0.0,-0.00012875027137420998,0.0,0.0,0.0,-1.854876793933783e-05,0.0,0.0,-0.001968979778751594,0.0,0.0,0.0,0.0,-0.0010312969959684433,0.0,0.0,-9.695149127987027e-05,0.0,0.0,0.0,0.0,0.0,0.0,0.0005800490688229945,0.0010381790380703565
0.0,-5.528535403547869e-07,0.0,0.0,0.0,0.017017343502245024,0.0,0.0,0.28333365706234764,-0.28333365706234764,0.0019120168556630791,0.0,0.0,0.0,-0.13780368446746738,0.00784570825986776,0.0,0.26382554083212245,0.0,-0.00013047348019748077,0.0,0.0,0.0,-1.879702683800041e-05,0.0,0.0,-0.0019953328364296237,0.0,0.0,0.0,0.0,-0.0010450999966448479,0.0,0.0,-9.824910147843176e-05,0.0,0.0,0.0,0.0,0.0,0.0,0.0005878125139999031,0.0010520741488102628
0.0,-5.473591012593178e-07,0.0,0.0,0.0,0.016848219583132994,0.0,0.0,0.28335731652761686,-0.28335731652761686,0.0,0.0,0.0,0.0,-0.13880041469161344,0.00918749600370783,0.0,0.26309657102582573,0.0,-0.00012917679212696772,0.0,0.0,0.0,-1.861021584449386e-05,0.0,0.0,-0.001975502566846984,0.0,0.0,0.0,0.0,-0.00103471345145504,0.0,0.0,-9.727266981099343e-05,0.0,0.0,0.0,0.0,0.0,-0.00047325365187893747,0.0005819706412036207,0.0010416182922178532
0.0,0.0,0.0,0.0,0.0,0.0,0.0,0.0,0.2857142857142857,-0.2857142857142857,0.0,0.0,0.0,0.0,-0.14285714285714285,0.0,0.0,0.2857142857142857,0.0,0.0,0.0,0.0,0.0,0.0,0.0,0.0,0.0,0.0,0.0,0.0,0.0,0.0,0.0,0.0,0.0,0.0,0.0,0.0,0.0,0.0,0.0,0.0,0.0
0.0,-5.549757864712227e-07,0.0,0.0,0.0,0.01900202474110153,0.0,0.0,0.2844212936775897,-0.2844212936775897,0.0,0.0,0.0,0.0,-0.13641331673366766,0.007875825682783251,0.0,0.262918934846659,0.0,-0.00013097433045244932,0.0,0.0,0.0,-1.8869183230780102e-05,0.0,0.0,-0.0020029923466868826,0.0,0.0,0.0,0.0,-0.0010491118356714066,0.0,0.0,-9.86262515893311e-05,0.0,0.0,0.0,0.0,0.0,0.0,0.0005900689575857181,0.0010561127596059577
0.0009671031327777534,-5.592695370449196e-07,0.0,0.0,0.0,0.017214833816795942,0.0,0.0,0.2827533989396331,-0.2827533989396331,0.0,0.0,0.0,0.0,-0.13940292896694903,0.009870965833867007,0.0,0.26205178325278006,0.0,-0.0001319876559348016,0.0,0.0,0.0,-1.9015170800503664e-05,0.0,0.0,-0.002018489148074169,0.0,0.0,0.0,0.0,-0.0010572286304147028,0.0,0.0,-9.938930564442045e-05,0.0,0.0,0.0,0.0,0.0,0.0,0.0005946342178852064,0.0010642837192730095
0.0,-3.2151279513268316e-07,0.0,0.0,0.0,0.0,0.0,0.0,0.27773691031696285,-0.27773691031696285,0.008663906230157075,0.0,0.0,0.0,-0.1500350363011227,0.008313869368073476,0.0,0.27394390642922783,0.0,-7.587704563139931e-05,0.0,0.0,0.0,-1.0931438794786846e-05,0.0,0.0,-0.0013948378978919152,0.0,0.0,0.0,0.0,-0.0006077794507724606,0.0004688982638218481,0.0,-5.713691046517275e-05,0.0,0.0,0.0,0.0,0.0,0.0,0.0003418432380279175,0.0006118352792925136
0.0,-1.3902764260494044e-07,0.0,0.0,0.0,0.0,0.0,0.0,0.2811943257262409,-0.2811943257262409,0.0,0.0,0.0,0.0018732107666693447,-0.1501088108353805,0.007341481128685983,0.0,0.275807744308486,0.0,-3.281053488900041e-05,0.0,0.0,0.0,-4.726941474575595e-06,0.0,0.0,-0.0015397571946954474,0.0,0.0,0.0,0.0,-0.00026281425045541226,0.0002027596451139625,0.0,-2.470697928032481e-05,0.0,0.0,0.0,0.0,0.0,0.0,0.00014781887452985448,0.00026456806021505236
0.0,-4.344281335057669e-07,0.0,0.0,0.0,0.011706671303339094,0.0,0.0,0.2816247814268197,-0.2816247814268197,0.0,0.0,0.0,0.0,-0.14419400540328098,0.011233701446601546,0.0,0.26479300274276557,0.0,-0.00010252507461165693,0.0,0.0,0.0,-1.4770561620081013e-05,0.0,0.0,-0.0018847051616537485,0.0,0.0,0.0,0.0,-0.0008212316784259755,0.0006335753992999107,0.0,-7.720340136829553e-05,0.0,0.0,0.0,0.0,0.0,0.0,0.00046189863077377563,0.0008267119144864376
0.0,-1.3883734717112742e-07,0.0,0.0,0.0,0.0,0.0,0.0,0.2811549504227178,-0.2811549504227178,0.0,0.0,0.0,0.0016713128549745299,-0.15017577099138069,0.007570633128763436,0.0,0.27577574194050614,0.0,-3.2765625151243566e-05,0.0,0.0,0.0,-4.720471427600339e-06,0.0,0.0,-0.0014778494562172387,0.0,0.0,0.0,0.0,-0.0002624545209018819,0.00028221569040196845,0.0,-2.4673161362878574e-05,0.0,0.0,0.0,0.0,0.0,0.0,0.00014761654601210537,0.0002642059301174087
0.0,-3.5299416519982546e-07,0.0,0.0,0.0,0.008498630923886736,0.0,0.0,0.28140670963053716,-0.28140670963053716,0.0,0.0,0.0,0.0,-0.14598511677643114,0.010749715257980824,0.0,0.2677300639274636,0.0,-8.330665151112096e-05,0.0,0.0,0.0,-1.2001805745262272e-05,0.0,0.0,-0.0016327767469820045,0.0,0.0,0.0,0.0,-0.0006672910164041678,0.0007175338197505714,0.0,-6.273155008785079e-05,0.0,0.0,0.0,0.0,0.0,0.0,0.00037531529153317817,0.000671743976983976
0.0,-2.8127945656524264e-07,0.0,0.0,0.0,0.0,0.0,0.0,0.27841210521316156,-0.27841210521316156,0.006772039097207743,0.0,0.0,0.0,-0.15018680470985696,0.008565790497653922,0.0,0.2742860619898919,0.0,-6.638197447839781e-05,0.0,0.0,0.0,-9.563504812942013e-06,0.0,0.0,-0.0013010599079547902,0.0,0.0,0.0,0.0,-0.0005317233908350323,0.0005717588073229808,0.0,-4.9986934793149645e-05,0.0,0.0,0.0,0.0,0.0,0.0,0.0002990657966919,0.0005352716827204968
0.0,-1.2891216590528e-07,0.0,0.0,0.0,0.0,0.0,0.0,0.28112618244134585,-0.28112618244134585,0.0,0.0,0.0,0.0,-0.150251142781931,0.008891626144582582,0.0,0.276131521923645,0.0,-3.042328157049175e-05,0.0,0.0,0.0,-4.383015148480866e-06,0.0,0.0,-0.000906650903634168,0.0,0.0,0.0,0.0,-0.00024369221560673982,0.0008827744293266153,0.0,-2.2909330492311493e-05,0.0,0.0,0.0,0.0,0.0,0.0,0.00013706375883444066,0.0002453184203705181
0.0,-2.902960943858708e-07,0.0,0.0,0.0,0.0,0.0,0.0,0.2781485692839186,-0.2781485692839186,0.007399328555824498,0.0,0.0,0.0,-0.1506384669106575,0.008353392203197696,0.0,0.27387709734036275,0.0,-6.850990173266234e-05,0.0,0.0,0.00042337143874981363,-9.870070604298096e-06,0.0,0.0,-0.001471094365591673,0.0,0.0,0.0,0.0,-0.0005487682091607665,0.0,0.0,-5.158930594494631e-05,0.0,0.0,0.0,0.0,0.0,0.0,0.0003086525898627799,0.0005524302443789429
0.0,-1.368676710595699e-07,0.0,0.0,0.0,0.0,0.0,0.0,0.2811504864825539,-0.2811504864825539,0.0,0.0,0.0,0.0017443032931302865,-0.15038823705506518,0.007427031382217749,0.0,0.27564798295376786,0.0,-3.230078142975482e-05,0.0,0.0,0.0001996095157167456,-4.653502416770896e-06,0.0,0.0,-0.0015657374839955058,0.0,0.0,0.0,0.0,-0.000258731096256253,0.0,0.0,-2.4323124881173366e-05,0.0,0.0,0.0,0.0,0.0,0.0,0.00014552231999673577,0.00026045765834697027
0.0,-3.7312156616555287e-07,0.0,0.0,0.0,0.009510458847761577,0.0,0.0,0.28142451415398,-0.28142451415398,0.0,0.0,0.0,0.0,-0.14606540088516068,0.01073672998682942,0.0,0.2664238736185059,0.0,-8.805671976544259e-05,0.0,0.0,0.000544165138116245,-1.2686137613498444e-05,0.0,0.0,-0.001890817838345679,0.0,0.0,0.0,0.0,-0.0007053393332662652,0.0,0.0,-6.630844508016611e-05,0.0,0.0,0.0,0.0,0.0,0.0,0.00039671542248712993,0.0007100461975416871
0.0,-1.3585322406537502e-07,0.0,0.0,0.0,0.0,0.0,0.0,0.2810951473280041,-0.2810951473280041,0.0,0.0,0.0,0.0014973152994812926,-0.150560904055839,0.00768406233566707,0.0,0.2755554078967745,0.0,-3.206137185715166e-05,0.0,0.0,0.0002761498415529815,-4.619011207103734e-06,0.0,0.0,-0.0015151225189201428,0.0,0.0,0.0,0.0,-0.00025681341196404593,0.0,0.0,-2.414284475560307e-05,0.0,0.0,0.0,0.0,0.0,0.0,0.00014444372576797373,0.00025852717698070135
0.0,-2.976140185034012e-07,0.0,0.0,0.0,0.0065603452006528715,0.0,0.0,0.2812182800217729,-0.2812182800217729,0.0,0.0,0.0,0.0,-0.1477845927733774,0.010273150550968137,0.0,0.26908235814776127,0.0,-7.023693241572994e-05,0.0,0.0,0.0006049621907692888,-1.0118880109881428e-05,0.0,0.0,-0.0016790966230468161,0.0,0.0,0.0,0.0,-0.0005626018231514995,0.0,0.0,-5.28897940792419e-05,0.0,0.0,0.0,0.0,0.0,0.0,0.0003164332533817755,0.0005663561727216793
0.0,-2.4867266313872927e-07,0.0,0.0,0.0,0.0,0.0,0.0,0.2788253293001542,-0.2788253293001542,0.005481524426703331,0.0,0.0,0.0,-0.15088966925156388,0.008583774780438157,0.0,0.2741666324186346,0.0,-5.86867685949239e-05,0.0,0.0,0.0005054787399912743,-8.4548734550855e-06,0.0,0.0,-0.0014029763484260302,0.0,0.0,0.0,0.0,-0.00047008435406811636,0.0,0.0,-4.419229313418168e-05,0.0,0.0,0.0,0.0,0.0,0.0,0.0002643971551467733,0.0004732213168720364
0.0,-1.2391666796494242e-07,0.0,0.0,0.0,0.0,0.0,0.0,0.2809807136422134,-0.2809807136422134,0.0,0.0,0.0,0.0,-0.1512172614690181,0.008829920475299546,0.0,0.27547246385428964,0.0,-2.924434365290707e-05,0.0,0.0,0.0007071382355485872,-4.21316816008419e-06,0.0,0.0,-0.0011543724097436618,0.0,0.0,0.0,0.0,-0.00023424885583855286,0.0,0.0,-2.2021567010213587e-05,0.0,0.0,0.0,0.0,0.0,0.0,0.00013175237708746524,0.00023581204325644314
0.0,-3.3513183209863173e-07,0.0,0.0,0.0,0.0,0.0,0.0,0.27744554338800165,-0.27744554338800165,0.009519663131921935,0.0,0.0,0.0,-0.15011798048495487,0.00801435795566957,0.0,0.27398063118327387,0.0,-7.909113945585983e-05,0.0,0.00032584029127598324,0.0,-1.1394486210911508e-05,0.0,0.0,-0.001372462095374064,0.0,0.0,0.0,0.0,-0.0006335245250977239,0.0,0.0,-5.955718644648837e-05,0.0,0.0,0.0,0.0,0.0,0.0,0.000356323457060384,0.000637752155422801
0.0,-1.3722375623742593e-07,0.0,0.0,0.0,0.0,0.0,0.0,0.28121485251696726,-0.28121485251696726,0.0,0.0,0.0,0.0019489702379164111,-0.1501457570393396,0.0071795156566249844,0.0,0.275898162097901,0.0,-3.238481756050257e-05,0.0,0.0001334192231826788,0.0,-4.66560931698262e-06,0.0,0.0,-0.0015364562180368785,0.0,0.0,0.0,0.0,-0.0002594042304428294,0.0,0.0,-2.4386405743500284e-05,0.0,0.0,0.0,0.0,0.0,0.0,0.00014590092175708504,0.0002611352844867186
0.0,-4.6910287139578766e-07,0.0,0.0,0.0,0.013325207820279237,0.0,0.0,0.2817544665594304,-0.2817544665594304,0.0,0.0,0.0,0.0,-0.1435025400092381,0.011218147514831727,0.0,0.26357922627821284,0.0,-0.00011070831555562041,0.0,0.00045609697920016715,0.0,-1.5949503113882565e-05,0.0,0.0,-0.0019211123747635234,0.0,0.0,0.0,0.0,-0.0008867799037828504,0.0,0.0,-8.336554304420563e-05,0.0,0.0,0.0,0.0,0.0,0.0,0.0004987659805574828,0.0008926975556879965
0.0,-1.363426872145005e-07,0.0,0.0,0.0,0.0,0.0,0.0,0.2811840840796163,-0.2811840840796163,0.0,0.0,0.0,0.0017798547268447456,-0.15022573211515805,0.007342220737141474,0.0,0.2759015303972287,0.0,-3.217688519989672e-05,0.0,0.00018476318458256926,0.0,-4.635652959898552e-06,0.0,0.0,-0.0014743905305762554,0.0,0.0,0.0,0.0,-0.00025773868040888676,0.0,0.0,-2.4229828578800662e-05,0.0,0.0,0.0,0.0,0.0,0.0,0.00014496413948190804,0.0002594586199188432
0.0,-3.852438018086405e-07,0.0,0.0,0.0,0.01005815589593022,0.0,0.0,0.2815352269797496,-0.2815352269797496,0.0,0.0,0.0,0.0,-0.1453572867278982,0.010687694785776119,0.0,0.2666090794507693,0.0,-9.091756835675773e-05,0.0,0.0005220585945389115,0.0,-1.3098293767139887e-05,0.0,0.0,-0.001651432996749194,0.0,0.0,0.0,0.0,-0.0007282548931843381,0.0,0.0,-6.846272044047016e-05,0.0,0.0,0.0,0.0,0.0,0.0,0.0004096041919143634,0.0007331146773739668
0.0,-2.959442113737741e-07,0.0,0.0,0.0,0.0,0.0,0.0,0.2780886917205686,-0.2780886917205686,0.0077266733443102035,0.0,0.0,0.0,-0.150296805266598,0.008210284993374735,0.0,0.27434910152326086,0.0,-6.984285779820791e-05,0.0,0.00040104530774115585,0.0,-1.006210664794476e-05,0.0,0.0,-0.0012686304972723045,0.0,0.0,0.0,0.0,-0.0005594452630534112,0.0,0.0,-5.25930481272799e-05,0.0,0.0,0.0,0.0,0.0,0.0,0.0003146578581728904,0.0005631785482943266
0.0,-1.1751786218898295e-07,0.0,0.0,0.0,0.0,0.0,0.0,0.28122514571751955,-0.28122514571751955,0.0,0.0,0.0,0.0,-0.1504502503503432,0.008373961264432172,0.0,0.2766719538424315,0.0,-2.7734224972720265e-05,0.0,0.0006706230491709949,0.0,-3.995608688863883e-06,0.0,0.0,-0.0007594514317699748,0.0,0.0,0.0,0.0,-0.00022215271932707329,0.0,0.0,-2.08844178881883e-05,0.0,0.0,0.0,0.0,0.0,0.0,0.0001249489511614052,0.0002236351869124925
0.0,-3.0956186313859244e-07,0.0,0.0,0.0,0.0,0.0,0.0,0.2776464635166864,-0.2776464635166864,0.007890391837896896,0.0,0.0,0.0,-0.15092914723928538,0.008907772801490127,0.0,0.27354298026338125,0.00045146887579152243,-7.305662471508974e-05,0.0,0.0,0.0,-1.0525106967214791e-05,0.0,0.0,-0.0013429904656501984,0.0,0.0,0.0,0.0,-0.0005851877188303774,0.0,0.0,-5.501307794074729e-05,0.0,0.0,0.0,0.0,0.0,0.0,0.0003291366044128371,0.0005890927884022435
0.0,-1.410051279594889e-07,0.0,0.0,0.0,0.0,0.0,0.0,0.2810125245922478,-0.2810125245922478,0.0,0.0,0.0,0.0017970329088228937,-0.15051307731038677,0.007651547675951551,0.0,0.27554932613873573,0.0002056436343782101,-3.327722159246605e-05,0.0,0.0,0.0,-4.794175999758062e-06,0.0,0.0,-0.0015102473069699824,0.0,0.0,0.0,0.0,-0.0002665524374914898,0.0,0.0,-2.50584035637733e-05,0.0,0.0,0.0,0.0,0.0,0.0,0.0001499214035955256,0.0002683311928881943
0.0,-4.055635144677446e-07,0.0,0.0,0.0,0.010337368472525282,0.0,0.0,0.2810515296904503,-0.2810515296904503,0.0,0.0,0.0,0.0,-0.1460486111243544,0.011670260693046395,0.0,0.2653381014123122,0.0005914788794795339,-9.571302218625615e-05,0.0,0.0,0.0,-1.3789164235200063e-05,0.0,0.0,-0.0017594800846056308,0.0,0.0,0.0,0.0,-0.0007666667510847615,0.0,0.0,-7.207379166518501e-05,0.0,0.0,0.0,0.0,0.0,0.0,0.00043120879514117576,0.0007717828649488843
0.0,-1.4160139487068655e-07,0.0,0.0,0.0,0.0,0.0,0.0,0.2808997040722376,-0.2808997040722376,0.0,0.0,0.0,0.0015606691444123699,-0.15074294562316262,0.008009187507247982,0.0,0.27541340344851173,0.0002878341903641837,-3.34179406316905e-05,0.0,0.0,0.0,-4.814449081712464e-06,0.0,0.0,-0.0014353127210778316,0.0,0.0,0.0,0.0,-0.0002676796049986241,0.0,0.0,-2.51643677730807e-05,0.0,0.0,0.0,0.0,0.0,0.0,0.00015055537466833653,0.00026946588219968796
0.0,-3.266640721776849e-07,0.0,0.0,0.0,0.007200699378722671,0.0,0.0,0.28077942567161773,-0.28077942567161773,0.0,0.0,0.0,0.0,-0.14793355409714765,0.011275911027139091,0.0,0.268122930976958,0.0006640124472092733,-7.70927474302726e-05,0.0,0.0,0.0,-1.110658227456403e-05,0.0,0.0,-0.0015109867349343904,0.0,0.0,0.0,0.0,-0.0006175172913205978,0.0,0.0,-5.8052357874287834e-05,0.0,0.0,0.0,0.0,0.0,0.0,0.00034732024936836995,0.0006216381023131063
0.0,-2.68633582137614e-07,0.0,0.0,0.0,0.0,0.0,0.0,0.2782723537569896,-0.2782723537569896,0.005921525606128479,0.0,0.0,0.0,-0.15126141227003445,0.009272793150750172,0.0,0.273785757391006,0.0005460534459411409,-6.339754709161794e-05,0.0,0.0,0.0,-9.133544934501922e-06,0.0,0.0,-0.0012425663356913567,0.0,0.0,0.0,0.0,-0.0005078179577371371,0.0,0.0,-4.773960216482594e-05,0.0,0.0,0.0,0.0,0.0,0.0,0.000285620276863518,0.000511206724095341
0.0,-1.3829203059302826e-07,0.0,0.0,0.0,0.0,0.0,0.0,0.28043157996891716,-0.28043157996891716,0.0,0.0,0.0,0.0,-0.15179251858800138,0.009854264584079987,0.0,0.27507349960260635,0.000789172143747859,-3.263693039474744e-05,0.0,0.0,0.0,-4.701930657567179e-06,0.0,0.0,-0.0008937031246140082,0.0,0.0,0.0,0.0,-0.00026142366858324415,0.0,0.0,-2.4576251675395784e-05,0.0,0.0,0.0,0.0,0.0,0.0,0.00014703674705035397,0.0002631681987240859
0.0,-3.627936225343095e-07,0.0,0.0,0.0,0.0,0.0,0.0,0.27777085591021544,-0.27777085591021544,0.008189005436793845,0.0,0.0,0.0,-0.14963388937660133,0.008323128119215643,0.0,0.2740199497589115,0.0,-8.561932423391181e-05,0.0,0.0,0.0,-1.2334987409244976e-05,0.0,0.0,-0.0013093775748011164,0.0,0.0,0.0,0.0,-0.0006858156564396071,0.0,0.0,-6.447303821772951e-05,0.0,0.0,0.0,0.0,0.0,-0.001058205473046717,0.0003857344047904095,0.0006903922354854294
0.0,-1.6191558734108308e-07,0.0,0.0,0.0,0.0,0.0,0.0,0.2811248953195641,-0.2811248953195641,0.0,0.0,0.0,0.0018273855198659187,-0.14992797330391056,0.0073694013260192925,0.0,0.27579608665947075,0.0,-3.8212091696207864e-05,0.0,0.0,0.0,-5.50513186329202e-06,0.0,0.0,-0.0014980708358047754,0.0,0.0,0.0,0.0,-0.0003060810276774585,0.0,0.0,-2.8774457990094718e-05,0.0,0.0,0.0,0.0,0.0,-0.0004722794174247211,0.00017215410864449725,0.000308123564916787
0.0,-4.809482600172414e-07,0.0,0.0,0.0,0.010856000964364433,0.0,0.0,0.281387268584309,-0.281387268584309,0.0,0.0,0.0,0.0,-0.1440866539759987,0.011033804725877656,0.0,0.2655587662447667,0.0,-0.00011350382822745914,0.0,0.0,0.0,-1.6352246465550573e-05,0.0,0.0,-0.0017358157012438591,0.0,0.0,0.0,0.0,-0.0009091721192701453,0.0,0.0,-8.54706191697448e-05,0.0,0.0,0.0,0.0,0.0,-0.0014028418621234435,0.0005113603969022063,0.0009152391987120156
0.0,-1.7284479843336357e-07,0.0,0.0,0.0,0.0,0.0,0.0,0.28104200291481457,-0.28104200291481457,0.0,0.0,0.0,0.0015536774992386882,-0.14992311154242874,0.007668304013548311,0.0,0.2757505581824087,0.0,-4.0791386397129275e-05,0.0,0.0,0.0,-5.876725168252917e-06,0.0,0.0,-0.0014006620169874533,0.0,0.0,0.0,0.0,-0.0003267413249209982,0.0,0.0,-3.071671772310751e-05,0.0,0.0,0.0,0.0,0.0,-0.0007026857703084224,0.00018377441416712499,0.00032892173227536044
0.0,-3.9641932402671074e-07,0.0,0.0,0.0,0.007126714712692505,0.0,0.0,0.2811070237034475,-0.2811070237034475,0.0,0.0,0.0,0.0,-0.1460821311967868,0.01046053072966361,0.0,0.2689711019808523,0.0,-9.355499250326891e-05,0.0,0.0,0.0,-1.3478261653258386e-05,0.0,0.0,-0.0014307378654356158,0.0,0.0,0.0,0.0,-0.0007493808105929786,0.0,0.0,-7.044875279141258e-05,0.0,0.0,0.0,0.0,0.0,-0.0016116089150131135,0.00042148638372605017,0.000754381572070058
0.0,-3.2659322234430614e-07,0.0,0.0,0.0,0.0,0.0,0.0,0.2785634700024363,-0.2785634700024363,0.005871400765997955,0.0,0.0,0.0,-0.14970793291655374,0.008617991685496847,0.0,0.27443659484878313,0.0,-7.707602686387013e-05,0.0,0.0,0.0,-1.1104173379400522e-05,0.0,0.0,-0.0011787248034637872,0.0,0.0,0.0,0.0,-0.0006173833586327851,0.0,0.0,-5.803976695831957e-05,0.0,0.0,0.0,0.0,0.0,-0.0013277368604701996,0.000347244919438045,0.0006215032758668516
0.0,-2.2333102751843276e-07,0.0,0.0,0.0,0.0,0.0,0.0,0.28082441381474377,-0.28082441381474377,0.0,0.0,0.0,0.0,-0.14954934225618166,0.008904393030341613,0.0,0.27599488232537245,0.0,-5.270614054078377e-05,0.0,0.0,0.0,-7.59325754761053e-06,0.0,0.0,-0.000806035776338026,0.0,0.0,0.0,0.0,-0.00042217918322530923,0.0,0.0,-3.968876236527288e-05,0.0,0.0,0.0,0.0,0.0,-0.0019116787677100479,0.0002374530742003502,0.00042499646566176156
0.0,-3.627936225343095e-07,0.0,0.0005291027365233585,0.0,0.0,0.0,0.0,0.27777085591021544,-0.27777085591021544,0.009247210909840563,0.0,0.0,0.0,-0.14910478664007795,0.0077940253826922845,0.0,0.2745490524954348,0.0,-8.561932423391181e-05,0.0,0.0,0.0,-1.2334987409244976e-05,0.0,0.0,-0.0013093775748011164,0.0,0.0,0.0,0.0,-0.0006858156564396071,0.0,0.0,-6.447303821772951e-05,0.0,0.0,0.0,0.0,0.0,0.0,0.0003857344047904095,0.0006903922354854294
0.0,-1.5110404294139448e-07,0.0,0.0002203720177370925,0.0,0.0,0.0,0.0,0.2813054145383906,-0.2813054145383906,0.0,0.0,0.0,0.0019257380334415026,-0.1497234293055698,0.007097698362318414,0.0,0.2761120529164777,0.0,-3.566056634424628e-05,0.0,0.0,0.0,-5.137539227255426e-06,0.0,0.0,-0.0015082265781551061,0.0,0.0,0.0,0.0,-0.0002856431644983802,0.0,0.0,-2.68531091240245e-05,0.0,0.0,0.0,0.0,0.0,0.0,0.00016065891031453056,0.00028754931596773034
0.0,-5.020043361797163e-07,0.0,0.000732336435148281,0.0,0.012794296715227438,0.0,0.0,0.28203383968675366,-0.28203383968675366,0.0,0.0,0.0,0.0,-0.14236396248686925,0.01078577432558474,0.0,0.2647808520115119,0.0,-0.00011847306390325548,0.0,0.0,0.0,-1.706815330133755e-05,0.0,0.0,-0.0018118102949411109,0.0,0.0,0.0,0.0,-0.000948975979642703,0.0,0.0,-8.921255154897313e-05,0.0,0.0,0.0,0.0,0.0,0.0,0.0005337479266195616,0.0009553086778578012
0.0,-1.5621466985215513e-07,0.0,0.0003175387012321832,0.0,0.0,0.0,0.0,0.28131009230381204,-0.28131009230381204,0.0,0.0,0.0,0.00172173032169257,-0.1496288475397281,0.0072480427757544465,0.0,0.2762102211320289,0.0,-3.686667470815389e-05,0.0,0.0,0.0,-5.311300601992986e-06,0.0,0.0,-0.0014246677550884927,0.0,0.0,0.0,0.0,-0.00029530416108684637,0.0,0.0,-2.7761332487578438e-05,0.0,0.0,0.0,0.0,0.0,0.0,0.00016609270106244172,0.0002972747822342118
0.0,-4.1655924165098565e-07,0.0,0.0008467430152706129,0.0,0.009182270497521652,0.0,0.0,0.28184065999098196,-0.28184065999098196,0.0,0.0,0.0,0.0,-0.14418959948361354,0.010145230594274973,0.0,0.2682414348359674,0.0,-9.830801469001915e-05,0.0,0.0,0.0,-1.4163019088031563e-05,0.0,0.0,-0.0015034259030900635,0.0,0.0,0.0,0.0,-0.0007874527886218248,0.0,0.0,-7.402787215305186e-05,0.0,0.0,0.0,0.0,0.0,0.0,0.00044289982281315226,0.0007927076116900092
0.0,-3.2659322234430614e-07,0.0,0.0006638684302350998,0.0,0.0,0.0,0.0,0.2785634700024363,-0.2785634700024363,0.007199137626468155,0.0,0.0,0.0,-0.14904406448631863,0.007954123255261748,0.0,0.27510046327901827,0.0,-7.707602686387013e-05,0.0,0.0,0.0,-1.1104173379400522e-05,0.0,0.0,-0.0011787248034637872,0.0,0.0,0.0,0.0,-0.0006173833586327851,0.0,0.0,-5.803976695831957e-05,0.0,0.0,0.0,0.0,0.0,0.0,0.000347244919438045,0.0006215032758668516
0.0,-1.8599661970005668e-07,0.0,0.0010614013726539988,0.0,0.0,0.0,0.0,0.28164185720228224,-0.28164185720228224,0.0,0.0,0.0,0.0,-0.14843060248973794,0.007946539956522404,0.0,0.2776196819508658,0.0,-4.389521727881178e-05,0.0,0.0,0.0,-6.323887245138538e-06,0.0,0.0,-0.0006712901983304135,0.0,0.0,0.0,0.0,-0.00035160318680375647,0.0,0.0,-3.305396353585623e-05,0.0,0.0,0.0,0.0,0.0,0.0,0.00019775787372404693,0.0003539495021175891
0.0014695603934272953,-5.038219440780538e-07,0.0,0.0,0.0,0.013820466514729077,0.0,0.0,0.2816004019945553,-0.2816004019945553,0.0,0.0,0.0,0.0002454808925845509,-0.14252013440895836,0.010579968933643323,0.0,0.2635495427722969,0.0,-0.0001189020195141363,0.0,0.0,0.0,-1.712995199113898e-05,0.0,0.0,-0.00194111076564958,0.0,0.0,0.0,0.0,-0.0009524119384813406,0.0,0.0,-8.953556357624015e-05,0.0,0.0,0.0,0.0,0.0,0.0,0.000535680468586286,0.000958767565506937
0.0011080713103245375,-5.069017024668148e-07,0.0,0.0,0.0,0.014028438875012346,0.0,0.0,0.2814694054822737,-0.2814694054822737,0.0,0.0,0.0,0.0,-0.14292823999562151,0.011262095740645663,0.0,0.2629377329260137,0.00018523609953396196,-0.00011962884274274613,0.0,0.0,0.0,-1.723466381237639e-05,0.0,0.0,-0.001922103687364666,0.0,0.0,0.0,0.0,-0.0009582338338782581,0.0,0.0,-9.00828757889326e-05,0.0,0.0,0.0,0.0,0.0,0.0,0.0005389549714860017,0.0009646283115253448
0.0005806126076995801,-4.993356129956796e-07,0.0,0.0,0.0,0.014183990806613736,0.0,0.0,0.28172044989201195,-0.28172044989201195,0.0,0.0,0.0,0.0,-0.14278380853065206,0.011166984536150384,0.0,0.2629544643427618,0.0,-0.00011784324501617463,0.0,0.00029195398116706856,0.0,-1.6977416681868063e-05,0.0,0.0,-0.0019481554560946807,0.0,0.0,0.0,0.0,-0.000943931094538245,0.0,0.0,-8.873828551685547e-05,0.0,0.0,0.0,0.0,0.0,0.0,0.0005309104502004511,0.0009502301272701469
0.0011323383648879986,-4.994490255423218e-07,0.0,0.0,0.0,0.01386274538153125,0.0,0.0,0.2815897559881468,-0.2815897559881468,0.0,0.0,0.0,0.0,-0.14286490862216758,0.010974840664147004,0.0,0.2632088685679174,0.0,-0.00011787001038634658,0.0,0.0,0.00016223349542660243,-1.698127270978032e-05,0.0,0.0,-0.0019648212841343283,0.0,0.0,0.0,0.0,-0.0009441454866755173,0.0,0.0,-8.875844036798807e-05,0.0,0.0,0.0,0.0,0.0,0.0,0.0005310310342417835,0.0009504459500871563
0.0008792407325053877,-5.031549634585478e-07,0.0,0.0,0.0,0.013998295133283224,0.0,0.0,0.2815217946698939,-0.2815217946698939,0.0,0.0,0.0,0.0,-0.14299338124748015,0.01125239928816679,0.0,0.26290645773687343,0.0,-0.000118744612034037,0.0,0.0,0.0,-1.710727464227506e-05,0.0,0.0,-0.0019630566332775675,0.0,0.0,0.0,0.0,-0.0009511510956136969,0.0,0.0,-8.94170326421198e-05,0.0,0.0,0.0,0.0002941870976203832,0.0,0.0,0.0005349713123159119,0.0009574983087936862
0.0007485531778625332,-5.14429687420614e-07,0.0,0.0,0.0,0.013108852664019597,0.0,0.0,0.2815137860320055,-0.2815137860320055,0.0,0.0,0.0,0.0,-0.1428890129211428,0.011053374780021866,0.0,0.26383482227198324,0.0,-0.00012140544780014731,0.0,0.0,0.0,-1.7490615388849644e-05,0.0,0.0,-0.001856655284663388,0.0,0.0,0.0,0.0,-0.0009724645414267876,0.0,0.0,-9.142069440393015e-05,0.0,0.0,0.0,0.0,0.0,-0.0007519481455165025,0.0005469589787646862,0.0009789539833071376
0.0008711253938812256,-4.985108736684185e-07,0.0,0.0,0.0,0.01386909171837335,0.0,0.0,0.2816437687560657,-0.2816437687560657,0.0,0.0,0.0,0.0,-0.1427422908309258,0.01114854032533468,0.0,0.2632002502536858,0.0,-0.00011764860646829729,0.0,0.0,0.0,-1.6949375535095384e-05,0.0,0.0,-0.0019449377396361638,0.0,0.0,0.0,0.0,-0.0009423720287003011,0.00029147176855544565,0.0,-8.859171885508581e-05,0.0,0.0,0.0,0.0,0.0,0.0,0.0005300335595558856,0.0009486606574876763
0.0015386826387517127,-5.275197139513754e-07,0.0,0.0,0.0,0.0134424166735546,0.0,0.0,0.28096628306854027,-0.28096628306854027,0.0015421639937541346,0.0,0.0,0.0,-0.1426695147354534,0.010563553706965925,0.0,0.2636085475929948,0.0,-0.00012449469511915655,0.0,0.0,0.0,-1.7935676443990862e-05,0.0,0.0,-0.001903899188988938,0.0,0.0,0.0,0.0,-0.0009972095881431394,0.0,0.0,-9.374695850662689e-05,0.0,0.0,0.0,0.0,0.0,0.0,0.0005608767360760249,0.0010038641584530121
0.0015952663730540385,-5.469187989749637e-07,0.0,0.0,0.0,0.01553562576898001,0.0,0.0,0.2817053226304351,-0.2817053226304351,0.0,0.0,0.0,0.0,-0.1415205607637076,0.0109520193341132,0.0,0.2621103955687145,0.0,-0.0001290728807522812,0.0,0.0,0.0,-1.8595245561676232e-05,0.0,0.0,-0.0019739134486777073,0.0,0.0,0.0,0.0,-0.001033881115434173,0.0,0.0,-9.719442249835267e-05,0.0,0.0,0.0,0.0,0.0,0.0,0.0005815024969777196,0.0010407804018595247
0.001096495968192304,-3.759210800993363e-07,0.0,0.0,0.0,0.0,0.0,0.0,0.27685685880665933,-0.27685685880665933,0.010678311350861782,0.0,0.0,0.0,-0.14956581709705022,0.007527799273063782,0.0,0.27406672445897257,0.0,-8.871740528003232e-05,0.0,0.0,0.0,-1.2781321119988995e-05,0.0,0.0,-0.0013567565734442742,0.0,0.0,0.0,0.0,-0.0007106314618125103,0.0,0.0,-6.680595429100351e-05,0.0,0.0,0.0,0.0,0.0,0.0,0.000399691960038719,0.0007153736414739039
0.0004188673605142127,-1.4360387557325272e-07,0.0,0.0,0.0,0.0,0.0,0.0,0.2811652231417624,-0.2811652231417624,0.0,0.0,0.0,0.002039586200056136,-0.1499361191045715,0.006954832232393602,0.0,0.2760202044060523,0.0,-3.389052623930809e-05,0.0,0.0,0.0,-4.882533449019869e-06,0.0,0.0,-0.0015380814123105277,0.0,0.0,0.0,0.0,-0.00027146504259244013,0.0,0.0,-2.5520234047589438e-05,0.0,0.0,0.0,0.0,0.0,0.0,0.00015268447963030592,0.0002732765807425775
0.001727405041546686,-5.180468853718264e-07,0.0,0.0,0.0,0.014282792120199285,0.0,0.0,0.2815460654746378,-0.2815460654746378,0.0,0.0,0.0,0.0,-0.14227108562859858,0.010806566797814233,0.0,0.2632019101129115,0.0,-0.00012225910680892384,0.0,0.0,0.0,-1.7613600161496058e-05,0.0,0.0,-0.001869710304340549,0.0,0.0,0.0,0.0,-0.000979302398636221,0.0,0.0,-9.206351645829951e-05,0.0,0.0,0.0,0.0,0.0,0.0,0.0005508049055176794,0.0009858374708455512
0.0005906286553606705,-1.4528128389447196e-07,0.0,0.0,0.0,0.0,0.0,0.0,0.281112086446235,-0.281112086446235,0.0,0.0,0.0,0.0018965416124947004,-0.1499353729245319,0.007036070245035886,0.0,0.2760738383580168,0.0,-3.42863947386601e-05,0.0,0.0,0.0,-4.939565351559571e-06,0.0,0.0,-0.0014726131412666113,0.0,0.0,0.0,0.0,-0.0002746359717860079,0.0,0.0,-2.58183308279166e-05,0.0,0.0,0.0,0.0,0.0,0.0,0.0001544679566822345,0.0002764686701531318
0.0018957420268611832,-4.663096398987231e-07,0.0,0.0,0.0,0.012174667137684874,0.0,0.0,0.2813780261009421,-0.2813780261009421,0.0,0.0,0.0,0.0,-0.14340086609380645,0.010409022201459572,0.0,0.2652067507049731,0.0,-0.00011004911269660398,0.0,0.0,0.0,-1.5854533210313933e-05,0.0,0.0,-0.0016829826862219158,0.0,0.0,0.0,0.0,-0.0008814996513920688,0.0,0.0,-8.286915030222963e-05,0.0,0.0,0.0,0.0,0.0,0.0,0.0004957961227043169,0.0008873820671631001
0.0013885778377719813,-3.415587259912629e-07,0.0,0.0,0.0,0.0,0.0,0.0,0.27744232463303853,-0.27744232463303853,0.00891760204189321,0.0,0.0,0.0,-0.149625120614651,0.0076243166723241424,0.0,0.2745149212336961,0.0,-8.060788693385082e-05,0.0,0.0,0.0,-1.1613000678427157e-05,0.0,0.0,-0.0012327375910482115,0.0,0.0,0.0,0.0,-0.0006456737586566068,0.0,0.0,-6.0699327183876085e-05,0.0,0.0,0.0,0.0,0.0,0.0,0.00036315674721859435,0.0006499824631409077
0.0025903365708937753,-1.5130746278289583e-07,0.0,0.0,0.0,0.0,0.0,0.0,0.2809211900325607,-0.2809211900325607,0.0,0.0,0.0,0.0,-0.149241369083004,0.007327922139729363,0.0,0.277649167491821,0.0,-3.5708573443278096e-05,0.0,0.0,0.0,-5.144455504245583e-06,0.0,0.0,-0.0005460917347003315,0.0,0.0,0.0,0.0,-0.00028602770409187574,0.0,0.0,-2.6889259415542154e-05,0.0,0.0,0.0,0.0,0.0,0.0,0.00016087519314479632,0.00028793642166748096
0.0,-3.263587145630044e-07,0.0,0.0,0.0,0.0,0.0,0.0,0.277480683190036,-0.277480683190036,0.00879449074243402,0.0,0.0,0.0,-0.15055119379096407,0.008439178039211348,0.0,0.27363051022064355,0.0,-7.702068300853333e-05,0.0,0.0,0.0,-1.1096200112093561e-05,0.0,0.0,-0.001415861235606215,0.0,0.0,0.0,0.0,-0.0006169400512040322,0.0,0.0,-5.799809194473856e-05,0.0,0.0,0.0,0.000475965613059257,0.0,0.0,0.0003469955828625913,0.0006210570101628388
0.0,-1.3992606900792467e-07,0.0,0.0,0.0,0.0,0.0,0.0,0.28110681108490926,-0.28110681108490926,0.0,0.0,0.0,0.0018853158558415194,-0.15033058974245112,0.007388923352113193,0.0,0.27568542042435296,0.0,-3.3022563592702716e-05,0.0,0.0,0.0,-4.757487982784668e-06,0.0,0.0,-0.0015497074354675665,0.0,0.0,0.0,0.0,-0.000264512612430524,0.0,0.0,-2.4866641072091674e-05,0.0,0.0,0.0,0.00020406992136706516,0.0,0.0,0.00014877411175641387,0.0002662777556844559
0.0,-4.433226130559782e-07,0.0,0.0,0.0,0.011946353636221924,0.0,0.0,0.28135632515851955,-0.28135632515851955,0.0,0.0,0.0,0.0,-0.14477555965132152,0.01146370019687505,0.0,0.2641799327173156,0.0,-0.00010462417250423199,0.0,0.0,0.0,-1.5072974028814213e-05,0.0,0.0,-0.001923292606217314,0.0,0.0,0.0,0.0,-0.0008380455719249992,0.0,0.0,-7.878406344267739e-05,0.0,0.0,0.0,0.0006465472190278686,0.0,0.0,0.0004713555411550952,0.0008436380103126372
0.0,-1.4008930147065567e-07,0.0,0.0,0.0,0.0,0.0,0.0,0.28103247683737387,-0.28103247683737387,0.0,0.0,0.0,0.0016863837804659476,-0.15048584658440903,0.00763890068708853,0.0,0.27560476178740806,0.0,-3.306108646709735e-05,0.0,0.0,0.0,-4.7630378884266185e-06,0.0,0.0,-0.0014911758415052415,0.0,0.0,0.0,0.0,-0.00026482118284529066,0.0,0.0,-2.4895649555577445e-05,0.0,0.0,0.0,0.0002847605470575597,0.0,0.0,0.0001489476660113486,0.00026658838524861806
0.0,-3.612013476513372e-07,0.0,0.0,0.0,0.008696225732687368,0.0,0.0,0.2810967814784359,-0.2810967814784359,0.0,0.0,0.0,0.0,-0.1466871713046081,0.010999648211898364,0.0,0.26710215112384195,0.0,-8.524354723286536e-05,0.0,0.0,0.0,-1.2280850044601353e-05,0.0,0.0,-0.001670739121395421,0.0,0.0,0.0,0.0,-0.0006828056612901067,0.0,0.0,-6.41900707315155e-05,0.0,0.0,0.0,0.0007342166195087187,0.0,0.0,0.0003840414444788264,0.000687362154062599
0.0,-2.864661250145057e-07,0.0,0.0,0.0,0.0,0.0,0.0,0.2781110843038683,-0.2781110843038683,0.0068969124951855885,0.0,0.0,0.0,-0.15082107624091062,0.008723739876039733,0.0,0.27390895867320303,0.0,-6.760602865153659e-05,0.0,0.0,0.0,-9.739851600878006e-06,0.0,0.0,-0.0013250508757189968,0.0,0.0,0.0,0.0,-0.0005415281343760508,0.0,0.0,-5.0908671704664425e-05,0.0,0.0,0.0,0.0005823017861908405,0.0,0.0,0.0003045804373659722,0.0005451418551904384
0.0,-1.326194802964286e-07,0.0,0.0,0.0,0.0,0.0,0.0,0.28073476093282707,-0.28073476093282707,0.0,0.0,0.0,0.0,-0.15124220705341995,0.009147335552108518,0.0,0.2755964617082118,0.0,-3.129820806637518e-05,0.0,0.0,0.0,-4.509063881139077e-06,0.0,0.0,-0.0009327247805191516,0.0,0.0,0.0,0.0,-0.0002507004265974199,0.0,0.0,-2.356816738353347e-05,0.0,0.0,0.0,0.0009081616557609709,0.0,0.0,0.00014100550042309108,0.00025237339849354265
