M_2ddglcn_e,M_ala__45__D_e,M_alaala_e,M_arab__45__L_e,M_arg__45__L_e,M_asp__45__L_e,M_buts_e,M_bz_e,M_ca2_e,M_cd2_e,M_cellb_e,M_cgly_e,M_cit_e,M_co2_e,M_cobalt2_e,M_cro4_e,M_cu2_e,M_eths_e,M_etoh_e,M_fe2_e,M_fe3_e,M_fru_e,M_fum_e,M_glc__45__D_e,M_gln__45__L_e,M_glu__45__L_e,M_glyc3p_e,M_glyclt_e,M_gthrd_e,M_h2_e,M_h2o_e,M_h_e,M_hexs_e,M_hom__45__L_e,M_ile__45__L_e,M_istnt_e,M_k_e,M_lac__45__L_e,M_leu__45__L_e,M_mal__45__L_e,M_met__45__D_e,M_met__45__L_e,M_mg2_e,M_mn2_e,M_mobd_e,M_mops_e,M_na1_e,M_nh4_e,M_ni2_e,M_no2_e,M_no3_e,M_o2_e,M_orot_e,M_pi_e,M_ppa_e,M_ppn_e,M_pro__45__L_e,M_ptrc_e,M_pyr_e,M_rib__45__D_e,M_so4_e,M_spmd_e,M_succ_e,M_sula_e,M_tsul_e,M_ura_e,M_val__45__L_e,M_zn2_e,M_fixed_uptake,objective,virtual_tag_R_constraint_reaction
0.0,0.0,0.0,0.0,0.0,0.0,0.0,0.0,0.0,0.0,0.0,0.0,0.0,0.09420953510867726,0.0,0.0,0.0,0.0,0.0,0.3093005918647727,-0.30930086699065507,0.0,0.0,0.0,0.0,0.0,0.0,0.0,0.0,0.0,0.1580095977198972,0.0,0.0,0.0,0.0,0.0,0.0,0.0,0.0,0.0,0.0,0.0,0.0,0.0,0.0,0.0,0.0,-0.08829732275832132,0.0,0.0,0.0,0.0,0.0,-0.007536871248942245,0.0,0.0,0.0,0.0,0.0011062055447037791,0.0,-0.002022960153340184,0.0,0.0,0.0,0.0,0.0,0.0,0.0,0.0,0.008091937716613337,0.02212411089407687
0.0,0.0,0.0,0.0,0.0,0.0,0.0,0.0,0.0,0.0,0.0,0.0,0.0,0.0,0.0,0.0,0.0,0.0,0.0,0.0,0.0,0.0,0.0,0.0,0.0,0.0,0.0,0.0,0.0,0.0,0.0,-1.0,0.0,0.0,0.0,0.0,0.0,0.0,0.0,0.0,0.0,0.0,0.0,0.0,0.0,0.0,0.0,0.0,0.0,0.0,0.0,0.0,0.0,0.0,0.0,0.0,0.0,0.0,0.0,0.0,0.0,0.0,0.0,0.0,0.0,0.0,0.0,0.0,0.0,0.0,0.0
0.0,0.0,0.0,0.0,0.0,0.0,0.0,0.0,0.0,0.0,0.0,0.0,0.0,0.0808560732248832,0.0,0.0,0.0,0.0,0.0,0.2654596615455999,-0.2654598976745487,0.0,0.0,0.0,0.0,0.0,0.0,0.0,0.0,0.0,0.13561297790861931,0.141742148163558,0.0,0.0,0.0,0.0,0.0,0.0,0.0,0.0,0.0,0.0,0.0,0.0,0.0,0.0,0.0,-0.07578187055346584,0.0,0.0,0.0,0.0,0.0,-0.006468578927685013,0.0,0.0,0.0,0.0,0.0009494095944870267,0.0,-0.001736221435556466,0.0,0.0,0.0,0.0,0.0,0.0,0.0,0.0,0.0069449690818548454,0.018988191889741636
0.0,0.0,0.0,0.0,0.0,0.0,0.0,0.0,0.0,0.0,0.0,0.0,0.0,0.09362115074424765,0.0,0.0,0.0,0.0,0.0,0.30879614079099577,-0.30879641744707054,0.0,0.0,0.0,0.0,0.0,0.0,0.002224716055587973,0.0,0.0,0.15777605591456434,0.0,0.0,0.0,0.0,0.0,0.0,0.0,0.0,0.0,0.0,0.0,0.0,0.0,0.0,0.0,0.0,-0.088788413937336,0.0,0.0,0.0,0.0,0.0,-0.007578789745133298,0.0,0.0,0.0,0.0,0.0,0.0,-0.002034211433172561,0.0,0.0,0.0,0.0,0.0,0.0,0.0,0.0,0.008136943376010754,0.022247160555881024
0.0,0.0,0.0,0.0,0.0,0.0,0.0,0.0,0.0,0.0,0.0,0.0,0.0,0.08036445634585913,0.0,0.0,0.0,0.0,0.0,0.26507080696070734,-0.2650710444424608,0.0,0.0,0.0,0.0,0.0,0.0,0.0019096977008928383,0.0,0.0,0.13543506843454287,0.14159935327651427,0.0,0.0,0.0,0.0,0.0,0.0,0.0,0.0,0.0,0.0,0.0,0.0,0.0,0.0,0.0,-0.07621603194536178,0.0,0.0,0.0,0.0,0.0,-0.006505638018603745,0.0,0.0,0.0,0.0,0.0,0.0,-0.001746168409807635,0.0,0.0,0.0,0.0,0.0,0.0,0.0,0.0,0.006984757456320016,0.019096977008929494
0.0,0.0,0.0,0.0,0.0,0.0,0.0,0.0,0.0,0.0,0.0,0.0,0.0,0.12911991270272988,0.0,0.0,0.0,0.0,0.0,0.12254411619473066,-0.12254449775176067,0.0,0.0,0.0,0.0,0.0,0.0,0.003068271865944036,0.0,0.0,0.3692705662645002,0.0,0.0,0.0,0.0,0.0,0.0,0.0,0.0,0.0,0.0,0.0,0.0,0.0,0.0,0.0,0.0,-0.12245472487216862,0.0,0.0,0.0,-0.0758349190888649,0.0,-0.010452474280701812,0.0,0.0,0.0,0.0,0.0,0.0,-0.002805532730393986,0.0,0.0,0.0,0.0,0.0,0.0,0.0,0.0,0.011222265588763011,0.030682718659442148
0.0,0.0,0.0,0.0,0.0,0.0,0.0,0.0,0.0,0.0,0.0,0.0,0.0,0.13754774619899646,0.0,0.0,0.0,0.0,0.0,0.0,-4.06461779804481e-07,0.0,0.0,0.0,0.0,0.0,0.0,0.0032685421717874876,0.0,0.0,0.4586447309635124,-0.09790705383688339,0.0,0.0,0.0,0.0,0.0,0.0,0.0,0.0,0.0,0.0,0.0,0.0,0.0,0.0,0.0,-0.13044751243259536,0.0,0.0,0.0,-0.1134204527051255,0.0,-0.011134721588788019,0.0,0.0,0.0,0.0,0.0,0.0,-0.002988653693111201,0.0,0.0,0.0,0.0,0.0,0.0,0.0,0.0,0.011954758229543559,0.03268542171787678
0.0,0.0,0.0,0.0,0.0,0.0,0.0,0.0,0.0,0.0,0.0,0.0,0.0,0.09415325849691296,0.0,0.0,0.0,0.0,0.0,0.30811068200983033,-0.3081109580517901,0.0,0.0,0.0,0.0,0.0007399258935140783,0.0,0.0,0.0,0.0,0.15964560582766343,0.0,0.0,0.0,0.0,0.0,0.0,0.0,0.0,0.0,0.0,0.0,0.0,0.0,0.0,0.0,0.0,-0.08933124929130123,0.0,0.0,0.0,0.0,0.0,-0.007561966516811528,0.0,0.0,0.0,0.0,0.0,0.0,-0.0020296959360357005,0.0,0.0,0.0,0.0,0.0,0.0,0.0,0.0,0.00811888117071685,0.02219777680542364
0.0,0.0,0.0,0.0,0.0,0.0,0.0,0.0,0.0,0.0,0.0,0.0,0.0,0.08089802839360338,0.0,0.0,0.0,0.0,0.0,0.26473376598454107,-0.26473400316433343,0.0,0.0,0.0,0.0,0.0006357564984819603,0.0,0.0,0.0,0.0,0.13717013048022952,0.14078355135997953,0.0,0.0,0.0,0.0,0.0,0.0,0.0,0.0,0.0,0.0,0.0,0.0,0.0,0.0,0.0,-0.07675487876864819,0.0,0.0,0.0,0.0,0.0,-0.006497366015309547,0.0,0.0,0.0,0.0,0.0,0.0,-0.0017439481339796767,0.0,0.0,0.0,0.0,0.0,0.0,0.0,0.0,0.006975876246433664,0.01907269495445992
0.0,0.0,0.0,0.0,0.0,0.0,0.0,0.0,0.0,0.0,0.0,0.0,0.0,0.129524466892705,0.0,0.0,0.0,0.0,0.0,0.12331920636626818,-0.1233195861108278,0.0,0.0,0.0,0.0,0.0010178989917875405,0.0,0.0,0.0,0.0,0.36989155660554973,0.0,0.0,0.0,0.0,0.0,0.0,0.0,0.0,0.0,0.0,0.0,0.0,0.0,0.0,0.0,0.0,-0.12289094000601682,0.0,0.0,0.0,-0.07513538874908245,0.0,-0.010402822986552424,0.0,0.0,0.0,0.0,0.0,0.0,-0.0027922059020180764,0.0,0.0,0.0,0.0,0.0,0.0,0.0,0.0,0.011168957635563932,0.030536969753627994
0.0,0.0,0.0,0.0,0.0,0.0,0.0,0.0,0.0,0.0,0.0,0.0,0.0,0.13803569294478968,0.0,0.0,0.0,0.0,0.0,0.0,-4.046980828038332e-07,0.0,0.0,0.0,0.0,0.0010847864967133052,0.0,0.0,0.0,0.0,0.4599089640099006,-0.09856700733385576,0.0,0.0,0.0,0.0,0.0,0.0,0.0,0.0,0.0,0.0,0.0,0.0,0.0,0.0,0.0,-0.1309662681292418,0.0,0.0,0.0,-0.11292830480294298,0.0,-0.011086406406291301,0.0,0.0,0.0,0.0,0.0,0.0,-0.0029756854884326438,0.0,0.0,0.0,0.0,0.0,0.0,0.0,0.0,0.011902884788348035,0.032543594901401046
0.0,0.0,0.0,0.0,0.0,0.0,0.0,0.0,0.0,0.0,0.0,0.0,0.0,0.09425019048025862,0.0,0.0,0.0,0.0,0.0,0.3063916116933146,-0.30639189020823926,0.0,0.0,0.0,0.0,0.0,0.0,0.0,0.0,0.0,0.16107581583109137,0.0,0.0,0.0,0.0,0.0,0.0,0.0,0.0,0.0,0.0,0.0,0.0,0.0,0.0,0.0,0.0,-0.08938498255479028,0.0,0.0,0.0,0.0,0.0,-0.007629711570625325,0.0,0.0,0.0,0.0,0.0,0.0,-0.002047879282934512,0.0,0.0,0.0,0.0,0.0,0.0,0.0,-0.002239663904329219,0.008191615431123222,0.022396639043293493
0.0,0.0,0.0,0.0,0.0,0.0,0.0,0.0,0.0,0.0,0.0,0.0,0.0,0.08113921319026766,0.0,0.0,0.0,0.0,0.0,0.26377001652957666,-0.26377025630078277,0.0,0.0,0.0,0.0,0.0,0.0,0.0,0.0,0.0,0.1386688439982806,0.13910823122142268,0.0,0.0,0.0,0.0,0.0,0.0,0.0,0.0,0.0,0.0,0.0,0.0,0.0,0.0,0.0,-0.07695079573383568,0.0,0.0,0.0,0.0,0.0,-0.006568355889306012,0.0,0.0,0.0,0.0,0.0,0.0,-0.0017630024181304966,0.0,0.0,0.0,0.0,0.0,0.0,0.0,-0.0019281082200675159,0.007052094297653558,0.01928108220067628
0.0,0.0,0.0,0.0,0.0,0.0,0.0,0.0,0.0,0.0,0.0,0.0,0.0,0.1289879892965288,0.0,0.0,0.0,0.0,0.0,0.12446233601070956,-0.12446271717789807,0.0,0.0,0.0,0.0,0.0,0.0,0.0,0.0,0.0,0.3678715656507965,0.0,0.0,0.0,0.0,0.0,0.0,0.0,0.0,0.0,0.0,0.0,0.0,0.0,0.0,0.0,0.0,-0.12232961137052194,0.0,0.0,0.0,-0.07371401296753084,0.0,-0.010441794858903302,0.0,0.0,0.0,0.0,0.0,0.0,-0.002802666283025374,0.0,0.0,0.0,0.0,0.0,0.0,0.0,-0.0030651369747623936,0.011210799661697437,0.030651369747625716
0.0,0.0,0.0,0.0,0.0,0.0,0.0,0.0,0.0,0.0,0.0,0.0,0.0,0.13754774619899646,0.0,0.0,0.0,0.0,0.0,0.0,-4.06461779804481e-07,0.0,0.0,0.0,0.0,0.0,0.0,0.0,0.0,0.0,0.4586447309635124,-0.09954132492277713,0.0,0.0,0.0,0.0,0.0,0.0,0.0,0.0,0.0,0.0,0.0,0.0,0.0,0.0,0.0,-0.13044751243259536,0.0,0.0,0.0,-0.11178618161923176,0.0,-0.011134721588788019,0.0,0.0,0.0,0.0,0.0,0.0,-0.002988653693111201,0.0,0.0,0.0,0.0,0.0,0.0,0.0,-0.0032685421717874876,0.011954758229543559,0.03268542171787678
0.0,0.0,0.0,0.0,0.0,0.0,0.0,0.0,0.0,0.0,0.0,0.0,0.0,0.0941447641652174,0.0,0.0,0.0,0.0,0.0,0.3060488883691943,-0.3060491665725779,0.0,0.0,0.0,0.0,0.0,0.0,0.0,0.0,0.0,0.16201421908402072,0.0,0.0,0.0011185793312884018,0.0,0.0,0.0,0.0,0.0,0.0,0.0,0.0,0.0,0.0,0.0,0.0,0.0,-0.09040357769206532,0.0,0.0,0.0,0.0,0.0,-0.007621177132958731,0.0,0.0,0.0,0.0,0.0,0.0,-0.002045588567495648,0.0,0.0,0.0,0.0,0.0,0.0,0.0,0.0,0.008182452459412104,0.022371586625769338
0.0,0.0,0.0,0.0,0.0,0.0,0.0,0.0,0.0,0.0,0.0,0.0,0.0,0.08113921319026766,0.0,0.0,0.0,0.0,0.0,0.26377001652957666,-0.26377025630078277,0.0,0.0,0.0,0.0,0.0,0.0,0.0,0.0,0.0,0.1396328981083144,0.13814417711138893,0.0,0.0009640541100337579,0.0,0.0,0.0,0.0,0.0,0.0,0.0,0.0,0.0,0.0,0.0,0.0,0.0,-0.07791484984386944,0.0,0.0,0.0,0.0,0.0,-0.006568355889306012,0.0,0.0,0.0,0.0,0.0,0.0,-0.0017630024181304966,0.0,0.0,0.0,0.0,0.0,0.0,0.0,0.0,0.007052094297653558,0.01928108220067628
0.0,0.0,0.0,0.0,0.0,0.0,0.0,0.0,0.0,0.0,0.0,0.0,0.0,0.1284629804548218,0.0,0.0,0.0,0.0,0.0,0.1259908550229342,-0.1259912346386903,0.0,0.0,0.0,0.0,0.0,0.0,0.0,0.0,0.0,0.3668830261746693,0.0,0.0,0.0015263306042202541,0.0,0.0,0.0,0.0,0.0,0.0,0.0,0.0,0.0,0.0,0.0,0.0,0.0,-0.12335803416237633,0.0,0.0,0.0,-0.07290520422225148,0.0,-0.010399294509420277,0.0,0.0,0.0,0.0,0.0,0.0,-0.0027912588288355133,0.0,0.0,0.0,0.0,0.0,0.0,0.0,0.0,0.011165169297373621,0.030526612084406858
0.0,0.0,0.0,0.0,0.0,0.0,0.0,0.0,0.0,0.0,0.0,0.0,0.0,0.13709963027570382,0.0,0.0,0.0,0.0,0.0,0.0,-4.0513757056969844e-07,0.0,0.0,0.0,0.0,0.0,0.0,0.0,0.0,0.0,0.4587794620302104,-0.10084597668103382,0.0,0.0016289468045674169,0.0,0.0,0.0,0.0,0.0,0.0,0.0,0.0,0.0,0.0,0.0,0.0,0.0,-0.1316514751200811,0.0,0.0,0.0,-0.11142199413254487,0.0,-0.01109844585048441,0.0,0.0,0.0,0.0,0.0,0.0,-0.0029789169773444973,0.0,0.0,0.0,0.0,0.0,0.0,0.0,0.0,0.011915810899108778,0.03257893609135023
0.0,0.0,0.0,0.0,0.0,0.0,0.0,0.0,0.0,0.0,0.0,0.0,0.0,0.12998931105904205,0.0,0.0,0.0,0.0,0.0,0.1229381938144937,-0.1229385734302498,0.0,0.0,0.0,0.0,0.0,0.0,0.0,0.0,0.0,0.3699356873831098,0.0,0.0,0.0,0.0,0.0,0.0,0.0,0.0,0.0,0.0,0.0,0.0,0.0,0.0,0.0,0.0,-0.12183170355815608,0.0,0.0,0.0,-0.07595786543069198,0.0,-0.010399294509420277,0.0,0.0,0.0,0.0,0.0015263306042202541,0.0,-0.0027912588288355133,0.0,0.0,0.0,0.0,0.0,0.0,0.0,0.0,0.011165169297373621,0.030526612084406858
0.0,0.0,0.0,0.0,0.0,0.0,0.0,0.0,0.0,0.0,0.0,0.0,0.0,0.13850296312107205,0.0,0.0,0.0,0.0,0.0,0.0,-4.0447869628986146e-07,0.0,0.0,0.0,0.0,0.0,0.0,0.0,0.0,0.0,0.45965964772043505,-0.0982425246276179,0.0,0.0,0.0,0.0,0.0,0.0,0.0,0.0,0.0,0.0,0.0,0.0,0.0,0.0,0.0,-0.12981107298298059,0.0,0.0,0.0,-0.11368023528338865,0.0,-0.01108039647405466,0.0,0.0,0.0,0.0,0.0016262976522035844,0.0,-0.002974072371658132,0.0,0.0,0.0,0.0,0.0,0.0,0.0,0.0,0.011896432243819454,0.032525953044073574
0.0,0.0,0.0,0.0,0.0,0.0,0.0,0.0,0.0,0.0,0.0,0.0,0.0,0.09575134631925374,0.0,0.0,0.0,0.0,0.0022753358168233866,0.3021702750824414,-0.3021705580333709,0.0,0.0,0.0,0.0,0.0,0.0,0.0,0.0,0.0,0.16591666265880647,0.0,0.0,0.0,0.0,0.0,0.0,0.0,0.0,0.0,0.0,0.0,0.0,0.0,0.0,0.0,0.0,-0.09080864852084161,0.0,0.0,0.0,0.0,0.0,-0.007751232662686054,0.0,0.0,0.0,0.0,0.0,0.0,-0.0020804965745014523,0.0,0.0,0.0,0.0,0.0,0.0,0.0,0.0,0.008322086163039767,0.02275335816823519
0.0,0.0,0.0,0.0,0.0,0.0,0.0,0.0,0.0,0.0,0.0,0.0,0.0,0.08306102083473141,0.0,0.0,0.0,0.0,0.0019737760663650883,0.2621223876119259,-0.262122633062188,0.0,0.0,0.0,0.0,0.0,0.0,0.0,0.0,0.0,0.14392703500985757,0.13253417285862795,0.0,0.0,0.0,0.0,0.0,0.0,0.0,0.0,0.0,0.0,0.0,0.0,0.0,0.0,0.0,-0.078773399400722,0.0,0.0,0.0,0.0,0.0,-0.006723929453102177,0.0,0.0,0.0,0.0,0.0,0.0,-0.0018047596818646936,0.0,0.0,0.0,0.0,0.0,0.0,0.0,0.0,0.007219125356963058,0.019737760663652033
0.0,0.0,0.0,0.0,0.0,0.0,0.0,0.0,0.0,0.0,0.0,0.0,0.0,0.1284629804548218,0.0,0.0,0.0,0.0,0.0030526612084405083,0.13209617743981522,-0.13209655705557133,0.0,0.0,0.0,0.0,0.0,0.0,0.0,0.0,0.0,0.35925137315356803,0.0,0.0,0.0,0.0,0.0,0.0,0.0,0.0,0.0,0.0,0.0,0.0,0.0,0.0,0.0,0.0,-0.12183170355815608,0.0,0.0,0.0,-0.06832621240959072,0.0,-0.010399294509420277,0.0,0.0,0.0,0.0,0.0,0.0,-0.0027912588288355133,0.0,0.0,0.0,0.0,0.0,0.0,0.0,0.0,0.011165169297373621,0.030526612084406858
0.0,0.0,0.0,0.0,0.0,0.0,0.0,0.0,0.0,0.0,0.0,0.0,0.0,0.13754774619899646,0.0,0.0,0.0,0.0,0.0032685421717874876,0.0,-4.06461779804481e-07,0.0,0.0,0.0,0.0,0.0,0.0,0.0,0.0,0.0,0.45537618879172487,-0.1060784092663521,0.0,0.0,0.0,0.0,0.0,0.0,0.0,0.0,0.0,0.0,0.0,0.0,0.0,0.0,0.0,-0.13044751243259536,0.0,0.0,0.0,-0.10851763944744428,0.0,-0.011134721588788019,0.0,0.0,0.0,0.0,0.0,0.0,-0.002988653693111201,0.0,0.0,0.0,0.0,0.0,0.0,0.0,0.0,0.011954758229543559,0.03268542171787678
0.0,0.0,0.0,0.0,0.0,0.0,0.0,0.0,0.0,0.0,0.0,0.0,0.0,0.09552051069017875,0.0,0.0,0.0,0.0,0.0,0.3137679032202563,-0.3137681726826045,0.0,0.0,0.0,0.0,0.0,0.0,0.0,0.0,0.0,0.15150662909565107,0.0,0.0,0.0,0.0,0.0,0.0,0.0,0.0,0.0,0.0,0.0,0.0,0.0,0.0,0.0,0.0,-0.08647970059654121,0.0,0.0,0.0,0.0,0.0,-0.007381722895802968,0.0,0.0,0.0,0.0,0.0,0.0,-0.0019813170197519386,0.0,0.0,0.0,0.0,0.0,0.0,0.0,0.0,0.007925363183365954,0.021668680615847227
0.0,0.0,0.0,0.0,0.0,0.0,0.0,0.0,0.0,0.0,0.0,0.0,0.0,0.08153677179194663,0.0,0.0,0.0,0.0,0.0,0.26783380590885064,-0.2678340359232197,0.0,0.0,0.0,0.0,0.0,0.0,0.0,0.0,0.0,0.12932679434270813,0.14639514379888996,0.0,0.0,0.0,0.0,0.0,0.0,0.0,0.0,0.0,0.0,0.0,0.0,0.0,0.0,0.0,-0.0738194923920256,0.0,0.0,0.0,0.0,0.0,-0.0063010745109883335,0.0,0.0,0.0,0.0,0.0,0.0,-0.0016912618297341654,0.0,0.0,0.0,0.0,0.0,0.0,0.0,0.0,0.006765128500478668,0.01849649100115805
0.0,0.0,0.0,0.0,0.0,0.0,0.0,0.0,0.0,0.0,0.0,0.0,0.0,0.13375170558529684,0.0,0.0,0.0,0.0,0.0,0.11915803438755536,-0.11915841169969918,0.0,0.0,0.0,0.0,0.0,0.0,0.0,0.0,0.0,0.3722420216365677,0.0,0.0,0.0,0.0,0.0,0.0,0.0,0.0,0.0,0.0,0.0,0.0,0.0,0.0,0.0,0.0,-0.12109239544175172,0.0,0.0,0.0,-0.08004813755471041,0.0,-0.010336188744572924,0.0,0.0,0.0,0.0,0.0,0.0,-0.002774320706434899,0.0,0.0,0.0,0.0,0.0,0.0,0.0,0.0,0.011097415994731533,0.030341368248679355
0.0,0.0,0.0,0.0,0.0,0.0,0.0,0.0,0.0,0.0,0.0,0.0,0.0,0.14222535229507627,0.0,0.0,0.0,0.0,0.0,0.0,-4.0121621137692e-07,0.0,0.0,0.0,0.0,0.0,0.0,0.0,0.0,0.0,0.459178438938898,-0.09503034005471704,0.0,0.0,0.0,0.0,0.0,0.0,0.0,0.0,0.0,0.0,0.0,0.0,0.0,0.0,0.0,-0.12876402978633167,0.0,0.0,0.0,-0.11679625206133001,0.0,-0.010991023098750592,0.0,0.0,0.0,0.0,0.0,0.0,-0.0029500837998704663,0.0,0.0,0.0,0.0,0.0,0.0,0.0,0.0,0.011800476805203528,0.03226360194361095
