M_2ddglcn_e,M_ac_e,M_ala__45__D_e,M_alaala_e,M_arab__45__L_e,M_arg__45__L_e,M_asp__45__L_e,M_buts_e,M_bz_e,M_ca2_e,M_cd2_e,M_cellb_e,M_cgly_e,M_cit_e,M_co2_e,M_cobalt2_e,M_cro4_e,M_cu2_e,M_eths_e,M_etoh_e,M_fe2_e,M_fe3_e,M_fru_e,M_glc__45__D_e,M_gln__45__L_e,M_glu__45__L_e,M_glyc3p_e,M_glyclt_e,M_gthrd_e,M_h2_e,M_h2o_e,M_h_e,M_hexs_e,M_hom__45__L_e,M_ile__45__L_e,M_istnt_e,M_k_e,M_lac__45__L_e,M_leu__45__L_e,M_mal__45__L_e,M_met__45__D_e,M_met__45__L_e,M_mg2_e,M_mn2_e,M_mobd_e,M_mops_e,M_na1_e,M_nh4_e,M_ni2_e,M_no2_e,M_no3_e,M_o2_e,M_orot_e,M_pi_e,M_ppa_e,M_ppn_e,M_pro__45__L_e,M_ptrc_e,M_pyr_e,M_rib__45__D_e,M_so4_e,M_spmd_e,M_succ_e,M_sula_e,M_tsul_e,M_ura_e,M_val__45__L_e,M_zn2_e,M_fixed_uptake,objective,virtual_tag_R_constraint_reaction
0.0,0.0,0.0,0.0,0.0,0.0,0.0,0.0,0.0,0.0,0.0,0.0,0.0,0.0,0.0,0.0,0.0,0.0,0.0,0.0,0.0,0.0,0.0,0.0,0.0,0.0,0.0,0.0,0.0,0.0,0.0,-1.0,0.0,0.0,0.0,0.0,0.0,0.0,0.0,0.0,0.0,0.0,0.0,0.0,0.0,0.0,0.0,0.0,0.0,0.0,0.0,0.0,0.0,0.0,0.0,0.0,0.0,0.0,0.0,0.0,0.0,0.0,0.0,0.0,0.0,0.0,0.0,0.0,0.0,0.0,0.0
0.0,0.0,0.0,0.0,0.0,0.0,0.0,0.0,0.0,0.0,0.0,0.0,0.0,0.0,0.4240720218131013,0.0,0.0,0.0,0.0,0.11316361408525052,-0.0023642677831304275,0.0,0.0,0.0,0.0,0.0,0.0,0.0,0.0,0.0,0.0,-0.3317158759820895,0.0,0.0,0.0,0.0,0.0,0.0,0.0,0.0,0.0,0.0,0.0,0.0,0.0,0.0,0.0,-0.03525508403869339,0.0,0.0,0.0,-0.06659592689070967,0.0,-0.0022020908345465958,0.0,0.0,0.0,0.0,0.0,0.0,-0.0005910598529792574,0.0,0.0,0.0,0.0,0.0,0.0,0.0,0.0,0.0023642677831304275,0.021675790936368847
0.0,0.0,0.0,0.0,0.0,0.0,0.0,0.0,0.0,0.0,0.0,0.0,0.0,0.0,0.3612796266151705,0.0,0.0,0.0,0.0,0.0,-0.004319515908223766,0.0,0.0,0.0,0.0,0.0,0.0,0.0,0.0,0.0,0.0,-0.2959199297968945,0.0,0.0,0.0,0.0,0.0,0.0,0.0,0.0,0.0,0.0,0.0,0.0,0.0,0.0,0.0,-0.06441101868303085,0.0,0.0,0.0,-0.018295791322498305,0.0,-0.004023218714499157,0.0,0.0,0.0,0.0,0.0,0.0,-0.001079866018508217,0.0,0.2067498592000096,0.0,0.0,0.0,0.0,0.0,0.0,0.004319515908223766,0.03960165783294126
0.0,0.0,0.0,0.0,0.0,0.0,0.0,0.0,0.0,0.0,0.0,0.0,0.0,0.0,0.3612796266151705,0.0,0.0,0.0,0.0,0.0,-0.004319515908223766,0.0,0.0,0.0,0.0,0.0,0.0,0.0,0.0,0.0,0.0,-0.19254500019688972,0.0,0.0,0.0,0.0,0.0,0.0,0.0,0.2067498592000096,0.0,0.0,0.0,0.0,0.0,0.0,0.0,-0.06441101868303085,0.0,0.0,0.0,-0.12167072092250311,0.0,-0.004023218714499157,0.0,0.0,0.0,0.0,0.0,0.0,-0.001079866018508217,0.0,0.0,0.0,0.0,0.0,0.0,0.0,0.0,0.004319515908223766,0.03960165783294126
0.0,0.0,0.0,0.0,0.0,0.0,0.0,0.0,0.0,0.0,0.0,0.0,0.0,0.0,0.34025094467271094,0.0,0.0,0.0,0.0,0.0,-0.00452655832450963,0.0,0.0,0.0,0.0,0.0,0.0,0.0,0.0,0.0,0.0,-0.3101039213816104,0.0,0.0,0.0,0.0,0.0,0.0,0.0,0.0,0.0,0.0,0.0,0.0,0.0,0.0,0.0,-0.06749835838194922,0.0,0.0,0.0,0.0,0.0,-0.004216059056239892,0.0,0.0,0.0,0.0,0.0,0.0,-0.001131626001452434,0.0,0.19748702119942763,0.0,0.0,0.0,0.0,0.0,-0.028759113847690764,0.00452655832450963,0.041499838809899346
0.0,0.0,0.0,0.0,0.0,0.0,0.0,0.0,0.0,0.0,0.0,0.0,0.0,0.0,0.2868843805992526,0.0,0.0,0.0,0.0,0.0,-0.0031601247207978323,0.0,0.0,0.0,0.0,0.0,0.0,0.05659950134028185,0.0,0.0,0.0,-0.34710989867935993,0.0,0.10594459834894213,0.0,0.0,0.0,0.0,0.0,0.0,0.0,0.0,0.0,0.0,0.0,0.0,0.0,-0.153067205779208,0.0,0.0,0.0,0.0,0.0,-0.002943355965574705,0.0,0.0,0.0,0.0,0.0,0.0,-0.0007900216998252957,0.0,0.0,0.0,0.0,0.0,0.0,0.0,-0.011368518900650671,0.0031601247207978323,0.028972269245309094
0.0,0.0,0.0,0.0,0.0,0.0,0.0,0.0,0.0,0.0,0.0,0.0,0.0,0.0,0.3170116707576697,0.0,0.0,0.0,0.0,0.0,-0.004632485012966532,0.0,0.0,0.0,0.0,0.0,0.0,0.03120153867110561,0.0,0.0,0.0,-0.301759941667345,0.0,0.0,0.0,0.0,0.0,0.0,0.0,0.0,0.0,0.0,0.0,0.0,0.0,0.0,0.0,-0.06907789786141712,0.0,0.0,0.0,0.0,0.0,-0.004314719703502093,0.0,0.0,0.0,0.0,0.0,0.0,-0.0011581073557865942,0.0,0.15530613738951574,0.0,0.0,0.0,0.0,0.0,-0.06843403363872186,0.004632485012966532,0.04247098292900314
0.0,0.0,0.0,0.0,0.0,0.0,0.0,0.0,0.0,0.0,0.0,0.0,0.0,0.0,0.2876631835409185,0.0,0.0,0.0,0.0,0.0,-0.0031071393619528575,0.0,0.0,0.0,0.0,0.0,0.0,0.050061553317330504,0.0,0.0,0.0,-0.352467861265999,0.0,0.1041682404336165,0.0,0.0,0.0,0.0,0.0,0.0,0.0,0.0,0.0,0.0,0.0,0.0,0.0,-0.15050074985035422,0.0,0.0,0.0,0.0,0.0,-0.0028940051374197013,0.0,0.0,0.0,0.0,0.016766856857345157,0.0,-0.0007767755190701285,0.0,0.0,0.0,0.0,0.0,0.0,0.0,0.0,0.0031071393619528575,0.028486495354040534
0.0,0.0,0.0,0.0,0.0,0.0,0.0,0.0,0.0,0.0,0.0,0.0,0.0,0.0,0.3489396672855224,0.0,0.0,0.0,0.0,0.0,-0.004280359624981809,0.0,0.0,0.0,0.0,0.0,0.0,0.0,0.0,0.0,0.0,-0.3204323352116355,0.0,0.0,0.0,0.0,0.0,0.0,0.0,0.0,0.0,0.0,0.0,0.0,0.0,0.0,0.0,-0.07289210497345402,0.0,0.0,0.0,0.0,0.0,-0.003986748356506181,0.0,0.0,0.009064970259146156,0.0,0.0,0.0,-0.0010700770651665772,0.0,0.1958107076161327,0.0,0.0,0.0,0.0,0.0,0.0,0.004280359624981809,0.039242669982472764
0.0,0.0,0.0,0.0,0.0,0.0,0.0,0.0,0.0,0.0,0.0,0.0,0.0,0.0,0.29047366203413244,0.0,0.0,0.0,0.0,0.0,-0.0030660134352397676,0.0,0.0,0.0,0.0,0.0,0.0,0.05601691399740086,0.0,0.0,0.0,-0.35111160225667537,0.0,0.10609846162993856,0.0,0.0,0.0,0.0,0.0,0.0,0.0,0.0,0.0,0.0,0.0,0.0,0.0,-0.15512670281659013,0.0,0.0,0.0,0.0,0.0,-0.0028557002436494956,0.0,0.0,0.0033089863313406315,0.0,0.0,0.0,-0.0007664941607696362,0.0,0.0,0.0,0.0,0.0,0.0,0.0,0.0,0.0030660134352397676,0.02810944965902326
0.0,0.0,0.0,0.0,0.0,0.0,0.0,0.0,0.0,0.0,0.0,0.0,0.0,0.0,0.33904171951935613,0.0,0.0,0.0,0.0,0.0,-0.004074778020690074,0.0,0.0,0.0,0.0,0.0,0.0,0.027445171140945697,0.0,0.0,0.0,-0.3256261530791364,0.0,0.0,0.0,0.0,0.0,0.0,0.0,0.0,0.0,0.0,0.0,0.0,0.0,0.0,0.0,-0.08082665443116267,0.0,0.0,0.0,0.0,0.0,-0.0037952686223608387,0.0,0.0,0.02006507632927796,0.0,0.0,0.0,-0.0010186822808384564,0.0,0.1566738367120379,0.0,0.0,0.0,0.0,0.0,0.0,0.004074778020690074,0.037357881843503686
0.0,0.0,0.0,0.0,0.0,0.0,0.0,0.0,0.0,0.0,0.0,0.0,0.0,0.0,0.33557618176598386,0.0,0.0,0.0,0.0,0.053723176688741,-0.00272755602660688,0.0,0.0,0.0,0.0,0.0,0.0,0.0,0.0,0.0,0.0,-0.38268661575134943,0.0,0.0768289121199795,0.0,0.0,0.0,0.0,0.0,0.0,0.0,0.0,0.0,0.0,0.0,0.0,0.0,-0.11750121566545542,0.0,0.0,0.0,0.0,0.0,-0.002540459320961781,0.0,0.0,0.0,0.0,0.0,0.0,-0.0006818808239836402,0.0,0.0,0.0,0.0,0.0,0.0,0.0,0.0,0.00272755602660688,0.02500644581033151
0.0,0.0,0.0,0.0,0.0,0.0,0.0,0.0,0.0,0.0,0.0,0.0,0.0,0.0,0.3366430245088184,0.0,0.0,0.0,0.0,0.0,-0.004024956827436401,0.0,0.0,0.0,0.0,0.0,0.0,0.0,0.0,0.0,0.0,-0.32688483672737734,0.0,0.034096306975807726,0.0,0.0,0.0,0.0,0.0,0.0,0.0,0.0,0.0,0.0,0.0,0.0,0.0,-0.09411496992755636,0.0,0.0,0.0,0.0,0.0,-0.0037488649138584015,0.0,0.0,0.0,0.0,0.0,0.0,-0.001006227131988618,0.0,0.15855473889122476,0.0,0.0,0.0,0.0,0.0,0.0,0.004024956827436401,0.03690111726849553
0.0,0.0,0.0,0.0,0.0,0.0,0.0,0.0,0.0,0.0,0.0,0.0,0.0,0.0,0.2896330077010504,0.0,0.0,0.0,0.0,0.0,-0.00280284489229688,0.0,0.0,0.0,0.0,0.0,0.0,0.0,0.0,0.0,0.041404575170355375,-0.35184535841337117,0.0,0.12035419960175375,0.0,0.0,0.0,0.0,0.0,0.0,0.0,0.0,0.0,0.0,0.0,0.0,0.0,-0.1621491827802298,0.0,0.0,0.0,0.0,0.0,-0.002610583746909776,0.0,0.0,0.0,0.0,0.0,0.0,-0.0007007028145395432,0.0,0.0,0.0,0.0,0.0,0.0,0.0,0.0,0.00280284489229688,0.025696699987196366
0.0,0.0,0.0,0.0,0.0,0.0,0.0,0.0,0.0,0.0,0.0,0.0,0.0,0.0,0.289986811970103,0.0,0.0,0.0,0.0,0.0,-0.003055901498949819,0.0,0.0,0.0,0.0,0.0,0.0,0.051591786483678966,0.0,0.0,0.0,-0.3513670704225101,0.0,0.11187353396484273,0.0,0.0,0.0,0.0,0.0,0.0,0.0,0.0,0.0,0.0,0.0,0.0,0.0,-0.15744200337772632,0.0,0.0,0.0,0.0,0.0,-0.0028462819356293565,0.0,0.0,0.0,0.0,0.0,0.0,-0.000763966207032958,0.0,0.0,0.0,0.0,0.0,0.0,0.0,0.0,0.003055901498949819,0.0280167426405769
0.0,0.0,0.0,0.0,0.0,0.0,0.0,0.0,0.0,0.0,0.0,0.0,0.0,0.0,0.2905715312433117,0.0,0.0,0.0,0.0,0.0,-0.003474118824362514,0.0,0.0,0.0,0.0,0.0,0.0,0.0,0.0,0.0,0.0,-0.3505766214911005,0.0,0.09785785048872397,0.0,0.0,0.0,0.0,0.0,0.06842781509096708,0.0,0.0,0.0,0.0,0.0,0.0,0.0,-0.14966262149953394,0.0,0.0,0.0,0.0,0.0,-0.0032358116436053672,0.0,0.0,0.0,0.0,0.0,0.0,-0.0008685192837341554,0.0,0.0,0.0,0.0,0.0,0.0,0.0,0.0,0.003474118824362514,0.03185099161029812
0.0,0.03298073052689519,0.0,0.0,0.0,0.0,0.0,0.0,0.0,0.0,0.0,0.0,0.0,0.0,0.29940987783493017,0.0,0.0,0.0,0.0,0.0,-0.003055901498949819,0.0,0.0,0.0,0.0,0.0,0.0,0.03274565475402457,0.0,0.0,0.0,-0.3466555374900965,0.0,0.10245046810001553,0.0,0.0,0.0,0.0,0.0,0.0,0.0,0.0,0.0,0.0,0.0,0.0,0.0,-0.14801893751289913,0.0,0.0,0.0,0.0,0.0,-0.0028462819356293565,0.0,0.0,0.0,0.0,0.0,0.0,-0.000763966207032958,0.0,0.0,0.0,0.0,0.0,0.0,0.0,0.0,0.003055901498949819,0.0280167426405769
0.0,0.0,0.0,0.0,0.0,0.0,0.0,0.0,0.0,0.0,0.0,0.0,0.0,0.0,0.44536261468012356,0.0,0.0,0.0,0.0,0.0,-0.0016451606295756537,0.0,0.0,0.0,0.0,0.0,0.0,0.0,0.0,0.0,0.23082237268756467,0.0,0.0,0.0018033868668874214,0.0,0.0,0.0,0.0,0.0,0.0,0.0,0.0,0.0,0.0,0.0,0.0,0.0,-0.026335411820525997,0.0,0.0,0.0,-0.27535933600961776,0.0,-0.0015323108361899119,0.0,0.0,0.0,0.0,0.0,0.0,-0.00041128522191202473,0.0,0.0,0.0,0.0,0.0,0.0,0.0,0.0,0.0016451606295756537,0.015082960618027249
0.0,0.0,0.0,0.0,0.0,0.0,0.0,0.0,0.0,0.0,0.0,0.0,0.0,0.0,0.4454936759986121,0.0,0.0,0.0,0.0,0.0,-0.0016412143038139924,0.0,0.0,0.0,0.0,0.0,0.0,0.0,0.0,0.0,0.23206774898013358,0.0,0.0,0.0,0.0,0.0,0.0,0.0,0.0,0.0,0.0,0.0,0.0,0.0,0.0,0.0,0.0,-0.025672552805471708,0.0,0.0,0.0,-0.27529850535321,0.0,-0.0015286352086438717,0.0,0.0,0.0011993739975041673,0.0,0.0,0.0,-0.0004102986523105867,0.0,0.0,0.0,0.0,0.0,0.0,0.0,0.0,0.0016412143038139924,0.015046780396485967
0.0,0.0,0.0,0.0,0.0,0.0,0.0,0.0,0.0,0.0,0.0,0.0,0.0,0.0,0.4453479503440618,0.0,0.0,0.0,0.0,0.0,-0.0016188853405168912,0.0,0.0,0.0,0.0,0.0,0.0,0.0,0.0,0.0,0.23245960194909507,0.0,0.0,0.0,0.0,0.0,0.0,0.0,0.0,0.0,0.0,0.0,0.0,0.0,0.0,0.0,0.0,-0.02414021759132655,0.0,0.0,0.0,-0.2780598383312684,0.0,-0.001507837900584135,0.0,0.0,0.0,0.0,0.0,0.0,-0.0004047164784732012,0.0,0.0,0.0,0.0,0.0,0.0,0.0,0.0,0.0016188853405168912,0.014842066724156945
0.0,0.0,0.0,0.0,0.0,0.0,0.0,0.0,0.0,0.0,0.0,0.0,0.0,0.0,0.4429167741494018,0.0,0.0,0.0,0.0,0.0,-0.0016909008555163574,0.0,0.0,0.0,0.0,0.0,0.0,0.0,0.0,0.0,0.23167932383592849,0.0,0.0,0.0,0.0,0.0,0.0,0.0,0.0,0.0,0.0,0.0,0.0,0.0,0.0,0.0,0.0,-0.025214086233242523,0.0,0.0,0.0,-0.27374749113039987,0.0,-0.0015749135113322127,0.0,0.0,0.0,0.0,0.0,0.0,-0.00042272014117652275,0.0,0.0,0.0,0.0,0.0,0.0,0.0,-0.005560578720206989,0.0016909008555163574,0.01550231056727886
0.0,0.0,0.0,0.0,0.0,0.0,0.0,0.0,0.0,0.0,0.0,0.0,0.0,0.0,0.4473558769871314,0.0,0.0,0.0,0.0,0.0017969058341228404,-0.0016392482321089463,0.0,0.0,0.0,0.0,0.0,0.0,0.0,0.0,0.0,0.22999284055130795,0.0,0.0,0.0,0.0,0.0,0.0,0.0,0.0,0.0,0.0,0.0,0.0,0.0,0.0,0.0,0.0,-0.024443861476114496,0.0,0.0,0.0,-0.27616665224902887,0.0,-0.001526803999627433,0.0,0.0,0.0,0.0,0.0,0.0,-0.00040980714028254024,0.0,0.0,0.0,0.0,0.0,0.0,0.0,0.0,0.0016392482321089463,0.015028755298166491
0.0,0.0,0.0,0.0,0.0,0.0,0.0,0.0,0.0,0.0,0.0,0.0,0.0,0.0,0.44619570190127766,0.0,0.0,0.0,0.0,0.0,-0.0016753741061776948,0.0,0.0,0.0,0.0,0.0,0.0,0.0,0.0,0.0,0.22955192128809976,0.0,0.0,0.0,0.0,0.0,0.0,0.0,0.0,0.0,0.0,0.0,0.0,0.0,0.0,0.0,0.0,-0.02498255710752839,0.0,0.0,0.0,-0.27490680869310635,0.0,-0.001560451819364436,0.0,0.0,0.0,0.0,0.0,0.0,-0.00041883850042210517,0.0,0.003673012356226178,0.0,0.0,0.0,0.0,0.0,0.0,0.0016753741061776948,0.015359960121619682
0.0,0.005469340622962167,0.0,0.0,0.0,0.0,0.0,0.0,0.0,0.0,0.0,0.0,0.0,0.0,0.4465880672789861,0.0,0.0,0.0,0.0,0.0,-0.001663156517300926,0.0,0.0,0.0,0.0,0.0,0.0,0.0,0.0,0.0,0.22787792442385973,0.0,0.0,0.0,0.0,0.0,0.0,0.0,0.0,0.0,0.0,0.0,0.0,0.0,0.0,0.0,0.0,-0.02480037295492349,0.0,0.0,0.0,-0.2747251769323416,0.0,-0.0015490722959966689,0.0,0.0,0.0,0.0,0.0,0.0,-0.0004157841398556796,0.0,0.0,0.0,0.0,0.0,0.0,0.0,0.0,0.001663156517300926,0.015247948316472679
0.0,0.0,0.0,0.0,0.0,0.0,0.0,0.0,0.0,0.0,0.0,0.0,0.0,0.0,0.44298958299400143,0.0,0.0,0.0,0.0,0.0,-0.0016103124340341806,0.0,0.0,0.0,0.0,0.0,0.0,0.0,0.0,0.0,0.23122859788806538,0.005295561253259158,0.0,0.0,0.0,0.0,0.0,0.0,0.0,0.0,0.0,0.0,0.0,0.0,0.0,0.0,0.0,-0.024012381590404676,0.0,0.0,0.0,-0.2765873554253139,0.0,-0.001499853052621606,0.0,0.0,0.0,0.0,0.0,0.0,-0.00040257327757124305,0.0,0.0,0.0,0.0,0.0,0.0,0.0,0.0,0.0016103124340341806,0.014763469650694213
0.0,0.0,0.0,0.0,0.0,0.0,0.0,0.0,0.0,0.0,0.0,0.0,0.0,0.0,0.44496562157903685,0.0,0.0,0.0,0.0,0.0,-0.0016571143022541192,0.0,0.0,0.0,0.0,0.0,0.0,0.0,0.0,0.0,0.2306830287988761,0.0,0.0,0.0,0.0,0.0,0.0,0.0,0.0,0.0,0.0,0.0,0.0,0.0,0.0,0.0,0.0,-0.02471027368580729,0.0,0.0,0.0,-0.2755435959515059,0.0,-0.001543444546690998,0.0,0.0,0.0,0.0,0.0036329804104140427,0.0,-0.0004142736042206231,0.0,0.0,0.0,0.0,0.0,0.0,0.0,0.0,0.0016571143022541192,0.015192552818939928
0.0,0.0,0.0,0.0,0.0,0.0,0.0,0.0,0.0,0.0,0.0,0.0,0.0,0.0,0.4453934193189872,0.0,0.0,0.0,0.0,0.0,-0.0017003558178941196,0.0,0.0,0.0,0.0,0.0,0.0,0.011183343301195373,0.0,0.0,0.22179145524185612,0.0,0.0,0.0,0.0,0.0,0.0,0.0,0.0,0.0,0.0,0.0,0.0,0.0,0.0,0.0,0.0,-0.02535507512442867,0.0,0.0,0.0,-0.27527819721597596,0.0,-0.0015837199105656723,0.0,0.0,0.0,0.0,0.0,0.0,-0.0004250838534060762,0.0,0.0,0.0,0.0,0.0,0.0,0.0,0.0,0.0017003558178941196,0.015588994397796674
0.0,0.0,0.0,0.0,0.0,0.0,0.0,0.0,0.0,0.0,0.0,0.0,0.0,0.0,0.44464254604715164,0.0,0.0,0.0,0.0,0.0,-0.0016559111237193474,0.0,0.0,0.0,0.0,0.0021782055706148456,0.0,0.0,0.0,0.0,0.23124160563628904,0.0,0.0,0.0,0.0,0.0,0.0,0.0,0.0,0.0,0.0,0.0,0.0,0.0,0.0,0.0,0.0,-0.026870537904490857,0.0,0.0,0.0,-0.27461746389608466,0.0,-0.0015423239001878188,0.0,0.0,0.0,0.0,0.0,0.0,-0.0004139728131964657,0.0,0.0,0.0,0.0,0.0,0.0,0.0,0.0,0.0016559111237193474,0.015181521984545901
0.0,0.0,0.0,0.0,0.0,0.0,0.0,0.0,0.0,0.0,0.0,0.0,0.0,0.0,0.4453934193189872,0.0,0.0,0.0,0.0,0.0,-0.0017003558178941196,0.0,0.0,0.0,0.0,0.0,0.0,0.0,0.0,0.0,0.2273831268924538,0.0,0.0,0.0,0.0,0.0,0.0,0.0,0.0,0.005591671650597686,0.0,0.0,0.0,0.0,0.0,0.0,0.0,-0.02535507512442867,0.0,0.0,0.0,-0.27527819721597596,0.0,-0.0015837199105656723,0.0,0.0,0.0,0.0,0.0,0.0,-0.0004250838534060762,0.0,0.0,0.0,0.0,0.0,0.0,0.0,0.0,0.0017003558178941196,0.015588994397796674
0.0,0.0,0.0,0.0,0.0,0.0,0.0,0.0,0.0,0.0,0.0,0.0,0.0,0.0,0.29940987783493017,0.0,0.0,0.0,0.0,0.0,-0.003055901498949819,0.0,0.0,0.0,0.0,0.0,0.0,0.06572638528091976,0.0,0.0,0.0,-0.3301651722266489,0.0,0.10245046810001553,0.0,0.0,0.0,0.0,0.0,0.0,0.0,0.0,0.0,0.0,0.0,0.0,0.0,-0.14801893751289913,0.0,0.0,0.0,-0.016490365263447593,0.0,-0.0028462819356293565,0.0,0.0,0.0,0.0,0.0,0.0,-0.000763966207032958,0.0,0.0,0.0,0.0,0.0,0.0,0.0,0.0,0.003055901498949819,0.0280167426405769
0.0,0.0,0.0,0.0,0.0,0.0,0.0,0.0,0.0,0.0,0.0,0.0,0.0,0.0,0.4185496075929999,0.0,0.0,0.0,0.0,0.08502812556783279,-0.002536226346198552,0.0,0.0,0.0,0.0,0.0,0.0,0.05454920259934816,0.0,0.0,0.0,-0.2740185207822236,0.0,0.0,0.0,0.0,0.0,0.0,0.0,0.0,0.0,0.0,0.0,0.0,0.0,0.0,0.0,-0.037819266334538366,0.0,0.0,0.0,-0.09871420113472068,0.0,-0.0023622538999810623,0.0,0.0,0.0,0.0,0.0,0.0,-0.0006340489778705994,0.0,0.0,0.0,0.0,0.0,0.0,0.0,0.0,0.002536226346198552,0.023252320418087644
0.0,0.0,0.0,0.0,0.0,0.0,0.0,0.0,0.0,0.0,0.0,0.0,0.0,0.0,0.3765692747819104,0.0,0.0,0.0,0.0,0.0,-0.0038434223332435256,0.0,0.0,0.0,0.0,0.0,0.0,0.08266439777553959,0.0,0.0,0.0,-0.22197167386053773,0.0,0.0,0.0,0.0,0.0,0.0,0.0,0.0,0.0,0.0,0.0,0.0,0.0,0.0,0.0,-0.057311687923641816,0.0,0.0,0.0,-0.08516624204011294,0.0,-0.0035797827782946857,0.0,0.0,0.0,0.0,0.0,0.0,-0.0009608440530438817,0.0,0.12885245721505467,0.0,0.0,0.0,0.0,0.0,0.0,0.0038434223332435256,0.03523679490537717
0.0,0.0,0.0,0.0,0.0,0.0,0.0,0.0,0.0,0.0,0.0,0.0,0.0,0.0,0.4185496075929999,0.0,0.0,0.0,0.0,0.0,-0.002536226346198552,0.0,0.0,0.0,0.0,0.0,0.0,0.13957732816718094,0.0,0.0,0.08502812556783279,-0.06144820686264162,0.0,0.0,0.0,0.0,0.0,0.0,0.0,0.0,0.0,0.0,0.0,0.0,0.0,0.0,0.0,-0.037819266334538366,0.0,0.0,0.0,-0.22625638948646987,0.0,-0.0023622538999810623,0.0,0.0,0.0,0.0,0.0,0.0,-0.0006340489778705994,0.0,0.0,0.0,0.0,0.0,0.0,0.0,0.0,0.002536226346198552,0.023252320418087644
0.0,0.0,0.0,0.0,0.0,0.0,0.0,0.0,0.0,0.0,0.0,0.0,0.0,0.0,0.3765692747819104,0.0,0.0,0.0,0.0,0.0,-0.0038434223332435256,0.0,0.0,0.0,0.0,0.0,0.0,0.08266439777553959,0.0,0.0,0.0,-0.1575454452530104,0.0,0.0,0.0,0.0,0.0,0.0,0.0,0.12885245721505467,0.0,0.0,0.0,0.0,0.0,0.0,0.0,-0.057311687923641816,0.0,0.0,0.0,-0.14959247064764028,0.0,-0.0035797827782946857,0.0,0.0,0.0,0.0,0.0,0.0,-0.0009608440530438817,0.0,0.0,0.0,0.0,0.0,0.0,0.0,0.0,0.0038434223332435256,0.03523679490537717
0.0,0.0,0.0,0.0,0.0,0.0,0.0,0.0,0.0,0.0,0.0,0.0,0.0,0.0,0.3429838352926722,0.0,0.0,0.0,0.0,0.0,-0.004319515908223766,0.0,0.0,0.0,0.0,0.018295791322498305,0.0,0.0,0.0,0.0,0.0,-0.31421572111939283,0.0,0.0,0.0,0.0,0.0,0.0,0.0,0.0,0.0,0.0,0.0,0.0,0.0,0.0,0.0,-0.08270681000552915,0.0,0.0,0.0,0.0,0.0,-0.004023218714499157,0.0,0.0,0.0,0.0,0.0,0.0,-0.001079866018508217,0.0,0.1884540678775113,0.0,0.0,0.0,0.0,0.0,0.0,0.004319515908223766,0.03960165783294126
0.0,0.0,0.0,0.0,0.0,0.0,0.0,0.0,0.0,0.0,0.0,0.0,0.0,0.0,0.28942849468484594,0.0,0.0,0.0,0.0,0.0,-0.0030813074415498875,0.0,0.0,0.0,0.0,0.004156865430511969,0.0,0.05380222046707739,0.0,0.0,0.0,-0.34953753833027273,0.0,0.10745907914889695,0.0,0.0,0.0,0.0,0.0,0.0,0.0,0.0,0.0,0.0,0.0,0.0,0.0,-0.15756325798274,0.0,0.0,0.0,0.0,0.0,-0.002869945157596773,0.0,0.0,0.0,0.0,0.0,0.0,-0.0007703176164651472,0.0,0.0,0.0,0.0,0.0,0.0,0.0,0.0,0.0030813074415498875,0.028249666298493233
0.0,0.0,0.0,0.0,0.0,0.0,0.0,0.0,0.0,0.0,0.0,0.0,0.0,0.0,0.3363029640442096,0.0,0.0,0.0,0.0,0.0,-0.004257851108155445,0.0,0.0,0.0,0.0,0.026957015062288033,0.0,0.010706894252476251,0.0,0.0,0.0,-0.31329898653889704,0.0,0.0,0.0,0.0,0.0,0.0,0.0,0.0,0.0,0.0,0.0,0.0,0.0,0.0,0.0,-0.09044851112434091,0.0,0.0,0.0,0.0,0.0,-0.003965783811391522,0.0,0.0,0.0,0.0,0.0,0.0,-0.0010644500034855367,0.0,0.16970338279717892,0.0,0.0,0.0,0.0,0.0,0.0,0.004257851108155445,0.039036310149421195
0.0,0.0,0.0,0.0,0.0,0.0,0.0,0.0,0.0,0.0,0.0,0.0,0.0,0.0,0.3439662275732681,0.0,0.0,0.0,0.0,0.0,-0.004365152432795955,0.0,0.0,0.0,0.0,0.0,0.0,0.0,0.0,0.0,-0.015847791352719603,-0.3069702770096094,0.0,0.0,0.0,0.0,0.0,0.0,0.0,0.0,0.0,0.0,0.0,0.0,0.0,0.0,0.0,-0.06509153360630071,0.0,0.0,0.0,0.0,0.0,-0.0040657248016683165,0.0,0.0,0.0,0.0,0.0,0.0,-0.0010912750127416904,0.0,0.21421680873812007,0.0,0.0,0.0,0.0,0.0,0.0,0.004365152432795955,0.04002005703998009
0.0,0.0,0.0,0.0,0.0,0.0,0.0,0.0,0.0,0.0,0.0,0.0,0.0,0.0,0.2862175856241721,0.0,0.0,0.0,0.0,0.0,-0.003055901498949819,0.0,0.0,0.0,0.0,0.0,0.0,0.05913023917554073,0.0,0.0,-0.006596146105379038,-0.3466555374900965,0.0,0.10904661420539456,0.0,0.0,0.0,0.0,0.0,0.0,0.0,0.0,0.0,0.0,0.0,0.0,0.0,-0.15461508361827817,0.0,0.0,0.0,0.0,0.0,-0.0028462819356293565,0.0,0.0,0.0,0.0,0.0,0.0,-0.000763966207032958,0.0,0.0,0.0,0.0,0.0,0.0,0.0,0.0,0.003055901498949819,0.0280167426405769
0.0,0.0,0.0,0.0,0.0,0.0,0.0,0.0,0.0,0.0,0.0,0.0,0.0,0.0,0.31853113224815505,0.0,0.0,0.0,0.0,0.0,-0.00420122486714362,0.0,0.0,0.0,0.0,0.0,0.0,0.04381263416084015,0.0,0.0,-0.046547387052067686,-0.289183463748169,0.0,0.0,0.0,0.0,0.0,0.0,0.0,0.0,0.0,0.0,0.0,0.0,0.0,0.0,0.0,-0.06264710656441995,0.0,0.0,0.0,0.0,0.0,-0.003913041847381903,0.0,0.0,0.0,0.0,0.0,0.0,-0.0010502936131113036,0.0,0.18739533466432065,0.0,0.0,0.0,0.0,0.0,0.0,0.00420122486714362,0.03851715636724701
0.0,0.0,0.0,0.0,0.0,0.0,0.0,0.0,0.0,0.0,0.0,0.0,0.0,0.0,0.3410219252034346,0.0,0.0,0.0,0.0,0.0,-0.0044681492279931186,0.0,0.0,0.0,0.0,0.0,0.0,0.0,0.0,0.0,0.0,-0.3061024508215046,0.0,0.0,0.0,0.0,0.0,0.0,0.0,0.0,0.0,0.0,0.0,0.0,0.0,0.0,0.0,-0.07695029868991088,0.0,0.0,0.0,0.0,0.005161457542720537,-0.004161656531698931,0.0,0.0,0.0,0.0,0.0,0.0,-0.0011170239025505956,0.0,0.21558454918241177,0.0,0.0,0.0,0.0,0.0,0.0,0.0044681492279931186,0.040964339669781746
0.0,0.0,0.0,0.0,0.0,0.0,0.0,0.0,0.0,0.0,0.0,0.0,0.0,0.0,0.2852701087027516,0.0,0.0,0.0,0.0,0.0,-0.003091891918067967,0.0,0.0,0.0,0.0,0.0,0.0,0.05864890172999929,0.0,0.0,0.0,-0.3468124377407571,0.0,0.10954573764724898,0.0,0.0,0.0,0.0,0.0,0.0,0.0,0.0,0.0,0.0,0.0,0.0,0.0,-0.15957666590906616,0.0,0.0,0.0,0.0,0.001962891535744629,-0.0028798035919480945,0.0,0.0,0.0,0.0,0.0,0.0,-0.0007729637038412375,0.0,0.0,0.0,0.0,0.0,0.0,0.0,0.0,0.003091891918067967,0.028346705602506846
0.0,0.0,0.0,0.0,0.0,0.0,0.0,0.0,0.0,0.0,0.0,0.0,0.0,0.0,0.3127278607563919,0.0,0.0,0.0,0.0,0.0,-0.004500490699292474,0.0,0.0,0.0,0.0,0.0,0.0,0.03981023978161698,0.0,0.0,0.0,-0.28841296946977696,0.0,0.0,0.0,0.0,0.0,0.0,0.0,0.0,0.0,0.0,0.0,0.0,0.0,0.0,0.0,-0.0956028458346663,0.0,0.0,0.0,0.0,0.014246599104433186,-0.004191779539774507,0.0,0.0,0.0,0.0,0.0,0.0,-0.0011251091733510206,0.0,0.1936207661471224,0.0,0.0,0.0,0.0,0.0,0.0,0.004500490699292474,0.04126084879428168
0.0,0.08240781390378549,0.0,0.0,0.0,0.0,0.0,0.0,0.0,0.0,0.0,0.0,0.0,0.0,0.37652181690125136,0.0,0.0,0.0,0.0,0.0,-0.003844900090731306,0.0,0.0,0.0,0.0,0.0,0.0,0.0,0.0,0.0,0.0,-0.2634051104567295,0.0,0.0,0.0,0.0,0.0,0.0,0.0,0.0,0.0,0.0,0.0,0.0,0.0,0.0,0.0,-0.057333723695051575,0.0,0.0,0.0,-0.04375477440172422,0.0,-0.003581159169007592,0.0,0.0,0.0,0.0,0.0,0.0,-0.0009612134879825544,0.0,0.12909424470203495,0.0,0.0,0.0,0.0,0.0,0.0,0.003844900090731306,0.03525034310097004
0.0,0.0824722266588774,0.0,0.0,0.0,0.0,0.0,0.0,0.0,0.0,0.0,0.0,0.0,0.0,0.3765692747819104,0.0,0.0,0.0,0.0,0.0,-0.0038434223332435256,0.0,0.0,0.0,0.0,0.0,0.0,0.00019217111666217627,0.0,0.0,0.0,-0.26320778718997645,0.0,0.0,0.0,0.0,0.0,0.0,0.0,0.0,0.0,0.0,0.0,0.0,0.0,0.0,0.0,-0.057311687923641816,0.0,0.0,0.0,-0.043930128710674234,0.0,-0.0035797827782946857,0.0,0.0,0.0,0.0,0.0,0.0,-0.0009608440530438817,0.0,0.12885245721505467,0.0,0.0,0.0,0.0,0.0,0.0,0.0038434223332435256,0.03523679490537717
0.0,0.08240781390378549,0.0,0.0,0.0,0.0,0.0,0.0,0.0,0.0,0.0,0.0,0.0,0.0,0.37652181690125136,0.0,0.0,0.0,0.0,0.0,-0.003844900090731306,0.0,0.0,0.0,0.0,0.0,0.0,0.0,0.0,0.0,0.0,-0.19885798810571204,0.0,0.0,0.0,0.0,0.0,0.0,0.0,0.12909424470203495,0.0,0.0,0.0,0.0,0.0,0.0,0.0,-0.057333723695051575,0.0,0.0,0.0,-0.1083018967527417,0.0,-0.003581159169007592,0.0,0.0,0.0,0.0,0.0,0.0,-0.0009612134879825544,0.0,0.0,0.0,0.0,0.0,0.0,0.0,0.0,0.003844900090731306,0.03525034310097004
0.0,0.0824722266588774,0.0,0.0,0.0,0.0,0.0,0.0,0.0,0.0,0.0,0.0,0.0,0.0,0.3765692747819104,0.0,0.0,0.0,0.0,0.0,-0.0038434223332435256,0.0,0.0,0.0,0.0,0.0,0.0,0.00019217111666217627,0.0,0.0,0.0,-0.1987815585824491,0.0,0.0,0.0,0.0,0.0,0.0,0.0,0.12885245721505467,0.0,0.0,0.0,0.0,0.0,0.0,0.0,-0.057311687923641816,0.0,0.0,0.0,-0.10835635731820158,0.0,-0.0035797827782946857,0.0,0.0,0.0,0.0,0.0,0.0,-0.0009608440530438817,0.0,0.0,0.0,0.0,0.0,0.0,0.0,0.0,0.0038434223332435256,0.03523679490537717
0.0,0.1394785475918128,0.0,0.0,0.0,0.0,0.0,0.0,0.0,0.0,0.0,0.0,0.0,0.0,0.41857026001819053,0.0,0.0,0.0,0.0,0.0,-0.002535583264890612,0.0,0.0,0.0,0.0,0.0,0.0,0.0,0.0,0.0,0.08513334514185383,-0.13114020516323904,0.0,0.0,0.0,0.0,0.0,0.0,0.0,0.0,0.0,0.0,0.0,0.0,0.0,0.0,0.0,-0.03780967694465753,0.0,0.0,0.0,-0.15655483087152122,0.0,-0.0023616549308354408,0.0,0.0,0.0,0.0,0.0,0.0,-0.0006338882094728584,0.0,0.0,0.0,0.0,0.0,0.0,0.0,0.0,0.002535583264890612,0.02324642459863545
0.0,0.139450516849871,0.0,0.0,0.0,0.0,0.0,0.0,0.0,0.0,0.0,0.0,0.0,0.0,0.4185496075929999,0.0,0.0,0.0,0.0,0.0,-0.002536226346198552,0.0,0.0,0.0,0.0,0.0,0.0,0.00012681131730992758,0.0,0.0,0.08502812556783279,-0.13117346528757712,0.0,0.0,0.0,0.0,0.0,0.0,0.0,0.0,0.0,0.0,0.0,0.0,0.0,0.0,0.0,-0.037819266334538366,0.0,0.0,0.0,-0.15653113106153435,0.0,-0.0023622538999810623,0.0,0.0,0.0,0.0,0.0,0.0,-0.0006340489778705994,0.0,0.0,0.0,0.0,0.0,0.0,0.0,0.0,0.002536226346198552,0.023252320418087644
0.0,0.05434520244995896,0.0,0.0,0.0,0.0,0.0,0.0,0.0,0.0,0.0,0.0,0.0,0.0,0.41857026001819053,0.0,0.0,0.0,0.0,0.08513334514185383,-0.002535583264890612,0.0,0.0,0.0,0.0,0.0,0.0,0.0,0.0,0.0,0.0,-0.3014068954469467,0.0,0.0,0.0,0.0,0.0,0.0,0.0,0.0,0.0,0.0,0.0,0.0,0.0,0.0,0.0,-0.03780967694465753,0.0,0.0,0.0,-0.07142148572966737,0.0,-0.0023616549308354408,0.0,0.0,0.0,0.0,0.0,0.0,-0.0006338882094728584,0.0,0.0,0.0,0.0,0.0,0.0,0.0,0.0,0.002535583264890612,0.02324642459863545
0.0,0.054422391282038234,0.0,0.0,0.0,0.0,0.0,0.0,0.0,0.0,0.0,0.0,0.0,0.0,0.4185496075929999,0.0,0.0,0.0,0.0,0.08502812556783279,-0.002536226346198552,0.0,0.0,0.0,0.0,0.0,0.0,0.00012681131730992758,0.0,0.0,0.0,-0.3012297164232427,0.0,0.0,0.0,0.0,0.0,0.0,0.0,0.0,0.0,0.0,0.0,0.0,0.0,0.0,0.0,-0.037819266334538366,0.0,0.0,0.0,-0.07150300549370156,0.0,-0.0023622538999810623,0.0,0.0,0.0,0.0,0.0,0.0,-0.0006340489778705994,0.0,0.0,0.0,0.0,0.0,0.0,0.0,0.0,0.002536226346198552,0.023252320418087644
0.0,0.0,0.0,0.0,0.0,0.0,0.0,0.0,0.0,0.0,0.0,0.0,0.0,0.0,0.28123376951983153,0.0,0.0,0.0,0.0,0.0,-0.005107624630969212,0.0,0.0,0.0,0.0,0.0,0.0,0.0,0.0,0.0,0.0,-0.2641660210006994,0.0,0.0,0.0,0.0,0.0,0.0,0.0,0.17149078737987913,0.0,0.0,0.0,0.0,0.0,0.0,0.0,-0.0761630035682748,0.0,0.0,0.0,-0.03439809936141426,0.0,-0.0047572671194078785,0.0,0.0,0.0,0.0,0.0,0.0,-0.00127689083486841,0.0,0.0,0.0,0.0,0.0,0.0,0.0,-0.10947181204889109,0.005107624630969212,0.046827099904795
0.0,0.0,0.0,0.0,0.0,0.0,0.0,0.0,0.0,0.0,0.0,0.0,0.0,0.0,0.2811978631915262,0.0,0.0,0.0,0.0,0.0,-0.005106972518503582,0.0,0.0,0.0,0.0,0.0,0.0,0.00025534862592517906,0.0,0.0,0.0,-0.2641322937854601,0.0,0.0,0.0,0.0,0.0,0.0,0.0,0.1712135437854958,0.0,0.0,0.0,0.0,0.0,0.0,0.0,-0.07615327950912104,0.0,0.0,0.0,-0.03439370760771107,0.0,-0.0047566597385968286,0.0,0.0,0.0,0.0,0.0,0.0,-0.00127672780870834,0.0,0.0,0.0,0.0,0.0,0.0,0.0,-0.10958550962346156,0.005106972518503582,0.04682112128698662
0.0,0.0,0.0,0.0,0.0,0.0,0.0,0.0,0.0,0.0,0.0,0.0,0.0,0.0,0.28123376951983153,0.0,0.0,0.0,0.0,0.0,-0.005107624630969212,0.0,0.0,0.0,0.0,0.0,0.0,0.0,0.0,0.0,0.0,-0.29856412036211366,0.0,0.0,0.0,0.0,0.0,0.0,0.0,0.1026945886570506,0.0,0.0,0.0,0.0,0.0,0.0,0.0,-0.0761630035682748,0.0,0.0,0.0,0.0,0.0,-0.0047572671194078785,0.0,0.0,0.0,0.0,0.0,0.0,-0.00127689083486841,0.0,0.06879619872282852,0.0,0.0,0.0,0.0,0.0,-0.10947181204889109,0.005107624630969212,0.046827099904795
0.0,0.0,0.0,0.0,0.0,0.0,0.0,0.0,0.0,0.0,0.0,0.0,0.0,0.0,0.2811978631915262,0.0,0.0,0.0,0.0,0.0,-0.005106972518503582,0.0,0.0,0.0,0.0,0.0,0.0,0.00025534862592517906,0.0,0.0,0.0,-0.29852600139317115,0.0,0.0,0.0,0.0,0.0,0.0,0.0,0.10242612857007366,0.0,0.0,0.0,0.0,0.0,0.0,0.0,-0.07615327950912104,0.0,0.0,0.0,0.0,0.0,-0.0047566597385968286,0.0,0.0,0.0,0.0,0.0,0.0,-0.00127672780870834,0.0,0.06878741521542214,0.0,0.0,0.0,0.0,0.0,-0.10958550962346156,0.005106972518503582,0.04682112128698662
0.0,0.0,0.0,0.0,0.0,0.0,0.0,0.0,0.0,0.0,0.0,0.0,0.0,0.0,0.2631313339773245,0.0,0.0,0.0,0.0,0.0,-0.004778857407120863,0.0,0.0,0.0,0.0,0.0,0.0,0.0,0.0,0.0,0.0,-0.3115301309280528,0.0,0.03218396491540548,0.0,0.0,0.0,0.0,0.0,0.12826831549577505,0.0,0.0,0.0,0.0,0.0,0.0,0.0,-0.10344451361429376,0.0,0.0,0.0,0.0,0.0,-0.004451051683279408,0.0,0.0,0.0,0.0,0.0,0.0,-0.0011947000152079945,0.0,0.0,0.0,0.0,0.0,0.0,0.0,-0.10242533813247633,0.004778857407120863,0.04381293642394278
0.0,0.0,0.0,0.0,0.0,0.0,0.0,0.0,0.0,0.0,0.0,0.0,0.0,0.0,0.26309990105455033,0.0,0.0,0.0,0.0,0.0,-0.004778286538370432,0.0,0.0,0.0,0.0,0.0,0.0,0.00023891432691852164,0.0,0.0,0.0,-0.31149291642228005,0.0,0.03218012031024782,0.0,0.0,0.0,0.0,0.0,0.12801407859972572,0.0,0.0,0.0,0.0,0.0,0.0,0.0,-0.10343215642612197,0.0,0.0,0.0,0.0,0.0,-0.004450519973270913,0.0,0.0,0.0,0.0,0.0,0.0,-0.001194557299732993,0.0,0.0,0.0,0.0,0.0,0.0,0.0,-0.10253255985557592,0.004778286538370432,0.04380770265483475
0.0,0.0,0.0,0.0,0.0,0.0,0.0,0.0,0.0,0.0,0.0,0.0,0.0,0.0,0.24006485799929378,0.0,0.0,0.0,0.0,0.0,-0.004359935806574092,0.0,0.0,0.0,0.0,0.0,0.0,0.0,0.0,0.0,0.14638679981720576,-0.22549560256596227,0.0,0.0,0.0,0.0,0.0,0.0,0.0,0.0,0.0,0.0,0.0,0.0,0.0,0.0,0.0,-0.06501374521144862,0.0,0.0,0.0,-0.02936267167610256,0.0,-0.004060866009922142,0.0,0.0,0.0,0.0,0.0,0.0,-0.0010899708718361033,0.0,0.0,0.0,0.0,0.0,0.0,0.0,-0.23983338363006906,0.004359935806574092,0.039972230605011476
0.0,0.0,0.0,0.0,0.0,0.0,0.0,0.0,0.0,0.0,0.0,0.0,0.0,0.0,0.24009102753598854,0.0,0.0,0.0,0.0,0.0,-0.004360411084384547,0.0,0.0,0.0,0.0,0.0,0.0,0.00021802055421922734,0.0,0.0,0.1461847369285998,-0.225520183904085,0.0,0.0,0.0,0.0,0.0,0.0,0.0,0.0,0.0,0.0,0.0,0.0,0.0,0.0,0.0,-0.06502083237783006,0.0,0.0,0.0,-0.02936587250907865,0.0,-0.0040613086860511885,0.0,0.0,0.0,0.0,0.0,0.0,-0.0010900896898628834,0.0,0.0,0.0,0.0,0.0,0.0,0.0,-0.2397505176565691,0.004360411084384547,0.03997658798894642
0.0,0.0,0.0,0.0,0.0,0.0,0.0,0.0,0.0,0.0,0.0,0.0,0.0,0.0,0.25504230492537416,0.0,0.0,0.0,0.0,0.0,-0.004631948577157419,0.0,0.0,0.0,0.0,0.0,0.0,0.0,0.0,0.0,0.09313058186140213,-0.27075867010985233,0.0,0.0,0.0,0.0,0.0,0.0,0.0,0.0,0.0,0.0,0.0,0.0,0.0,0.0,0.0,-0.06906989872964932,0.0,0.0,0.0,0.0,0.0,-0.004314220064507306,0.0,0.0,0.0,0.0,0.0,0.0,-0.0011579732484436234,0.0,0.06238916870591885,0.0,0.0,0.0,0.0,0.0,-0.19240722035675795,0.004631948577157419,0.04246606484377943
0.0,0.0,0.0,0.0,0.0,0.0,0.0,0.0,0.0,0.0,0.0,0.0,0.0,0.0,0.25507184191675514,0.0,0.0,0.0,0.0,0.0,-0.004632485012966532,0.0,0.0,0.0,0.0,0.0,0.0,0.00023162425064832663,0.0,0.0,0.09290974326137186,-0.2707900272468877,0.0,0.0,0.0,0.0,0.0,0.0,0.0,0.0,0.0,0.0,0.0,0.0,0.0,0.0,0.0,-0.06907789786141712,0.0,0.0,0.0,0.0,0.0,-0.004314719703502093,0.0,0.0,0.0,0.0,0.0,0.0,-0.0011581073557865942,0.0,0.06239639412814389,0.0,0.0,0.0,0.0,0.0,-0.192313691320551,0.004632485012966532,0.04247098292900314
0.0,0.0,0.0,0.0,0.0,0.0,0.0,0.0,0.0,0.0,0.0,0.0,0.0,0.0,0.23321698426114304,0.0,0.0,0.0,0.0,0.0,-0.004235568207923108,0.0,0.0,0.0,0.0,0.0,0.0,0.0,0.0,0.0,0.11368600335055264,-0.27611351541956813,0.0,0.028525098572198627,0.0,0.0,0.0,0.0,0.0,0.0,0.0,0.0,0.0,0.0,0.0,0.0,0.0,-0.09168432029294286,0.0,0.0,0.0,0.0,0.0,-0.003945029406700622,0.0,0.0,0.0,0.0,0.0,0.0,-0.0010588793452761531,0.0,0.0,0.0,0.0,0.0,0.0,0.0,-0.20446701414891877,0.004235568207923108,0.03883201878685287
0.0,0.0,0.0,0.0,0.0,0.0,0.0,0.0,0.0,0.0,0.0,0.0,0.0,0.0,0.23324168203747306,0.0,0.0,0.0,0.0,0.0,-0.004236016756370645,0.0,0.0,0.0,0.0,0.0,0.0,0.00021180083781853227,0.0,0.0,0.11348624190811304,-0.27614275595651755,0.0,0.028528119392086854,0.0,0.0,0.0,0.0,0.0,0.0,0.0,0.0,0.0,0.0,0.0,0.0,0.0,-0.0916940297008693,0.0,0.0,0.0,0.0,0.0,-0.003945447186967401,0.0,0.0,0.0,0.0,0.0,0.0,-0.0010589914810423923,0.0,0.0,0.0,0.0,0.0,0.0,0.0,-0.204382766872461,0.004236016756370645,0.03883613111390949
0.0,0.0,0.0,0.0,0.0,0.0,0.0,0.0,0.0,0.0,0.0,0.0,0.0,0.0,0.37024257882355566,0.0,0.0,0.0,0.0,0.10171680646089588,-0.0030294995667164114,0.0,0.0,0.0,0.0,0.0,0.0,0.0,0.0,0.0,0.0,-0.3601191377957988,0.0,0.0,0.0,0.0,0.0,0.0,0.0,0.0,0.0,0.0,0.0,0.0,0.0,0.0,0.0,-0.04517477359453587,0.0,0.0,0.0,-0.0204026400999437,0.0,-0.002821691043937499,0.0,0.0,0.0,0.0,0.0,0.0,-0.0007573658031804027,0.0,0.0,0.0,0.0,0.0,0.0,0.0,-0.06493131957248859,0.0030294995667164114,0.027774687672230722
0.0,0.0,0.0,0.0,0.0,0.0,0.0,0.0,0.0,0.0,0.0,0.0,0.0,0.0,0.3701358609922219,0.0,0.0,0.0,0.0,0.10161920616724446,-0.003031106545510513,0.0,0.0,0.0,0.0,0.0,0.0,0.00015155532727552566,0.0,0.0,0.0,-0.3600070500495016,0.0,0.0,0.0,0.0,0.0,0.0,0.0,0.0,0.0,0.0,0.0,0.0,0.0,0.0,0.0,-0.04519873626612438,0.0,0.0,0.0,-0.02041346255073541,0.0,-0.0028231877920212194,0.0,0.0,0.0,0.0,0.0,0.0,-0.0007577675430579917,0.0,0.0,0.0,0.0,0.0,0.0,0.0,-0.06504153964198518,0.003031106545510513,0.027789420578811213
0.0,0.0,0.0,0.0,0.0,0.0,0.0,0.0,0.0,0.0,0.0,0.0,0.0,0.0,0.34493224625790186,0.0,0.0,0.0,0.0,0.07279285815532292,-0.00362043024987811,0.0,0.0,0.0,0.0,0.0,0.0,0.0,0.0,0.0,0.0,-0.35721649401760713,0.0,0.0,0.0,0.0,0.0,0.0,0.0,0.0,0.0,0.0,0.0,0.0,0.0,0.0,0.0,-0.053986512706559665,0.0,0.0,0.0,0.0,0.0,-0.003372086836887721,0.0,0.0,0.0,0.0,0.0,0.0,-0.0009050967011787778,0.0,0.04876471098180346,0.0,0.0,0.0,0.0,0.0,-0.07759674770296668,0.00362043024987811,0.03319238614001548
0.0,0.0,0.0,0.0,0.0,0.0,0.0,0.0,0.0,0.0,0.0,0.0,0.0,0.0,0.34478865280488924,0.0,0.0,0.0,0.0,0.07265787087471016,-0.003622725519263075,0.0,0.0,0.0,0.0,0.0,0.0,0.00018113627596315376,0.0,0.0,0.0,-0.3570806884947172,0.0,0.0,0.0,0.0,0.0,0.0,0.0,0.0,0.0,0.0,0.0,0.0,0.0,0.0,0.0,-0.05402073891208333,0.0,0.0,0.0,0.0,0.0,-0.0033742246622692246,0.0,0.0,0.0,0.0,0.0,0.0,-0.000905670511639211,0.0,0.04879562668531329,0.0,0.0,0.0,0.0,0.0,-0.07773651039161844,0.003622725519263075,0.033213429348270554
0.0,0.0,0.0,0.0,0.0,0.0,0.0,0.0,0.0,0.0,0.0,0.0,0.0,0.0,0.3434519517500263,0.0,0.0,0.0,0.0,0.08477336736997187,-0.0031583780687905907,0.0,0.0,0.0,0.0,0.0,0.0,0.0,0.0,0.0,0.0,-0.3754390327240795,0.0,0.021270592590621664,0.0,0.0,0.0,0.0,0.0,0.0,0.0,0.0,0.0,0.0,0.0,0.0,0.0,-0.06836715459416343,0.0,0.0,0.0,0.0,0.0,-0.0029417291251619,0.0,0.0,0.0,0.0,0.0,0.0,-0.0007895850420634413,0.0,0.0,0.0,0.0,0.0,0.0,0.0,-0.06769357486248431,0.0031583780687905907,0.028956255803846285
0.0,0.0,0.0,0.0,0.0,0.0,0.0,0.0,0.0,0.0,0.0,0.0,0.0,0.0,0.34332587570349454,0.0,0.0,0.0,0.0,0.08466224265636293,-0.0031601247207978323,0.0,0.0,0.0,0.0,0.0,0.0,0.00015800623603989163,0.0,0.0,0.0,-0.37533064623148094,0.0,0.0212823556925792,0.0,0.0,0.0,0.0,0.0,0.0,0.0,0.0,0.0,0.0,0.0,0.0,0.0,-0.06840496312284507,0.0,0.0,0.0,0.0,0.0,-0.002943355965574705,0.0,0.0,0.0,0.0,0.0,0.0,-0.0007900216998252957,0.0,0.0,0.0,0.0,0.0,0.0,0.0,-0.06781001400489262,0.0031601247207978323,0.028972269245309094
0.0,0.044493440910209216,0.0,0.0,0.0,0.0,0.0,0.0,0.0,0.0,0.0,0.0,0.0,0.0,0.3326814770219919,0.0,0.0,0.0,0.0,0.0,-0.004425857246840538,0.0,0.0,0.0,0.0,0.0,0.0,0.0,0.0,0.0,0.0,-0.303205126130602,0.0,0.0,0.0,0.0,0.0,0.0,0.0,0.0,0.0,0.0,0.0,0.0,0.0,0.0,0.0,-0.06599674127184753,0.0,0.0,0.0,0.0,0.0,-0.004122265568993511,0.0,0.0,0.0,0.0,0.0,0.0,-0.001106451034138394,0.0,0.1486001417350834,0.0,0.0,0.0,0.0,0.0,-0.05036603833648927,0.004425857246840538,0.04057660349696362
0.0,0.04439261824859729,0.0,0.0,0.0,0.0,0.0,0.0,0.0,0.0,0.0,0.0,0.0,0.0,0.33253377150977265,0.0,0.0,0.0,0.0,0.0,-0.00442683687424356,0.0,0.0,0.0,0.0,0.0,0.0,0.00022134184371217804,0.0,0.0,0.0,-0.30316156719038667,0.0,0.0,0.0,0.0,0.0,0.0,0.0,0.0,0.0,0.0,0.0,0.0,0.0,0.0,0.0,-0.06601134911223963,0.0,0.0,0.0,0.0,0.0,-0.004123177998854824,0.0,0.0,0.0,0.0,0.0,0.0,-0.0011066959380502674,0.0,0.14841169132071877,0.0,0.0,0.0,0.0,0.0,-0.05059852829198732,0.00442683687424356,0.040585584797193215
0.0,0.0,0.0,0.0,0.0,0.0,0.0,0.0,0.0,0.0,0.0,0.0,0.0,0.0,0.32052801609911097,0.0,0.0,0.0,0.0,0.0,-0.004190205789664546,0.0,0.0,0.0,0.0,0.0,0.0,0.0,0.0,0.0,0.0,-0.33196557471194765,0.0,0.0,0.0,0.0,0.0,0.0,0.0,0.0,0.0,0.0,0.0,0.0,0.0,0.0,0.0,-0.06248279416912975,0.0,0.0,0.0,-0.0027799576854330445,0.0,-0.003902778623522507,0.0,0.0,0.0,0.0,0.0898087572589078,0.0,-0.0010475388767987677,0.0,0.14068803838800206,0.0,0.0,0.0,0.0,0.0,0.0,0.004190205789664546,0.03841613260781828
0.0,0.0,0.0,0.0,0.0,0.0,0.0,0.0,0.0,0.0,0.0,0.0,0.0,0.0,0.3205320391034008,0.0,0.0,0.0,0.0,0.0,-0.0041888893665288545,0.0,0.0,0.0,0.0,0.0,0.0,0.00020944446832644274,0.0,0.0,0.0,-0.3318089210649187,0.0,0.0,0.0,0.0,0.0,0.0,0.0,0.0,0.0,0.0,0.0,0.0,0.0,0.0,0.0,-0.0624631641557233,0.0,0.0,0.0,-0.0029361676665387833,0.0,-0.003901552500431808,0.0,0.0,0.0,0.0,0.0898852645719483,0.0,-0.001047209774964114,0.0,0.14043439442257552,0.0,0.0,0.0,0.0,0.0,0.0,0.0041888893665288545,0.03840406353811448
0.0,0.0,0.0,0.0,0.0,0.0,0.0,0.0,0.0,0.0,0.0,0.0,0.0,0.0,0.31850987664611974,0.0,0.0,0.0,0.0,0.0,-0.004237324116639437,0.0,0.0,0.0,0.0,0.0,0.0,0.0,0.0,0.0,0.0,-0.3328872670926628,0.0,0.0,0.0,0.0,0.0,0.0,0.0,0.0,0.0,0.0,0.0,0.0,0.0,0.0,0.0,-0.06318540518008,0.0,0.0,0.0,0.0,0.0,-0.0039466648688585544,0.0,0.0,0.0,0.0,0.0851962093154669,0.0,-0.0010593183171875092,0.0,0.1422700573452983,0.0,0.0,0.0,0.0,0.0,-0.005622435906502636,0.004237324116639437,0.03884811709454461
0.0,0.0,0.0,0.0,0.0,0.0,0.0,0.0,0.0,0.0,0.0,0.0,0.0,0.0,0.31839919748515444,0.0,0.0,0.0,0.0,0.0,-0.004238671163405177,0.0,0.0,0.0,0.0,0.0,0.0,0.00021193355817025885,0.0,0.0,0.0,-0.33278115850896933,0.0,0.0,0.0,0.0,0.0,0.0,0.0,0.0,0.0,0.0,0.0,0.0,0.0,0.0,0.0,-0.06320549184169637,0.0,0.0,0.0,0.0,0.0,-0.003947919514951399,0.0,0.0,0.0,0.0,0.0850113596609709,0.0,-0.001059655074837804,0.0,0.14210335148633946,0.0,0.0,0.0,0.0,0.0,-0.005942123618028899,0.004238671163405177,0.0388604669240707
0.0,0.0,0.0,0.0,0.0,0.0,0.0,0.0,0.0,0.0,0.0,0.0,0.0,0.0,0.32052801609911097,0.0,0.0,0.0,0.0,0.0,-0.004190205789664546,0.0,0.0,0.0,0.0,0.0,0.0,0.0,0.0,0.0,0.0,-0.3347455323973807,0.0,0.0,0.0,0.0,0.0,0.0,0.0,0.0,0.0,0.0,0.0,0.0,0.0,0.0,0.0,-0.06433609929275177,0.0,0.0,0.0,0.0,0.0,-0.003902778623522507,0.0,0.0,0.0018533051236220297,0.0,0.08424884188804171,0.0,-0.0010475388767987677,0.0,0.1425413435116241,0.0,0.0,0.0,0.0,0.0,0.0,0.004190205789664546,0.03841613260781828
0.0,0.0,0.0,0.0,0.0,0.0,0.0,0.0,0.0,0.0,0.0,0.0,0.0,0.0,0.3205320391034008,0.0,0.0,0.0,0.0,0.0,-0.0041888893665288545,0.0,0.0,0.0,0.0,0.0,0.0,0.00020944446832644274,0.0,0.0,0.0,-0.3347450887314575,0.0,0.0,0.0,0.0,0.0,0.0,0.0,0.0,0.0,0.0,0.0,0.0,0.0,0.0,0.0,-0.06442060926674915,0.0,0.0,0.0,0.0,0.0,-0.003901552500431808,0.0,0.0,0.0019574451110258555,0.0,0.08401292923887073,0.0,-0.001047209774964114,0.0,0.14239183953360138,0.0,0.0,0.0,0.0,0.0,0.0,0.0041888893665288545,0.03840406353811448
0.0,0.0,0.0,0.0,0.0,0.0,0.0,0.0,0.0,0.0,0.0,0.0,0.0,0.0,0.31700299643414137,0.0,0.0,0.0,0.0,0.0,-0.004144123834057054,0.0,0.0,0.0,0.0,0.0,0.0,0.0,0.0,0.0,0.0,-0.33656292500821317,0.0,0.005498769979407361,0.0,0.0,0.0,0.0,0.0,0.0,0.0,0.0,0.0,0.0,0.0,0.0,0.0,-0.06729440712292371,0.0,0.0,0.0,0.0,0.0,-0.0038598576596599104,0.0,0.0,0.0,0.0,0.08882108186230148,0.0,-0.0010360185261427612,0.0,0.13364204608469538,0.0,0.0,0.0,0.0,0.0,0.0,0.004144123834057054,0.03799364965440067
0.0,0.0,0.0,0.0,0.0,0.0,0.0,0.0,0.0,0.0,0.0,0.0,0.0,0.0,0.3168111959436914,0.0,0.0,0.0,0.0,0.0,-0.004140263337162722,0.0,0.0,0.0,0.0,0.0,0.0,0.0002070131668581361,0.0,0.0,0.0,-0.33666342303564095,0.0,0.005804167299651888,0.0,0.0,0.0,0.0,0.0,0.0,0.0,0.0,0.0,0.0,0.0,0.0,0.0,-0.06754223814572431,0.0,0.0,0.0,0.0,0.0,-0.003856261973550045,0.0,0.0,0.0,0.0,0.08884184634525018,0.0,-0.001035053413500669,0.0,0.13300001768321576,0.0,0.0,0.0,0.0,0.0,0.0,0.004140263337162722,0.03795825631859112
0.0,0.0,0.0,0.0,0.0,0.0,0.0,0.0,0.0,0.0,0.0,0.0,0.0,0.0,0.3223200885135765,0.0,0.0,0.0,0.0,0.0,-0.004213633233848614,0.0,0.0,0.0,0.0,0.0055910008625000285,0.0,0.0,0.0,0.0,0.0,-0.3310260940952324,0.0,0.0,0.0,0.0,0.0,0.0,0.0,0.0,0.0,0.0,0.0,0.0,0.0,0.0,0.0,-0.0684231363877208,0.0,0.0,0.0,0.0,0.0,-0.003924599062172768,0.0,0.0,0.0,0.0,0.07353787551070233,0.0,-0.0010533956675624519,0.0,0.14706562619447283,0.0,0.0,0.0,0.0,0.0,0.0,0.004213633233848614,0.038630917238362504
0.0,0.0,0.0,0.0,0.0,0.0,0.0,0.0,0.0,0.0,0.0,0.0,0.0,0.0,0.32242542934442275,0.0,0.0,0.0,0.0,0.0,-0.004213633233848614,0.0,0.0,0.0,0.0,0.005907023355038675,0.0,0.0002106816616924307,0.0,0.0,0.0,-0.33081541243354,0.0,0.0,0.0,0.0,0.0,0.0,0.0,0.0,0.0,0.0,0.0,0.0,0.0,0.0,0.0,-0.06873915888025944,0.0,0.0,0.0,0.0,0.0,-0.003924599062172768,0.0,0.0,0.0,0.0,0.07269514886393261,0.0,-0.0010533956675624519,0.0,0.14717096702531907,0.0,0.0,0.0,0.0,0.0,0.0,0.004213633233848614,0.038630917238362504
0.0,0.0,0.0,0.0,0.0,0.0,0.0,0.0,0.0,0.0,0.0,0.0,0.0,0.0,0.3186338470255557,0.0,0.0,0.0,0.0,0.0,-0.004201886857326893,0.0,0.0,0.0,0.0,0.0,0.0,0.0,0.0,0.0,-0.0027877073940278108,-0.3328909975991348,0.0,0.0,0.0,0.0,0.0,0.0,0.0,0.0,0.0,0.0,0.0,0.0,0.0,0.0,0.0,-0.06265697791643456,0.0,0.0,0.0,0.0,0.0,-0.003913658428348554,0.0,0.0,0.0,0.0,0.0872714104015391,0.0,-0.0010504591086711512,0.0,0.14386794286689536,0.0,0.0,0.0,0.0,0.0,0.0,0.004201886857326893,0.03852322554473905
0.0,0.0,0.0,0.0,0.0,0.0,0.0,0.0,0.0,0.0,0.0,0.0,0.0,0.0,0.31853113224815505,0.0,0.0,0.0,0.0,0.0,-0.00420122486714362,0.0,0.0,0.0,0.0,0.0,0.0,0.00021006124335718103,0.0,0.0,-0.002944814134584717,-0.332786036665652,0.0,0.0,0.0,0.0,0.0,0.0,0.0,0.0,0.0,0.0,0.0,0.0,0.0,0.0,0.0,-0.06264710656441995,0.0,0.0,0.0,0.0,0.0,-0.003913041847381903,0.0,0.0,0.0,0.0,0.08720514583496594,0.0,-0.0010502936131113036,0.0,0.14379276174683767,0.0,0.0,0.0,0.0,0.0,0.0,0.00420122486714362,0.03851715636724701
0.0,0.0,0.0,0.0,0.0,0.0,0.0,0.0,0.0,0.0,0.0,0.0,0.0,0.0,0.31825404066678054,0.0,0.0,0.0,0.0,0.0,-0.004221500705209905,0.0,0.0,0.0,0.0,0.0,0.0,0.0,0.0,0.0,0.0,-0.3325777417192493,0.0,0.0,0.0,0.0,0.0,0.0,0.0,0.0,0.0,0.0,0.0,0.0,0.0,0.0,0.0,-0.06481659903308688,0.0,0.0,0.0,0.0,0.0009335733468792077,-0.003931926864336031,0.0,0.0,0.0,0.0,0.08674520836813705,0.0,-0.0010553625118003606,0.0,0.14453949925154974,0.0,0.0,0.0,0.0,0.0,0.0,0.004221500705209905,0.03870304682776097
0.0,0.0,0.0,0.0,0.0,0.0,0.0,0.0,0.0,0.0,0.0,0.0,0.0,0.0,0.31812930896788905,0.0,0.0,0.0,0.0,0.0,-0.004221946278939752,0.0,0.0,0.0,0.0,0.0,0.0,0.00021109731394698762,0.0,0.0,0.0,-0.3324545218677668,0.0,0.0,0.0,0.0,0.0,0.0,0.0,0.0,0.0,0.0,0.0,0.0,0.0,0.0,0.0,-0.0649289889950379,0.0,0.0,0.0,0.0,0.0009864462127789039,-0.00393234187393588,0.0,0.0,0.0,0.0,0.0866488155514057,0.0,-0.0010554739038961011,0.0,0.1445019808730886,0.0,0.0,0.0,0.0,0.0,0.0,0.004221946278939752,0.03870713188237442
0.0,0.0,0.0,0.0,0.0,0.0,0.0,0.0,0.0,0.0,0.0,0.0,0.0,0.0,0.32052801609911097,0.0,0.0,0.0,0.0,0.0,-0.004190205789664546,0.0,0.0,0.0,0.0,0.0,0.0,0.0,0.0,0.0,0.0,-0.2616215555179466,0.0,0.0,0.0,0.0,0.0,0.0,0.0,0.14068803838800206,0.0,0.0,0.0,0.0,0.0,0.0,0.0,-0.06248279416912975,0.0,0.0,0.0,-0.07312397687943407,0.0,-0.003902778623522507,0.0,0.0,0.0,0.0,0.0898087572589078,0.0,-0.0010475388767987677,0.0,0.0,0.0,0.0,0.0,0.0,0.0,0.0,0.004190205789664546,0.03841613260781828
0.0,0.0,0.0,0.0,0.0,0.0,0.0,0.0,0.0,0.0,0.0,0.0,0.0,0.0,0.3205320391034008,0.0,0.0,0.0,0.0,0.0,-0.0041888893665288545,0.0,0.0,0.0,0.0,0.0,0.0,0.00020944446832644274,0.0,0.0,0.0,-0.26159172385363094,0.0,0.0,0.0,0.0,0.0,0.0,0.0,0.14043439442257552,0.0,0.0,0.0,0.0,0.0,0.0,0.0,-0.0624631641557233,0.0,0.0,0.0,-0.07315336487782655,0.0,-0.003901552500431808,0.0,0.0,0.0,0.0,0.0898852645719483,0.0,-0.001047209774964114,0.0,0.0,0.0,0.0,0.0,0.0,0.0,0.0,0.0041888893665288545,0.03840406353811448
0.0,0.0,0.0,0.0,0.0,0.0,0.0,0.0,0.0,0.0,0.0,0.0,0.0,0.0,0.27963235620007854,0.0,0.0,0.0,0.0,0.0,-0.0036555840958526365,0.0,0.0,0.0,0.0,0.0,0.0,0.0,0.0,0.0,0.0,-0.35583008714588876,0.0,0.06379420494461087,0.0,0.0,0.0,0.0,0.0,0.05894367033503222,0.0,0.0,0.0,0.0,0.0,0.0,0.0,-0.11830491876026582,0.0,0.0,0.0,0.0,0.0,-0.003404829304797625,0.0,0.0,0.0,0.0,0.07835020072611666,0.0,-0.0009138850572108715,0.0,0.0,0.0,0.0,0.0,0.0,0.0,0.0,0.0036555840958526365,0.033514679334293265
0.0,0.0,0.0,0.0,0.0,0.0,0.0,0.0,0.0,0.0,0.0,0.0,0.0,0.0,0.2796215278014859,0.0,0.0,0.0,0.0,0.0,-0.0036542482546724287,0.0,0.0,0.0,0.0,0.0,0.0,0.00018271241273362142,0.0,0.0,0.0,-0.35583709230794774,0.0,0.06381657106158656,0.0,0.0,0.0,0.0,0.0,0.05869374033867062,0.0,0.0,0.0,0.0,0.0,0.0,0.0,-0.11830736530915933,0.0,0.0,0.0,0.0,0.0,-0.0034035850956431733,0.0,0.0,0.0,0.0,0.0784129258240578,0.0,-0.0009135511009233431,0.0,0.0,0.0,0.0,0.0,0.0,0.0,0.0,0.0036542482546724287,0.03350243223844694
0.0,0.0,0.0,0.0,0.0,0.0,0.0,0.0,0.0,0.0,0.0,0.0,0.0,0.0,0.324328593604882,0.0,0.0,0.0,0.0,0.0,-0.0029465660127295256,0.0,0.0,0.0,0.0,0.0,0.0,0.0,0.0,0.0,0.09893227519616903,-0.2334392459327772,0.0,0.0,0.0,0.0,0.0,0.0,0.0,0.0,0.0,0.0,0.0,0.0,0.0,0.0,0.0,-0.043938099205831964,0.0,0.0,0.0,-0.10088715026529517,0.0,-0.0027444463170863435,0.0,0.0,0.0,0.0,0.1620860783905842,0.0,-0.0007366326634843432,0.0,0.0,0.0,0.0,0.0,0.0,0.0,0.0,0.0029465660127295256,0.02701434639843068
0.0,0.0,0.0,0.0,0.0,0.0,0.0,0.0,0.0,0.0,0.0,0.0,0.0,0.0,0.3243266031855115,0.0,0.0,0.0,0.0,0.0,-0.002947217325509786,0.0,0.0,0.0,0.0,0.0,0.0,0.0001473608662754893,0.0,0.0,0.0988067824485568,-0.23345400543046335,0.0,0.0,0.0,0.0,0.0,0.0,0.0,0.0,0.0,0.0,0.0,0.0,0.0,0.0,0.0,-0.04394781134037417,0.0,0.0,0.0,-0.10087261027551503,0.0,-0.002745052953066442,0.0,0.0,0.0,0.0,0.1620482256748307,0.0,-0.00073679548972547,0.0,0.0,0.0,0.0,0.0,0.0,0.0,0.0,0.002947217325509786,0.027020317684661385
0.0,0.0,0.0,0.0,0.0,0.0,0.0,0.0,0.0,0.0,0.0,0.0,0.0,0.0,0.2756073180338134,0.0,0.0,0.0,0.0,0.0,-0.0031590368281817762,0.0,0.0,0.0,0.0,0.0,0.0,0.0,0.0,0.0,0.033958134640795626,-0.3584339850728977,0.0,0.07210794346176225,0.0,0.0,0.0,0.0,0.0,0.0,0.0,0.0,0.0,0.0,0.0,0.0,0.0,-0.11921432864094565,0.0,0.0,0.0,0.0,0.0,-0.0029423426969526476,0.0,0.0,0.0,0.0,0.10166582870534895,0.0,-0.0007897497299349596,0.0,0.0,0.0,0.0,0.0,0.0,0.0,0.0,0.0031590368281817762,0.028962295361185178
0.0,0.0,0.0,0.0,0.0,0.0,0.0,0.0,0.0,0.0,0.0,0.0,0.0,0.0,0.27561271213387345,0.0,0.0,0.0,0.0,0.0,-0.003159702269237417,0.0,0.0,0.0,0.0,0.0,0.0,0.00015798511346187087,0.0,0.0,0.033833633552582974,-0.3584304954945672,0.0,0.07209680191835768,0.0,0.0,0.0,0.0,0.0,0.0,0.0,0.0,0.0,0.0,0.0,0.0,0.0,-0.11921310990768416,0.0,0.0,0.0,0.0,0.0,-0.0029429624920790766,0.0,0.0,0.0,0.0,0.10163458258417261,0.0,-0.0007899160882025466,0.0,0.0,0.0,0.0,0.0,0.0,0.0,0.0,0.003159702269237417,0.028968396176543516
0.0,0.0,0.0,0.0,0.0,0.0,0.0,0.0,0.0,0.0,0.0,0.0,0.0,0.0,0.38515646355504046,0.0,0.0,0.0,0.0,0.09002581635752643,-0.0026812990019822085,0.0,0.0,0.0,0.0,0.0,0.0,0.0,0.0,0.0,0.0,-0.3474624117840832,0.0,0.0,0.0,0.0,0.0,0.0,0.0,0.0,0.0,0.0,0.0,0.0,0.0,0.0,0.0,-0.03998253595562896,0.0,0.0,0.0,-0.046791794023914306,0.0,-0.0024973752969412386,0.0,0.0,0.0,0.0,0.05746833050575539,0.0,-0.0006703167065985462,0.0,0.0,0.0,0.0,0.0,0.0,0.0,0.0,0.0026812990019822085,0.02458235781054695
0.0,0.0,0.0,0.0,0.0,0.0,0.0,0.0,0.0,0.0,0.0,0.0,0.0,0.0,0.3850844319427727,0.0,0.0,0.0,0.0,0.08992188984161341,-0.0026821979738260006,0.0,0.0,0.0,0.0,0.0,0.0,0.00013410989869130002,0.0,0.0,0.0,-0.34734421483348193,0.0,0.0,0.0,0.0,0.0,0.0,0.0,0.0,0.0,0.0,0.0,0.0,0.0,0.0,0.0,-0.039995941090245034,0.0,0.0,0.0,-0.04684100960547746,0.0,-0.002498212603811406,0.0,0.0,0.0,0.0,0.05755465313505625,0.0,-0.0006705414468625787,0.0,0.0,0.0,0.0,0.0,0.0,0.0,0.0,0.0026821979738260006,0.024590599654335868
0.0,0.0,0.0,0.0,0.0,0.0,0.0,0.0,0.0,0.0,0.0,0.0,0.0,0.0,0.32167651827844135,0.0,0.0,0.0,0.0,0.047697748808958516,-0.0029581315680366252,0.0,0.0,0.0,0.0,0.0,0.0,0.0,0.0,0.0,0.0,-0.38333640830238813,0.0,0.051622845092949794,0.0,0.0,0.0,0.0,0.0,0.0,0.0,0.0,0.0,0.0,0.0,0.0,0.0,-0.0957334055687002,0.0,0.0,0.0,0.0,0.0,-0.002755218533127153,0.0,0.0,0.0,0.0,0.06340168795265348,0.0,-0.0007395240176144522,0.0,0.0,0.0,0.0,0.0,0.0,0.0,0.0,0.0029581315680366252,0.02712038030909361
0.0,0.0,0.0,0.0,0.0,0.0,0.0,0.0,0.0,0.0,0.0,0.0,0.0,0.0,0.32152337138685183,0.0,0.0,0.0,0.0,0.04753395734092081,-0.0029594447320694943,0.0,0.0,0.0,0.0,0.0,0.0,0.00014797223660347473,0.0,0.0,0.0,-0.38324762632545617,0.0,0.051682754395645375,0.0,0.0,0.0,0.0,0.0,0.0,0.0,0.0,0.0,0.0,0.0,0.0,0.0,-0.09581289628627007,0.0,0.0,0.0,0.0,0.0,-0.0027564416206731874,0.0,0.0,0.0,0.0,0.0635038191396676,0.0,-0.0007398523046831774,0.0,0.0,0.0,0.0,0.0,0.0,0.0,0.0,0.0029594447320694943,0.027132419499089233
0.0,0.0,0.0,0.0,0.0,0.0,0.0,0.0,0.0,0.0,0.0,0.0,0.0,0.0,0.32052801609911097,0.0,0.0,0.0,0.0,0.0,-0.004190205789664546,0.0,0.0,0.0,0.0,0.0,0.0,0.0,0.0,0.0,0.0,-0.29155780793758257,0.0,0.0,0.0,0.0,0.0,0.0,0.0,0.170624290807638,0.0,0.0,0.0,0.0,0.0,0.0,0.0,-0.09241904658876568,0.0,0.0,0.0,-0.04318772445979814,0.0,-0.003902778623522507,0.0,0.0,0.029936252419635934,0.0,0.0,0.0,-0.0010475388767987677,0.0,0.0,0.0,0.0,0.0,0.0,0.0,0.0,0.004190205789664546,0.03841613260781828
0.0,0.0,0.0,0.0,0.0,0.0,0.0,0.0,0.0,0.0,0.0,0.0,0.0,0.0,0.3205320391034008,0.0,0.0,0.0,0.0,0.0,-0.0041888893665288545,0.0,0.0,0.0,0.0,0.0,0.0,0.00020944446832644274,0.0,0.0,0.0,-0.29155347871094706,0.0,0.0,0.0,0.0,0.0,0.0,0.0,0.1703961492798916,0.0,0.0,0.0,0.0,0.0,0.0,0.0,-0.0924249190130394,0.0,0.0,0.0,-0.04319161002051044,0.0,-0.003901552500431808,0.0,0.0,0.0299617548573161,0.0,0.0,0.0,-0.001047209774964114,0.0,0.0,0.0,0.0,0.0,0.0,0.0,0.0,0.0041888893665288545,0.03840406353811448
0.0,0.0,0.0,0.0,0.0,0.0,0.0,0.0,0.0,0.0,0.0,0.0,0.0,0.0,0.32052801609911097,0.0,0.0,0.0,0.0,0.0,-0.004190205789664546,0.0,0.0,0.0,0.0,0.0,0.0,0.0,0.0,0.0,0.0,-0.3347455323973807,0.0,0.0,0.0,0.0,0.0,0.0,0.0,0.08424884188804171,0.0,0.0,0.0,0.0,0.0,0.0,0.0,-0.09241904658876568,0.0,0.0,0.0,0.0,0.0,-0.003902778623522507,0.0,0.0,0.029936252419635934,0.0,0.0,0.0,-0.0010475388767987677,0.0,0.08637544891959628,0.0,0.0,0.0,0.0,0.0,0.0,0.004190205789664546,0.03841613260781828
0.0,0.0,0.0,0.0,0.0,0.0,0.0,0.0,0.0,0.0,0.0,0.0,0.0,0.0,0.3205320391034008,0.0,0.0,0.0,0.0,0.0,-0.0041888893665288545,0.0,0.0,0.0,0.0,0.0,0.0,0.00020944446832644274,0.0,0.0,0.0,-0.3347450887314575,0.0,0.0,0.0,0.0,0.0,0.0,0.0,0.08401292923887073,0.0,0.0,0.0,0.0,0.0,0.0,0.0,-0.0924249190130394,0.0,0.0,0.0,0.0,0.0,-0.003901552500431808,0.0,0.0,0.0299617548573161,0.0,0.0,0.0,-0.001047209774964114,0.0,0.08638322004102088,0.0,0.0,0.0,0.0,0.0,0.0,0.0041888893665288545,0.03840406353811448
0.0,0.0,0.0,0.0,0.0,0.0,0.0,0.0,0.0,0.0,0.0,0.0,0.0,0.0,0.2950435012295952,0.0,0.0,0.0,0.0,0.0,-0.003857051255927883,0.0,0.0,0.0,0.0,0.0,0.0,0.0,0.0,0.0,0.0,-0.34788457087559793,0.0,0.039753958452161696,0.0,0.0,0.0,0.0,0.0,0.11730435042008351,0.0,0.0,0.0,0.0,0.0,0.0,0.0,-0.124824959164371,0.0,0.0,0.0,0.0,0.0,-0.0035924768250275097,0.0,0.0,0.02755608334982867,0.0,0.0,0.0,-0.000964251242828203,0.0,0.0,0.0,0.0,0.0,0.0,0.0,0.0,0.003857051255927883,0.03536174592865039
0.0,0.0,0.0,0.0,0.0,0.0,0.0,0.0,0.0,0.0,0.0,0.0,0.0,0.0,0.2950450938401808,0.0,0.0,0.0,0.0,0.0,-0.003855811917244714,0.0,0.0,0.0,0.0,0.0,0.0,0.0001927905958622357,0.0,0.0,0.0,-0.3478852506003336,0.0,0.039757250686253756,0.0,0.0,0.0,0.0,0.0,0.11708993374785193,0.0,0.0,0.0,0.0,0.0,0.0,0.0,-0.12483304834957694,0.0,0.0,0.0,0.0,0.0,-0.003591322498781313,0.0,0.0,0.027579360859591305,0.0,0.0,0.0,-0.0009639414118754267,0.0,0.0,0.0,0.0,0.0,0.0,0.0,0.0,0.003855811917244714,0.035350383575203204
0.0,0.0,0.0,0.0,0.0,0.0,0.0,0.0,0.0,0.0,0.0,0.0,0.0,0.0,0.32608972556880894,0.0,0.0,0.0,0.0,0.0,-0.0023702815508429877,0.0,0.0,0.0,0.0,0.0,0.0,0.0,0.0,0.0,0.14477604284659376,-0.2855727532270528,0.0,0.0,0.0,0.0,0.0,0.0,0.0,0.0,0.0,0.0,0.0,0.0,0.0,0.0,0.0,-0.10053753599130082,0.0,0.0,0.0,-0.048559421393714566,0.0,-0.002207692087862913,0.0,0.0,0.06519277687958554,0.0,0.0,0.0,-0.0005925632768660943,0.0,0.0,0.0,0.0,0.0,0.0,0.0,0.0,0.0023702815508429877,0.021730925626528497
0.0,0.0,0.0,0.0,0.0,0.0,0.0,0.0,0.0,0.0,0.0,0.0,0.0,0.0,0.32608779349725153,0.0,0.0,0.0,0.0,0.0,-0.0023709137708245705,0.0,0.0,0.0,0.0,0.0,0.0,0.00011854568854122852,0.0,0.0,0.14466647653120515,-0.28557483236369935,0.0,0.0,0.0,0.0,0.0,0.0,0.0,0.0,0.0,0.0,0.0,0.0,0.0,0.0,0.0,-0.10053471572487924,0.0,0.0,0.0,-0.04855755533024655,0.0,-0.002208280940714859,0.0,0.0,0.06518052918335222,0.0,0.0,0.0,-0.0005927213299648301,0.0,0.0,0.0,0.0,0.0,0.0,0.0,0.0,0.0023709137708245705,0.021736721868495828
0.0,0.0,0.0,0.0,0.0,0.0,0.0,0.0,0.0,0.0,0.0,0.0,0.0,0.0,0.32311153908215084,0.0,0.0,0.0,0.0,0.0,-0.003344815334804597,0.0,0.0,0.0,0.0,0.0,0.0,0.0,0.0,0.0,0.06725130755671298,-0.334460615696618,0.0,0.0,0.0,0.0,0.0,0.0,0.0,0.0,0.0,0.0,0.0,0.0,0.0,0.0,0.0,-0.09619024392895222,0.0,0.0,0.0,0.0,0.0,-0.003115377726913676,0.0,0.0,0.04631359858283527,0.0,0.0,0.0,-0.0008361937992551449,0.0,0.09136596579657784,0.0,0.0,0.0,0.0,0.0,0.0,0.003344815334804597,0.030665527160374708
0.0,0.0,0.0,0.0,0.0,0.0,0.0,0.0,0.0,0.0,0.0,0.0,0.0,0.0,0.32310897418765644,0.0,0.0,0.0,0.0,0.0,-0.003345654629572844,0.0,0.0,0.0,0.0,0.0,0.0,0.00016728273147864219,0.0,0.0,0.06710089979886974,-0.33446089855892736,0.0,0.0,0.0,0.0,0.0,0.0,0.0,0.0,0.0,0.0,0.0,0.0,0.0,0.0,0.0,-0.09618649992382482,0.0,0.0,0.0,0.0,0.0,-0.0031161594502572944,0.0,0.0,0.046297339325502146,0.0,0.0,0.0,-0.0008364036204293222,0.0,0.09136101126381535,0.0,0.0,0.0,0.0,0.0,0.0,0.003345654629572844,0.030673221880093138
0.0,0.0,0.0,0.0,0.0,0.0,0.0,0.0,0.0,0.0,0.0,0.0,0.0,0.0,0.29662643611167683,0.0,0.0,0.0,0.0,0.0,-0.00262524201763238,0.0,0.0,0.0,0.0,0.0,0.0,0.0,0.0,0.0,0.0958096605329531,-0.34856016602989953,0.0,0.04302619099384476,0.0,0.0,0.0,0.0,0.0,0.0,0.0,0.0,0.0,0.0,0.0,0.0,0.0,-0.1328649995522538,0.0,0.0,0.0,0.0,0.0,-0.002445163541432887,0.0,0.0,0.05069217355626355,0.0,0.0,0.0,-0.0006563026286820421,0.0,0.0,0.0,0.0,0.0,0.0,0.0,0.0,0.00262524201763238,0.024068423017728626
0.0,0.0,0.0,0.0,0.0,0.0,0.0,0.0,0.0,0.0,0.0,0.0,0.0,0.0,0.29662555023694637,0.0,0.0,0.0,0.0,0.0,-0.0026259313881739454,0.0,0.0,0.0,0.0,0.0,0.0,0.00013129656940869726,0.0,0.0,0.09569039326609191,-0.348559787939378,0.0,0.043024359719448325,0.0,0.0,0.0,0.0,0.0,0.0,0.0,0.0,0.0,0.0,0.0,0.0,0.0,-0.13286050001870262,0.0,0.0,0.0,0.0,0.0,-0.0024458056246021535,0.0,0.0,0.050679225659349424,0.0,0.0,0.0,-0.0006564749692493219,0.0,0.0,0.0,0.0,0.0,0.0,0.0,0.0,0.0026259313881739454,0.024074743220475234
0.0,0.0,0.0,0.0,0.0,0.0,0.0,0.0,0.0,0.0,0.0,0.0,0.0,0.0,0.3933299931654648,0.0,0.0,0.0,0.0,0.10141133936893147,-0.002490468264219215,0.0,0.0,0.0,0.0,0.0,0.0,0.0,0.0,0.0,0.0,-0.3761114154497658,0.0,0.0,0.0,0.0,0.0,0.0,0.0,0.0,0.0,0.0,0.0,0.0,0.0,0.0,0.0,-0.054929689397700064,0.0,0.0,0.0,-0.02566882453274017,0.0,-0.002319634593635098,0.0,0.0,0.01779275060538915,0.0,0.0,0.0,-0.0006226095946500112,0.0,0.0,0.0,0.0,0.0,0.0,0.0,0.0,0.002490468264219215,0.022832806763284943
0.0,0.0,0.0,0.0,0.0,0.0,0.0,0.0,0.0,0.0,0.0,0.0,0.0,0.0,0.39327449763513833,0.0,0.0,0.0,0.0,0.10133070294040988,-0.002491036950328946,0.0,0.0,0.0,0.0,0.0,0.0,0.0001245518475164473,0.0,0.0,0.0,-0.3760416088217584,0.0,0.0,0.0,0.0,0.0,0.0,0.0,0.0,0.0,0.0,0.0,0.0,0.0,0.0,0.0,-0.05496299096183245,0.0,0.0,0.0,-0.025685065202484945,0.0,-0.002320164270721132,0.0,0.0,0.017817572133235777,0.0,0.0,0.0,-0.0006227517644713856,0.0,0.0,0.0,0.0,0.0,0.0,0.0,0.0,0.002491036950328946,0.022838020521773257
0.0,0.0,0.0,0.0,0.0,0.0,0.0,0.0,0.0,0.0,0.0,0.0,0.0,0.0,0.3657646927906155,0.0,0.0,0.0,0.0,0.06301356304793217,-0.003134046602821197,0.0,0.0,0.0,0.0,0.0,0.0,0.0,0.0,0.0,0.0,-0.37639862365030113,0.0,0.0,0.0,0.0,0.0,0.0,0.0,0.0,0.0,0.0,0.0,0.0,0.0,0.0,0.0,-0.06912443291256182,0.0,0.0,0.0,0.0,0.0,-0.0029190666761006773,0.0,0.0,0.02239069270258177,0.0,0.0,0.0,-0.0007835022485654908,0.0,0.06460414973444258,0.0,0.0,0.0,0.0,0.0,0.0,0.003134046602821197,0.028733183031256358
0.0,0.0,0.0,0.0,0.0,0.0,0.0,0.0,0.0,0.0,0.0,0.0,0.0,0.0,0.36567289378171647,0.0,0.0,0.0,0.0,0.06288149490972887,-0.003135274865013648,0.0,0.0,0.0,0.0,0.0,0.0,0.0001567637432506824,0.0,0.0,0.0,-0.3763109921784197,0.0,0.0,0.0,0.0,0.0,0.0,0.0,0.0,0.0,0.0,0.0,0.0,0.0,0.0,0.0,-0.06917765071523722,0.0,0.0,0.0,0.0,0.0,-0.002920210685648037,0.0,0.0,0.022425595115128632,0.0,0.0,0.0,-0.000783809310428817,0.0,0.0646555959958391,0.0,0.0,0.0,0.0,0.0,0.0,0.003135274865013648,0.028744443834575077
0.0,0.0,0.0,0.0,0.0,0.0,0.0,0.0,0.0,0.0,0.0,0.0,0.0,0.0,0.3604995431336456,0.0,0.0,0.0,0.0,0.07984138377746092,-0.00262524201763238,0.0,0.0,0.0,0.0,0.0,0.0,0.0,0.0,0.0,0.0,-0.3964649962963761,0.0,0.02705791423835258,0.0,0.0,0.0,0.0,0.0,0.0,0.0,0.0,0.0,0.0,0.0,0.0,0.0,-0.08496016928577727,0.0,0.0,0.0,0.0,0.0,-0.002445163541432887,0.0,0.0,0.018755620045279184,0.0,0.0,0.0,-0.0006563026286820421,0.0,0.0,0.0,0.0,0.0,0.0,0.0,0.0,0.00262524201763238,0.024068423017728626
0.0,0.0,0.0,0.0,0.0,0.0,0.0,0.0,0.0,0.0,0.0,0.0,0.0,0.0,0.3604191457476743,0.0,0.0,0.0,0.0,0.07974199438840993,-0.0026259313881739454,0.0,0.0,0.0,0.0,0.0,0.0,0.00013129656940869726,0.0,0.0,0.0,-0.3964049845724239,0.0,0.02707596084176634,0.0,0.0,0.0,0.0,0.0,0.0,0.0,0.0,0.0,0.0,0.0,0.0,0.0,-0.08501530338565666,0.0,0.0,0.0,0.0,0.0,-0.0024458056246021535,0.0,0.0,0.018782427903985453,0.0,0.0,0.0,-0.0006564749692493219,0.0,0.0,0.0,0.0,0.0,0.0,0.0,0.0,0.0026259313881739454,0.024074743220475234
0.0,0.040421681036763295,0.0,0.0,0.0,0.0,0.0,0.0,0.0,0.0,0.0,0.0,0.0,0.0,0.3479934159057695,0.0,0.0,0.0,0.0,0.0,-0.004020830627756327,0.0,0.0,0.0,0.0,0.0,0.0,0.0,0.0,0.0,0.0,-0.32121455525833226,0.0,0.0,0.0,0.0,0.0,0.0,0.0,0.0,0.0,0.0,0.0,0.0,0.0,0.0,0.0,-0.07520941968691174,0.0,0.0,0.0,0.0,0.0,-0.0037450217508453823,0.0,0.0,0.015252285093972279,0.0,0.0,0.0,-0.0010051955944471985,0.0,0.1502534764685666,0.0,0.0,0.0,0.0,0.0,0.0,0.004020830627756327,0.036863287948879046
0.0,0.04031305567262204,0.0,0.0,0.0,0.0,0.0,0.0,0.0,0.0,0.0,0.0,0.0,0.0,0.3479234688387884,0.0,0.0,0.0,0.0,0.0,-0.004020022436289523,0.0,0.0,0.0,0.0,0.0,0.0,0.00020100112181447612,0.0,0.0,0.0,-0.3212504913332894,0.0,0.0,0.0,0.0,0.0,0.0,0.0,0.0,0.0,0.0,0.0,0.0,0.0,0.0,0.0,-0.07526130288312181,0.0,0.0,0.0,0.0,0.0,-0.0037442689972722425,0.0,0.0,0.015316219741496315,0.0,0.0,0.0,-0.0010049935490050717,0.0,0.15008927460336358,0.0,0.0,0.0,0.0,0.0,0.0,0.004020022436289523,0.03685587838664755
0.0,0.07013316981113021,0.0,0.0,0.0,0.0,0.0,0.0,0.0,0.0,0.0,0.0,0.0,0.0,0.32043889130661335,0.0,0.0,0.0,0.0,0.0,-0.003272202212340228,0.0,0.0,0.0,0.0,0.0,0.0,0.0,0.0,0.0,0.0,-0.33588342050414827,0.0,0.07447500128438321,0.0,0.0,0.0,0.0,0.0,0.0,0.0,0.0,0.0,0.0,0.0,0.0,0.0,-0.12326886668777991,0.0,0.0,0.0,0.0,0.0,-0.00304774550158475,0.0,0.0,0.0,0.0,0.0,0.0,-0.0008180407364784199,0.0,0.035390655337670676,0.0,0.0,0.0,0.0,0.0,0.0,0.003272202212340228,0.02999980440553066
0.0,0.07014611518445063,0.0,0.0,0.0,0.0,0.0,0.0,0.0,0.0,0.0,0.0,0.0,0.0,0.3202880872009728,0.0,0.0,0.0,0.0,0.0,-0.003268993170334999,0.0,0.0,0.0,0.0,0.0,0.0,0.00016344965851674995,0.0,0.0,0.0,-0.3359626444681431,0.0,0.0747288631202489,0.0,0.0,0.0,0.0,0.0,0.0,0.0,0.0,0.0,0.0,0.0,0.0,0.0,-0.12347487647981822,0.0,0.0,0.0,0.0,0.0,-0.00304475658381587,0.0,0.0,0.0,0.0,0.0,0.0,-0.0008172384856042388,0.0,0.03486559881894267,0.0,0.0,0.0,0.0,0.0,0.0,0.003268993170334999,0.02997038365881674
0.0,0.06773595014555908,0.0,0.0,0.0,0.0,0.0,0.0,0.0,0.0,0.0,0.0,0.0,0.0,0.30948597966833014,0.0,0.0,0.0,0.0,0.0,-0.0031603551717134908,0.0,0.0,0.0,0.0,0.0,0.0,0.0,0.0,0.0,0.0,-0.3414930841322606,0.0,0.08901985784598293,0.0,0.0,0.0,0.0,0.0,0.017090484231832653,0.0,0.0,0.0,0.0,0.0,0.0,0.0,-0.13614590167480578,0.0,0.0,0.0,0.0,0.0,-0.002943570608709804,0.0,0.0,0.0,0.0,0.0,0.0,-0.0007900793118628575,0.0,0.0,0.0,0.0,0.0,0.0,0.0,0.0,0.0031603551717134908,0.028974382037229088
0.0,0.06778282635397875,0.0,0.0,0.0,0.0,0.0,0.0,0.0,0.0,0.0,0.0,0.0,0.0,0.30949727922785997,0.0,0.0,0.0,0.0,0.0,-0.0031588577048708463,0.0,0.0,0.0,0.0,0.0,0.0,0.00015794288524354232,0.0,0.0,0.0,-0.34148921780850844,0.0,0.0890566491290282,0.0,0.0,0.0,0.0,0.0,0.016845471942797986,0.0,0.0,0.0,0.0,0.0,0.0,0.0,-0.13616036328785375,0.0,0.0,0.0,0.0,0.0,-0.0029421758606052307,0.0,0.0,0.0,0.0,0.0,0.0,-0.0007897049496445969,0.0,0.0,0.0,0.0,0.0,0.0,0.0,0.0,0.0031588577048708463,0.028960653144737763
0.0,0.07256089002120973,0.0,0.0,0.0,0.0,0.0,0.0,0.0,0.0,0.0,0.0,0.0,0.0,0.3106490365193585,0.0,0.0,0.0,0.0,0.0,-0.0030062218122733435,0.0,0.0,0.0,0.0,0.0,0.0,0.0,0.0,0.0,0.008128482985061582,-0.341095125759072,0.0,0.09280676243204247,0.0,0.0,0.0,0.0,0.0,0.0,0.0,0.0,0.0,0.0,0.0,0.0,0.0,-0.1376344267883702,0.0,0.0,0.0,0.0,0.0,-0.0028000100270604536,0.0,0.0,0.0,0.0,0.0,0.0,-0.0007515464344028991,0.0,0.0,0.0,0.0,0.0,0.0,0.0,0.0,0.0030062218122733435,0.027561275408875346
0.0,0.07253966752336359,0.0,0.0,0.0,0.0,0.0,0.0,0.0,0.0,0.0,0.0,0.0,0.0,0.31064392081384673,0.0,0.0,0.0,0.0,0.0,-0.0030068997678485507,0.0,0.0,0.0,0.0,0.0,0.0,0.00015034498839242754,0.0,0.0,0.008017557358787317,-0.3410968761789603,0.0,0.09279010573237524,0.0,0.0,0.0,0.0,0.0,0.0,0.0,0.0,0.0,0.0,0.0,0.0,0.0,-0.13762787951071895,0.0,0.0,0.0,0.0,0.0,-0.0028006414782729794,0.0,0.0,0.0,0.0,0.0,0.0,-0.000751715921262834,0.0,0.0,0.0,0.0,0.0,0.0,0.0,0.0,0.0030068997678485507,0.027567490958322487
0.0,0.06340168795265348,0.0,0.0,0.0,0.0,0.0,0.0,0.0,0.0,0.0,0.0,0.0,0.0,0.32167651827844135,0.0,0.0,0.0,0.0,0.01599690483263177,-0.0029581315680366252,0.0,0.0,0.0,0.0,0.0,0.0,0.0,0.0,0.0,0.0,-0.35163556432606136,0.0,0.08332368906927654,0.0,0.0,0.0,0.0,0.0,0.0,0.0,0.0,0.0,0.0,0.0,0.0,0.0,-0.12743424954502694,0.0,0.0,0.0,0.0,0.0,-0.002755218533127153,0.0,0.0,0.0,0.0,0.0,0.0,-0.0007395240176144522,0.0,0.0,0.0,0.0,0.0,0.0,0.0,0.0,0.0029581315680366252,0.02712038030909361
0.0,0.0635038191396676,0.0,0.0,0.0,0.0,0.0,0.0,0.0,0.0,0.0,0.0,0.0,0.0,0.32152337138685183,0.0,0.0,0.0,0.0,0.01578204777108701,-0.0029594447320694943,0.0,0.0,0.0,0.0,0.0,0.0,0.00014797223660347473,0.0,0.0,0.0,-0.3514957167556224,0.0,0.08343466396547917,0.0,0.0,0.0,0.0,0.0,0.0,0.0,0.0,0.0,0.0,0.0,0.0,0.0,-0.12756480585610386,0.0,0.0,0.0,0.0,0.0,-0.0027564416206731874,0.0,0.0,0.0,0.0,0.0,0.0,-0.0007398523046831774,0.0,0.0,0.0,0.0,0.0,0.0,0.0,0.0,0.0029594447320694943,0.027132419499089233
0.0,0.0,0.0,0.0,0.0,0.0,0.0,0.0,0.0,0.0,0.0,0.0,0.0,0.0,0.3304323728558284,0.0,0.0,0.0,0.0,0.0,-0.0043182723851395224,0.0,0.0,0.0,0.0,0.030887189249851687,0.0,0.00021591361925697613,0.0,0.0,0.0,-0.23878436768464129,0.0,0.0,0.0,0.0,0.0,0.0,0.0,0.1756592073901456,0.0,0.0,0.0,0.0,0.0,0.0,0.0,-0.09527966497799736,0.0,0.0,0.0,-0.07541286670307142,0.0,-0.004022060490880877,0.0,0.0,0.0,0.0,0.0,0.0,-0.0010795551414677252,0.0,0.0,0.0,0.0,0.0,0.0,0.0,0.0,0.0043182723851395224,0.03959025711657955
0.0,0.0,0.0,0.0,0.0,0.0,0.0,0.0,0.0,0.0,0.0,0.0,0.0,0.0,0.33041953881753233,0.0,0.0,0.0,0.0,0.0,-0.004319515908223766,0.0,0.0,0.0,0.0,0.030860087797638158,0.0,0.0,0.0,0.0,0.0,-0.23883513189334696,0.0,0.0,0.0,0.0,0.0,0.0,0.0,0.17588977140237144,0.0,0.0,0.0,0.0,0.0,0.0,0.0,-0.09527110648066901,0.0,0.0,0.0,-0.07538058922604587,0.0,-0.004023218714499157,0.0,0.0,0.0,0.0,0.0,0.0,-0.001079866018508217,0.0,0.0,0.0,0.0,0.0,0.0,0.0,0.0,0.004319515908223766,0.03960165783294126
0.0,0.0,0.0,0.0,0.0,0.0,0.0,0.0,0.0,0.0,0.0,0.0,0.0,0.0,0.3304323728558284,0.0,0.0,0.0,0.0,0.0,-0.0043182723851395224,0.0,0.0,0.0,0.0,0.030887189249851687,0.0,0.00021591361925697613,0.0,0.0,0.0,-0.3141972343877127,0.0,0.0,0.0,0.0,0.0,0.0,0.0,0.02483347398400276,0.0,0.0,0.0,0.0,0.0,0.0,0.0,-0.09527966497799736,0.0,0.0,0.0,0.0,0.0,-0.004022060490880877,0.0,0.0,0.0,0.0,0.0,0.0,-0.0010795551414677252,0.0,0.15082573340614283,0.0,0.0,0.0,0.0,0.0,0.0,0.0043182723851395224,0.03959025711657955
0.0,0.0,0.0,0.0,0.0,0.0,0.0,0.0,0.0,0.0,0.0,0.0,0.0,0.0,0.33041953881753233,0.0,0.0,0.0,0.0,0.0,-0.004319515908223766,0.0,0.0,0.0,0.0,0.030860087797638158,0.0,0.0,0.0,0.0,0.0,-0.31421572111939283,0.0,0.0,0.0,0.0,0.0,0.0,0.0,0.025128592950279704,0.0,0.0,0.0,0.0,0.0,0.0,0.0,-0.09527110648066901,0.0,0.0,0.0,0.0,0.0,-0.004023218714499157,0.0,0.0,0.0,0.0,0.0,0.0,-0.001079866018508217,0.0,0.15076117845209175,0.0,0.0,0.0,0.0,0.0,0.0,0.004319515908223766,0.03960165783294126
0.0,0.0,0.0,0.0,0.0,0.0,0.0,0.0,0.0,0.0,0.0,0.0,0.0,0.0,0.2871263330876649,0.0,0.0,0.0,0.0,0.0,-0.003752325186853936,0.0,0.0,0.0,0.0,0.02683915414233369,0.0,0.00018761625934269677,0.0,0.0,0.0,-0.33854830473562686,0.0,0.06552935384914367,0.0,0.0,0.0,0.0,0.0,0.087108184825144,0.0,0.0,0.0,0.0,0.0,0.0,0.0,-0.14832178906519894,0.0,0.0,0.0,0.0,0.0,-0.00349493444066169,0.0,0.0,0.0,0.0,0.0,0.0,-0.0009380700397379234,0.0,0.0,0.0,0.0,0.0,0.0,0.0,0.0,0.003752325186853936,0.034401609181437705
0.0,0.0,0.0,0.0,0.0,0.0,0.0,0.0,0.0,0.0,0.0,0.0,0.0,0.0,0.2871312875378584,0.0,0.0,0.0,0.0,0.0,-0.0037536162925082507,0.0,0.0,0.0,0.0,0.02681710886280382,0.0,0.0,0.0,0.0,0.0,-0.33855531246673726,0.0,0.0655049810834265,0.0,0.0,0.0,0.0,0.0,0.08734147802198382,0.0,0.0,0.0,0.0,0.0,0.0,0.0,-0.14829462350846884,0.0,0.0,0.0,0.0,0.0,-0.0034961369829236474,0.0,0.0,0.0,0.0,0.0,0.0,-0.0009383928122781852,0.0,0.0,0.0,0.0,0.0,0.0,0.0,0.0,0.0037536162925082507,0.034413446138502966
0.0,0.0,0.0,0.0,0.0,0.0,0.0,0.0,0.0,0.0,0.0,0.0,0.0,0.0,0.34883098622228415,0.0,0.0,0.0,0.0,0.0,-0.002535583264890612,0.0,0.0,0.0,0.0,0.0697392737959064,0.0,0.0,0.0,0.0,0.15487261893776022,-0.16600984206119224,0.0,0.0,0.0,0.0,0.0,0.0,0.0,0.0,0.0,0.0,0.0,0.0,0.0,0.0,0.0,-0.10754895074056393,0.0,0.0,0.0,-0.12168519397356803,0.0,-0.0023616549308354408,0.0,0.0,0.0,0.0,0.0,0.0,-0.0006338882094728584,0.0,0.0,0.0,0.0,0.0,0.0,0.0,0.0,0.002535583264890612,0.02324642459863545
0.0,0.0,0.0,0.0,0.0,0.0,0.0,0.0,0.0,0.0,0.0,0.0,0.0,0.0,0.34882434916806443,0.0,0.0,0.0,0.0,0.0,-0.002536226346198552,0.0,0.0,0.0,0.0,0.0697252584249355,0.0,0.00012681131730992758,0.0,0.0,0.1547533839927683,-0.1660360945000449,0.0,0.0,0.0,0.0,0.0,0.0,0.0,0.0,0.0,0.0,0.0,0.0,0.0,0.0,0.0,-0.10754452475947388,0.0,0.0,0.0,-0.12166850184906661,0.0,-0.0023622538999810623,0.0,0.0,0.0,0.0,0.0,0.0,-0.0006340489778705994,0.0,0.0,0.0,0.0,0.0,0.0,0.0,0.0,0.002536226346198552,0.023252320418087644
0.0,0.0,0.0,0.0,0.0,0.0,0.0,0.0,0.0,0.0,0.0,0.0,0.0,0.0,0.3321426506368515,0.0,0.0,0.0,0.0,0.0,-0.004152559158163838,0.0,0.0,0.0,0.0,0.03449875799267315,0.0,0.0,0.0,0.0,0.014494397659995788,-0.3117336725915852,0.0,0.0,0.0,0.0,0.0,0.0,0.0,0.0,0.0,0.0,0.0,0.0,0.0,0.0,0.0,-0.09642017955976462,0.0,0.0,0.0,0.0,0.0,-0.0038677143627095893,0.0,0.0,0.0,0.0,0.0,0.0,-0.0010381273318634848,0.0,0.15942839618628965,0.0,0.0,0.0,0.0,0.0,0.0,0.004152559158163838,0.03807098536193929
0.0,0.0,0.0,0.0,0.0,0.0,0.0,0.0,0.0,0.0,0.0,0.0,0.0,0.0,0.33213553074707725,0.0,0.0,0.0,0.0,0.0,-0.004153249022654444,0.0,0.0,0.0,0.0,0.03448372302487651,0.0,0.00020766245113272222,0.0,0.0,0.014330675652806225,-0.3117439284041994,0.0,0.0,0.0,0.0,0.0,0.0,0.0,0.0,0.0,0.0,0.0,0.0,0.0,0.0,0.0,-0.09641543159531218,0.0,0.0,0.0,0.0,0.0,-0.0038683569059454626,0.0,0.0,0.0,0.0,0.0,0.0,-0.001038299795916543,0.0,0.1593925832841756,0.0,0.0,0.0,0.0,0.0,0.0,0.004153249022654444,0.038077310093249134
0.0,0.0,0.0,0.0,0.0,0.0,0.0,0.0,0.0,0.0,0.0,0.0,0.0,0.0,0.28402895542825046,0.0,0.0,0.0,0.0,0.0,-0.0029451636142426214,0.0,0.0,0.0,0.0,0.04062121948649499,0.0,0.0,0.0,0.0,0.05873991289746611,-0.3341672757744556,0.0,0.08076649562712722,0.0,0.0,0.0,0.0,0.0,0.0,0.0,0.0,0.0,0.0,0.0,0.0,0.0,-0.1653049022735073,0.0,0.0,0.0,0.0,0.0,-0.0027431401161236487,0.0,0.0,0.0,0.0,0.0,0.0,-0.0007362820680698127,0.0,0.0,0.0,0.0,0.0,0.0,0.0,0.0,0.0029451636142426214,0.027001489100019514
0.0,0.0,0.0,0.0,0.0,0.0,0.0,0.0,0.0,0.0,0.0,0.0,0.0,0.0,0.28403157130751827,0.0,0.0,0.0,0.0,0.0,-0.0029458452996732475,0.0,0.0,0.0,0.0,0.04060957989230735,0.0,0.00014729226498366238,0.0,0.0,0.0586167374061201,-0.3341709757568573,0.0,0.08075362715332113,0.0,0.0,0.0,0.0,0.0,0.0,0.0,0.0,0.0,0.0,0.0,0.0,0.0,-0.16529055924574979,0.0,0.0,0.0,0.0,0.0,-0.002743775041342161,0.0,0.0,0.0,0.0,0.0,0.0,-0.0007364524873824128,0.0,0.0,0.0,0.0,0.0,0.0,0.0,0.0,0.0029458452996732475,0.02700773884507126
0.0,0.0,0.0,0.0,0.0,0.0,0.0,0.0,0.0,0.0,0.0,0.0,0.0,0.0,0.4004088104989872,0.0,0.0,0.0,0.0,0.10316892266184553,-0.002536226346198552,0.0,0.0,0.0,0.0,0.018140797094012742,0.0,0.00012681131730992758,0.0,0.0,0.0,-0.3465817091582746,0.0,0.0,0.0,0.0,0.0,0.0,0.0,0.0,0.0,0.0,0.0,0.0,0.0,0.0,0.0,-0.05596006342855111,0.0,0.0,0.0,-0.044291809852682454,0.0,-0.0023622538999810623,0.0,0.0,0.0,0.0,0.0,0.0,-0.0006340489778705994,0.0,0.0,0.0,0.0,0.0,0.0,0.0,0.0,0.002536226346198552,0.023252320418087644
0.0,0.0,0.0,0.0,0.0,0.0,0.0,0.0,0.0,0.0,0.0,0.0,0.0,0.0,0.4004551925348709,0.0,0.0,0.0,0.0,0.1032484126251735,-0.002535583264890612,0.0,0.0,0.0,0.0,0.018115067483319654,0.0,0.0,0.0,0.0,0.0,-0.34669456415524585,0.0,0.0,0.0,0.0,0.0,0.0,0.0,0.0,0.0,0.0,0.0,0.0,0.0,0.0,0.0,-0.05592474442797719,0.0,0.0,0.0,-0.044248884504687905,0.0,-0.0023616549308354408,0.0,0.0,0.0,0.0,0.0,0.0,-0.0006338882094728584,0.0,0.0,0.0,0.0,0.0,0.0,0.0,0.0,0.002535583264890612,0.02324642459863545
0.0,0.0,0.0,0.0,0.0,0.0,0.0,0.0,0.0,0.0,0.0,0.0,0.0,0.0,0.3457542082791909,0.0,0.0,0.0,0.0,0.02258956453158272,-0.003928080814303279,0.0,0.0,0.0,0.0,0.028096276630816756,0.0,0.00019640404071516395,0.0,0.0,0.0,-0.3309860486434939,0.0,0.0,0.0,0.0,0.0,0.0,0.0,0.0,0.0,0.0,0.0,0.0,0.0,0.0,0.0,-0.08667036041572515,0.0,0.0,0.0,0.0,0.0,-0.0036586341108461456,0.0,0.0,0.0,0.0,0.0,0.0,-0.0009820084193333768,0.0,0.13719738285493743,0.0,0.0,0.0,0.0,0.0,0.0,0.003928080814303279,0.03601295044475184
0.0,0.0,0.0,0.0,0.0,0.0,0.0,0.0,0.0,0.0,0.0,0.0,0.0,0.0,0.34590799945217465,0.0,0.0,0.0,0.0,0.022833498220612838,-0.003924997273006421,0.0,0.0,0.0,0.0,0.02804151275837685,0.0,0.0,0.0,0.0,0.0,-0.3311841411243456,0.0,0.0,0.0,0.0,0.0,0.0,0.0,0.0,0.0,0.0,0.0,0.0,0.0,0.0,0.0,-0.08656961591946032,0.0,0.0,0.0,0.0,0.0,-0.003655762085064546,0.0,0.0,0.0,0.0,0.0,0.0,-0.0009812375432597864,0.0,0.1369915580523984,0.0,0.0,0.0,0.0,0.0,0.0,0.003924997273006421,0.03598468029829413
0.0,0.0,0.0,0.0,0.0,0.0,0.0,0.0,0.0,0.0,0.0,0.0,0.0,0.0,0.34213252859556686,0.0,0.0,0.0,0.0,0.06459957718790371,-0.0027827307046847916,0.0,0.0,0.0,0.0,0.019903962103630764,0.0,0.00013913653523423957,0.0,0.0,0.0,-0.38026714973702197,0.0,0.04859667964093883,0.0,0.0,0.0,0.0,0.0,0.0,0.0,0.0,0.0,0.0,0.0,0.0,0.0,-0.10999568961973777,0.0,0.0,0.0,0.0,0.0,-0.002591849291996938,0.0,0.0,0.0,0.0,0.0,0.0,-0.0006956743279790839,0.0,0.0,0.0,0.0,0.0,0.0,0.0,0.0,0.0027827307046847916,0.025512291550620177
0.0,0.0,0.0,0.0,0.0,0.0,0.0,0.0,0.0,0.0,0.0,0.0,0.0,0.0,0.3422453757315092,0.0,0.0,0.0,0.0,0.0647277934321287,-0.002781763092488463,0.0,0.0,0.0,0.0,0.019873859731129925,0.0,0.0,0.0,0.0,0.0,-0.38035514600820763,0.0,0.04854500954605239,0.0,0.0,0.0,0.0,0.0,0.0,0.0,0.0,0.0,0.0,0.0,0.0,0.0,-0.10989948847826297,0.0,0.0,0.0,0.0,0.0,-0.002590948053159217,0.0,0.0,0.0,0.0,0.0,0.0,-0.0006954324278328383,0.0,0.0,0.0,0.0,0.0,0.0,0.0,0.0,0.002781763092488463,0.025503420406740137
0.0,0.018173787215983152,0.0,0.0,0.0,0.0,0.0,0.0,0.0,0.0,0.0,0.0,0.0,0.0,0.34059921656040587,0.0,0.0,0.0,0.0,0.0,-0.004213633233848614,0.0,0.0,0.0,0.0,0.024080810571021825,0.0,0.0002106816616924307,0.0,0.0,0.0,-0.31264162521755684,0.0,0.0,0.0,0.0,0.0,0.0,0.0,0.0,0.0,0.0,0.0,0.0,0.0,0.0,0.0,-0.08691294609624259,0.0,0.0,0.0,0.0,0.0,-0.003924599062172768,0.0,0.0,0.0,0.0,0.0,0.0,-0.0010533956675624519,0.0,0.1653447542413022,0.0,0.0,0.0,0.0,0.0,0.0,0.004213633233848614,0.038630917238362504
0.0,0.018384468877675583,0.0,0.0,0.0,0.0,0.0,0.0,0.0,0.0,0.0,0.0,0.0,0.0,0.3407045573912521,0.0,0.0,0.0,0.0,0.0,-0.004213633233848614,0.0,0.0,0.0,0.0,0.02397546974017561,0.0,0.0,0.0,0.0,0.0,-0.31264162521755684,0.0,0.0,0.0,0.0,0.0,0.0,0.0,0.0,0.0,0.0,0.0,0.0,0.0,0.0,0.0,-0.08680760526539638,0.0,0.0,0.0,0.0,0.0,-0.003924599062172768,0.0,0.0,0.0,0.0,0.0,0.0,-0.0010533956675624519,0.0,0.16545009507214842,0.0,0.0,0.0,0.0,0.0,0.0,0.004213633233848614,0.038630917238362504
0.0,0.0,0.0,0.0,0.0,0.0,0.0,0.0,0.0,0.0,0.0,0.0,0.0,0.0,0.25342604130343305,0.0,0.0,0.0,0.0,0.0,-0.004602594819606679,0.0,0.0,0.0,0.0,0.0,0.0,0.00023012974098033398,0.0,0.0,-0.09876256374386996,-0.238045911283659,0.0,0.0,0.0,0.0,0.0,0.0,0.0,0.2530666189974369,0.0,0.0,0.0,0.0,0.0,0.0,0.0,-0.06863218638729673,0.0,0.0,0.0,-0.030996896867716485,0.0,-0.004286879827955759,0.0,0.0,0.0,0.0,0.0,0.0,-0.001150634897117211,0.0,0.0,0.0,0.0,0.0,0.0,0.0,0.0,0.004602594819606679,0.04219694731132114
0.0,0.0,0.0,0.0,0.0,0.0,0.0,0.0,0.0,0.0,0.0,0.0,0.0,0.0,0.2534843755971318,0.0,0.0,0.0,0.0,0.0,-0.004603654257368491,0.0,0.0,0.0,0.0,0.0,0.0,0.0,0.0,0.0,-0.09867020582228815,-0.2381007053373055,0.0,0.0,0.0,0.0,0.0,0.0,0.0,0.25323996191476833,0.0,0.0,0.0,0.0,0.0,0.0,0.0,-0.06864798433014944,0.0,0.0,0.0,-0.031004031817527998,0.0,-0.004287866593584299,0.0,0.0,0.0,0.0,0.0,0.0,-0.0011508997533793506,0.0,0.0,0.0,0.0,0.0,0.0,0.0,0.0,0.004603654257368491,0.04220666031912802
0.0,0.0,0.0,0.0,0.0,0.0,0.0,0.0,0.0,0.0,0.0,0.0,0.0,0.0,0.25342604130343305,0.0,0.0,0.0,0.0,0.0,-0.004602594819606679,0.0,0.0,0.0,0.0,0.0,0.0,0.00023012974098033398,0.0,0.0,-0.09876256374386996,-0.2690428081513755,0.0,0.0,0.0,0.0,0.0,0.0,0.0,0.1910728252620039,0.0,0.0,0.0,0.0,0.0,0.0,0.0,-0.06863218638729673,0.0,0.0,0.0,0.0,0.0,-0.004286879827955759,0.0,0.0,0.0,0.0,0.0,0.0,-0.001150634897117211,0.0,0.06199379373543297,0.0,0.0,0.0,0.0,0.0,0.0,0.004602594819606679,0.04219694731132114
0.0,0.0,0.0,0.0,0.0,0.0,0.0,0.0,0.0,0.0,0.0,0.0,0.0,0.0,0.2534843755971318,0.0,0.0,0.0,0.0,0.0,-0.004603654257368491,0.0,0.0,0.0,0.0,0.0,0.0,0.0,0.0,0.0,-0.09867020582228815,-0.2691047371548335,0.0,0.0,0.0,0.0,0.0,0.0,0.0,0.19123189827971235,0.0,0.0,0.0,0.0,0.0,0.0,0.0,-0.06864798433014944,0.0,0.0,0.0,0.0,0.0,-0.004287866593584299,0.0,0.0,0.0,0.0,0.0,0.0,-0.0011508997533793506,0.0,0.062008063635055996,0.0,0.0,0.0,0.0,0.0,0.0,0.004603654257368491,0.04220666031912802
0.0,0.0,0.0,0.0,0.0,0.0,0.0,0.0,0.0,0.0,0.0,0.0,0.0,0.0,0.23863231856754835,0.0,0.0,0.0,0.0,0.0,-0.00433391875428727,0.0,0.0,0.0,0.0,0.0,0.0,0.0002166959377143635,0.0,0.0,-0.09299730782463873,-0.2825249137885628,0.0,0.02918745575592179,0.0,0.0,0.0,0.0,0.0,0.20910642175093827,0.0,0.0,0.0,0.0,0.0,0.0,0.0,-0.09381324433599572,0.0,0.0,0.0,0.0,0.0,-0.004036633597336935,0.0,0.0,0.0,0.0,0.0,0.0,-0.0010834666868155547,0.0,0.0,0.0,0.0,0.0,0.0,0.0,0.0,0.00433391875428727,0.03973370424595284
0.0,0.0,0.0,0.0,0.0,0.0,0.0,0.0,0.0,0.0,0.0,0.0,0.0,0.0,0.23868404042950667,0.0,0.0,0.0,0.0,0.0,-0.004334858100428201,0.0,0.0,0.0,0.0,0.0,0.0,0.0,0.0,0.0,-0.09290909287878511,-0.2825861490591183,0.0,0.029193781929872514,0.0,0.0,0.0,0.0,0.0,0.20926011553675788,0.0,0.0,0.0,0.0,0.0,0.0,0.0,-0.0938335776911026,0.0,0.0,0.0,0.0,0.0,-0.004037508509029329,0.0,0.0,0.0,0.0,0.0,0.0,-0.001083701520532749,0.0,0.0,0.0,0.0,0.0,0.0,0.0,0.0,0.004334858100428201,0.03974231624443837
0.0,0.0,0.0,0.0,0.0,0.0,0.0,0.0,0.0,0.0,0.0,0.0,0.0,0.0,0.3775357468309425,0.0,0.0,0.0,0.0,0.12580477559414216,-0.0022870074943234496,0.0,0.0,0.0,0.0,0.0,0.0,0.0,0.0,0.0,-0.049017473417085025,-0.3698934333105231,0.0,0.0,0.0,0.0,0.0,0.0,0.0,0.0,0.0,0.0,0.0,0.0,0.0,0.0,0.0,-0.03410300727557089,0.0,0.0,0.0,-0.015402210756256982,0.0,-0.002130130215250333,0.0,0.0,0.0,0.0,0.0,0.0,-0.0005717450125583795,0.0,0.0,0.0,0.0,0.0,0.0,0.0,0.0,0.0022870074943234496,0.020967462599023677
0.0,0.0,0.0,0.0,0.0,0.0,0.0,0.0,0.0,0.0,0.0,0.0,0.0,0.0,0.37746455967006665,0.0,0.0,0.0,0.0,0.12576198133647495,-0.002287269044395753,0.0,0.0,0.0,0.0,0.0,0.0,0.00011436345221978766,0.0,0.0,-0.049080260950673985,-0.36982137214829014,0.0,0.0,0.0,0.0,0.0,0.0,0.0,0.0,0.0,0.0,0.0,0.0,0.0,0.0,0.0,-0.034106907413214,0.0,0.0,0.0,-0.015403972206250885,0.0,-0.0021303738242954263,0.0,0.0,0.0,0.0,0.0,0.0,-0.0005718103992918051,0.0,0.0,0.0,0.0,0.0,0.0,0.0,0.0,0.002287269044395753,0.02096986051043079
0.0,0.0,0.0,0.0,0.0,0.0,0.0,0.0,0.0,0.0,0.0,0.0,0.0,0.0,0.36032536101538076,0.0,0.0,0.0,0.0,0.1083511295450832,-0.002608409702084862,0.0,0.0,0.0,0.0,0.0,0.0,0.0,0.0,0.0,-0.055906092809125084,-0.3691757872983642,0.0,0.0,0.0,0.0,0.0,0.0,0.0,0.0,0.0,0.0,0.0,0.0,0.0,0.0,0.0,-0.03889563775748999,0.0,0.0,0.0,0.0,0.0,-0.002429485838570351,0.0,0.0,0.0,0.0,0.0,0.0,-0.0006520946002921093,0.0,0.035133488692009135,0.0,0.0,0.0,0.0,0.0,0.0,0.002608409702084862,0.02391410303951537
0.0,0.0,0.0,0.0,0.0,0.0,0.0,0.0,0.0,0.0,0.0,0.0,0.0,0.0,0.36024192345668865,0.0,0.0,0.0,0.0,0.10830004384678639,-0.0026087499365170983,0.0,0.0,0.0,0.0,0.0,0.0,0.0001304374968258549,0.0,0.0,-0.05597860380834135,-0.3690935041671222,0.0,0.0,0.0,0.0,0.0,0.0,0.0,0.0,0.0,0.0,0.0,0.0,0.0,0.0,0.0,-0.03890071120711652,0.0,0.0,0.0,0.0,0.0,-0.002429802734621708,0.0,0.0,0.0,0.0,0.0,0.0,-0.000652179657879465,0.0,0.03513807141632888,0.0,0.0,0.0,0.0,0.0,0.0,0.0026087499365170983,0.02391722233525468
0.0,0.0,0.0,0.0,0.0,0.0,0.0,0.0,0.0,0.0,0.0,0.0,0.0,0.0,0.35775165819424487,0.0,0.0,0.0,0.0,0.11391154405613158,-0.0023596965824921774,0.0,0.0,0.0,0.0,0.0,0.0,0.0,0.0,0.0,-0.05057541997207731,-0.3816499388985802,0.0,0.01589174682399343,0.0,0.0,0.0,0.0,0.0,0.0,0.0,0.0,0.0,0.0,0.0,0.0,0.0,-0.051078666814684676,0.0,0.0,0.0,0.0,0.0,-0.0021978331954161266,0.0,0.0,0.0,0.0,0.0,0.0,-0.0005899170665332969,0.0,0.0,0.0,0.0,0.0,0.0,0.0,0.0,0.0023596965824921774,0.02163388181335415
0.0,0.0,0.0,0.0,0.0,0.0,0.0,0.0,0.0,0.0,0.0,0.0,0.0,0.0,0.3576758736919598,0.0,0.0,0.0,0.0,0.11386598610048244,-0.002359975023742092,0.0,0.0,0.0,0.0,0.0,0.0,0.0001179987511871046,0.0,0.0,-0.05064038718406833,-0.38157697436357374,0.0,0.015893622030272843,0.0,0.0,0.0,0.0,0.0,0.0,0.0,0.0,0.0,0.0,0.0,0.0,0.0,-0.05108469403358111,0.0,0.0,0.0,0.0,0.0,-0.002198092536988503,0.0,0.0,0.0,0.0,0.0,0.0,-0.0005899866760104517,0.0,0.0,0.0,0.0,0.0,0.0,0.0,0.0,0.002359975023742092,0.021636434584391455
0.0,0.05653627349218923,0.0,0.0,0.0,0.0,0.0,0.0,0.0,0.0,0.0,0.0,0.0,0.0,0.3378947986119977,0.0,0.0,0.0,0.0,0.0,-0.004083107345052358,0.0,0.0,0.0,0.0,0.0,0.0,0.0,0.0,0.0,-0.03097704084629995,-0.29521265261136403,0.0,0.0,0.0,0.0,0.0,0.0,0.0,0.0,0.0,0.0,0.0,0.0,0.0,0.0,0.0,-0.06088578189659575,0.0,0.0,0.0,0.0,0.0,-0.0038030265967184916,0.0,0.0,0.0,0.0,0.0,0.0,-0.0010207645869410543,0.0,0.16806920093064925,0.0,0.0,0.0,0.0,0.0,0.0,0.004083107345052358,0.037434245737139715
0.0,0.05649455848609013,0.0,0.0,0.0,0.0,0.0,0.0,0.0,0.0,0.0,0.0,0.0,0.0,0.33778077365098313,0.0,0.0,0.0,0.0,0.0,-0.00408255169515859,0.0,0.0,0.0,0.0,0.0,0.0,0.0002041275847579295,0.0,0.0,-0.0311089103904513,-0.295138457316726,0.0,0.0,0.0,0.0,0.0,0.0,0.0,0.0,0.0,0.0,0.0,0.0,0.0,0.0,0.0,-0.060877496251525984,0.0,0.0,0.0,0.0,0.0,-0.003802509061629186,0.0,0.0,0.0,0.0,0.0,0.0,-0.0010206256761345618,0.0,0.16797828669569118,0.0,0.0,0.0,0.0,0.0,0.0,0.00408255169515859,0.03742915149569335
0.0,0.0,0.0,0.0,0.0,0.0,0.0,0.0,0.0,0.0,0.0,0.0,0.0,0.0,0.2538014857856608,0.0,0.0,0.0,0.0,0.0,-0.005106972518503582,0.0,0.0,0.0,0.0,0.0,0.0,0.00025534862592517906,0.0,0.0,0.0,-0.22303772767666202,0.0,0.0,0.0,0.0,0.0,0.0,0.0,0.25340267600309196,0.0,0.0,0.0,0.0,0.0,0.0,0.0,-0.13094603432085183,0.0,0.0,0.0,-0.04809189631064377,0.02739637740586539,-0.0047566597385968286,0.0,0.0,0.0,0.0,0.0,0.0,-0.00127672780870834,0.0,0.0,0.0,0.0,0.0,0.0,0.0,0.0,0.005106972518503582,0.04682112128698662
0.0,0.0,0.0,0.0,0.0,0.0,0.0,0.0,0.0,0.0,0.0,0.0,0.0,0.0,0.25386581650760875,0.0,0.0,0.0,0.0,0.0,-0.005107624630969212,0.0,0.0,0.0,0.0,0.0,0.0,0.0,0.0,0.0,0.0,-0.22311409148236527,0.0,0.0,0.0,0.0,0.0,0.0,0.0,0.25359464641654744,0.0,0.0,0.0,0.0,0.0,0.0,0.0,-0.13089890959272033,0.0,0.0,0.0,-0.048082075867525643,0.027367953012222772,-0.0047572671194078785,0.0,0.0,0.0,0.0,0.0,0.0,-0.00127689083486841,0.0,0.0,0.0,0.0,0.0,0.0,0.0,0.0,0.005107624630969212,0.046827099904795
0.0,0.0,0.0,0.0,0.0,0.0,0.0,0.0,0.0,0.0,0.0,0.0,0.0,0.0,0.2538014857856608,0.0,0.0,0.0,0.0,0.0,-0.005106972518503582,0.0,0.0,0.0,0.0,0.0,0.0,0.00025534862592517906,0.0,0.0,0.0,-0.2711296239873058,0.0,0.0,0.0,0.0,0.0,0.0,0.0,0.15721888338180443,0.0,0.0,0.0,0.0,0.0,0.0,0.0,-0.13094603432085183,0.0,0.0,0.0,0.0,0.02739637740586539,-0.0047566597385968286,0.0,0.0,0.0,0.0,0.0,0.0,-0.00127672780870834,0.0,0.09618379262128754,0.0,0.0,0.0,0.0,0.0,0.0,0.005106972518503582,0.04682112128698662
0.0,0.0,0.0,0.0,0.0,0.0,0.0,0.0,0.0,0.0,0.0,0.0,0.0,0.0,0.25386581650760875,0.0,0.0,0.0,0.0,0.0,-0.005107624630969212,0.0,0.0,0.0,0.0,0.0,0.0,0.0,0.0,0.0,0.0,-0.27119616734989094,0.0,0.0,0.0,0.0,0.0,0.0,0.0,0.15743049468149614,0.0,0.0,0.0,0.0,0.0,0.0,0.0,-0.13089890959272033,0.0,0.0,0.0,0.0,0.027367953012222772,-0.0047572671194078785,0.0,0.0,0.0,0.0,0.0,0.0,-0.00127689083486841,0.0,0.09616415173505129,0.0,0.0,0.0,0.0,0.0,0.0,0.005107624630969212,0.046827099904795
0.0,0.0,0.0,0.0,0.0,0.0,0.0,0.0,0.0,0.0,0.0,0.0,0.0,0.0,0.23153187220434013,0.0,0.0,0.0,0.0,0.0,-0.0046588651947602295,0.0,0.0,0.0,0.0,0.0,0.0,0.00023294325973801148,0.0,0.0,0.0,-0.29121167677055326,0.0,0.04387211034715479,0.0,0.0,0.0,0.0,0.0,0.18729594532819327,0.0,0.0,0.0,0.0,0.0,0.0,0.0,-0.16332838693351315,0.0,0.0,0.0,0.0,0.02499250362054054,-0.004339290336725652,0.0,0.0,0.0,0.0,0.0,0.0,-0.0011647023220944732,0.0,0.0,0.0,0.0,0.0,0.0,0.0,0.0,0.0046588651947602295,0.042712838487626234
0.0,0.0,0.0,0.0,0.0,0.0,0.0,0.0,0.0,0.0,0.0,0.0,0.0,0.0,0.23159470787817688,0.0,0.0,0.0,0.0,0.0,-0.004659543575553592,0.0,0.0,0.0,0.0,0.0,0.0,0.0,0.0,0.0,0.0,-0.29126864139102754,0.0,0.043863937523790995,0.0,0.0,0.0,0.0,0.0,0.18748338943918982,0.0,0.0,0.0,0.0,0.0,0.0,0.0,-0.16327936393189643,0.0,0.0,0.0,0.0,0.024967020650058395,-0.004339922183988493,0.0,0.0,0.0,0.0,0.0,0.0,-0.0011648719152576714,0.0,0.0,0.0,0.0,0.0,0.0,0.0,0.0,0.004659543575553592,0.0427190579355065
0.0,0.0,0.0,0.0,0.0,0.0,0.0,0.0,0.0,0.0,0.0,0.0,0.0,0.0,0.06184355630225448,0.0,0.0,0.0,0.0,0.0,-0.003004798231135857,0.0,0.0,0.0,0.0,0.0,0.0,0.0,0.0,0.0,0.41170339478027124,0.0,0.0,0.0,0.0,0.0,0.0,0.0,0.0,0.0,0.0,0.0,0.0,0.0,0.0,0.0,0.0,-0.25201706760137416,0.0,0.0,0.0,-0.07203894287003594,0.10360531557941002,-0.0027986840964710925,0.0,0.0,0.0,0.0,0.0,0.0,-0.0007511905433892707,0.0,0.0,0.0,0.0,0.0,0.0,0.0,-0.06168402785824598,0.003004798231135857,0.027548223906275978
0.0,0.0,0.0,0.0,0.0,0.0,0.0,0.0,0.0,0.0,0.0,0.0,0.0,0.0,0.06184820233647897,0.0,0.0,0.0,0.0,0.0,-0.0030050239684034762,0.0,0.0,0.0,0.0,0.0,0.0,0.0001502511984201738,0.0,0.0,0.4115840730460808,0.0,0.0,0.0,0.0,0.0,0.0,0.0,0.0,0.0,0.0,0.0,0.0,0.0,0.0,0.0,0.0,-0.2520360005345889,0.0,0.0,0.0,-0.0720443548387855,0.10361309899082428,-0.00279889434929084,0.0,0.0,0.0,0.0,0.0,0.0,-0.0007512469770289638,0.0,0.0,0.0,0.0,0.0,0.0,0.0,-0.061613536308590434,0.0030050239684034762,0.027550293483104112
0.0,0.0,0.0,0.0,0.0,0.0,0.0,0.0,0.0,0.0,0.0,0.0,0.0,0.0,0.13320843084082637,0.0,0.0,0.0,0.0,0.0,-0.00388453583480615,0.0,0.0,0.0,0.0,0.0,0.0,0.0,0.0,0.0,0.23946332875502852,-0.14638879818192313,0.0,0.0,0.0,0.0,0.0,0.0,0.0,0.0,0.0,0.0,0.0,0.0,0.0,0.0,0.0,-0.21928508534875824,0.0,0.0,0.0,0.0,0.08068016407146182,-0.003618076099217622,0.0,0.0,0.0,0.0,0.0,0.0,-0.0009711223050940331,0.0,0.13300219604242938,0.0,0.0,0.0,0.0,0.0,0.0,0.00388453583480615,0.03561372668564851
0.0,0.0,0.0,0.0,0.0,0.0,0.0,0.0,0.0,0.0,0.0,0.0,0.0,0.0,0.13328287464389743,0.0,0.0,0.0,0.0,0.0,-0.003885290462307623,0.0,0.0,0.0,0.0,0.0,0.0,0.00019426452311538115,0.0,0.0,0.23921845119971968,-0.14646580246277022,0.0,0.0,0.0,0.0,0.0,0.0,0.0,0.0,0.0,0.0,0.0,0.0,0.0,0.0,0.0,-0.21923055239973216,0.0,0.0,0.0,0.0,0.0806472712342812,-0.003618778963045632,0.0,0.0,0.0,0.0,0.0,0.0,-0.0009713109597055189,0.0,0.13297946751983802,0.0,0.0,0.0,0.0,0.0,0.0,0.003885290462307623,0.03562064516927946
0.0,0.0,0.0,0.0,0.0,0.0,0.0,0.0,0.0,0.0,0.0,0.0,0.0,0.0,0.046422549337692985,0.0,0.0,0.0,0.0,0.0,-0.003004798231135857,0.0,0.0,0.0,0.0,0.0,0.0,0.0,0.0,0.0,0.41170339478027124,0.0,0.0,0.0,0.0,0.0,0.0,0.0,0.0,0.0,0.0,0.0,0.0,0.0,0.0,0.0,0.0,-0.28285908153049716,0.0,0.0,0.0,-0.05661793590547445,0.11902632254397152,-0.0027986840964710925,0.0,0.0,0.0,0.0,0.0,0.0,-0.0007511905433892707,0.0,0.04626302089368448,0.0,0.0,0.0,0.0,0.0,0.0,0.003004798231135857,0.027548223906275978
0.0,0.0,0.0,0.0,0.0,0.0,0.0,0.0,0.0,0.0,0.0,0.0,0.0,0.0,0.04644481825933136,0.0,0.0,0.0,0.0,0.0,-0.0030050239684034762,0.0,0.0,0.0,0.0,0.0,0.0,0.0001502511984201738,0.0,0.0,0.4115840730460808,0.0,0.0,0.0,0.0,0.0,0.0,0.0,0.0,0.0,0.0,0.0,0.0,0.0,0.0,0.0,0.0,-0.28284276868888414,0.0,0.0,0.0,-0.056640970761637904,0.11901648306797188,-0.00279889434929084,0.0,0.0,0.0,0.0,0.0,0.0,-0.0007512469770289638,0.0,0.04621015223144283,0.0,0.0,0.0,0.0,0.0,0.0,0.0030050239684034762,0.027550293483104112
0.0,0.0,0.0,0.0,0.0,0.0,0.0,0.0,0.0,0.0,0.0,0.0,0.0,0.0,0.0813895858932537,0.0,0.0,0.0,0.0,0.0,-0.002638590700951811,0.0,0.0,0.0,0.0,0.0,0.0,0.0,0.0,0.0,0.40215210233558485,0.0,0.0,0.0,0.0,0.0,0.0,0.0,0.0,0.0,0.0,0.0,0.0,0.0,0.0,0.0,0.0,-0.24838584317324006,0.0,0.0,0.0,-0.09034241737178796,0.10452007877889835,-0.0024575965718200217,0.0,0.0,0.0,0.0,0.04062474992933929,0.0,-0.0006596397594658499,0.0,0.0,0.0,0.0,0.0,0.0,0.0,0.0,0.002638590700951811,0.024190804784706255
0.0,0.0,0.0,0.0,0.0,0.0,0.0,0.0,0.0,0.0,0.0,0.0,0.0,0.0,0.08137404892520622,0.0,0.0,0.0,0.0,0.0,-0.0026391564978225338,0.0,0.0,0.0,0.0,0.0,0.0,0.0001319578248911267,0.0,0.0,0.4020568943909964,0.0,0.0,0.0,0.0,0.0,0.0,0.0,0.0,0.0,0.0,0.0,0.0,0.0,0.0,0.0,0.0,-0.24840611545736546,0.0,0.0,0.0,-0.09032880017251432,0.10452599644444827,-0.0024581235578543972,0.0,0.0,0.0,0.0,0.040583976969665925,0.0,-0.0006597812069861399,0.0,0.0,0.0,0.0,0.0,0.0,0.0,0.0,0.0026391564978225338,0.02419599205442661
0.0,0.0,0.0,0.0,0.0,0.0,0.0,0.0,0.0,0.0,0.0,0.0,0.0,0.0,0.07011886582931283,0.0,0.0,0.0,0.0,0.0,-0.002500092131442501,0.0,0.0,0.0,0.0,0.0,0.0,0.0,0.0,0.0,0.42653428584471637,0.0,0.0,0.0,0.0,0.0,0.0,0.0,0.0,0.0,0.0,0.0,0.0,0.0,0.0,0.0,0.0,-0.27034123613589933,0.0,0.0,0.0,-0.07860176676788588,0.10953178161754398,-0.0023285983116862028,0.0,0.0,0.01399722657092157,0.0,0.0,0.0,-0.000625015532584231,0.0,0.0,0.0,0.0,0.0,0.0,0.0,0.0,0.002500092131442501,0.022921039126564503
0.0,0.0,0.0,0.0,0.0,0.0,0.0,0.0,0.0,0.0,0.0,0.0,0.0,0.0,0.07011486226431307,0.0,0.0,0.0,0.0,0.0,-0.002500759972636865,0.0,0.0,0.0,0.0,0.0,0.0,0.00012503799863184325,0.0,0.0,0.42642088269684686,0.0,0.0,0.0,0.0,0.0,0.0,0.0,0.0,0.0,0.0,0.0,0.0,0.0,0.0,0.0,0.0,-0.2703395653900879,0.0,0.0,0.0,-0.07860002921165565,0.10953262274666047,-0.0023292203423138395,0.0,0.0,0.0139839149667559,0.0,0.0,0.0,-0.0006251824908792984,0.0,0.0,0.0,0.0,0.0,0.0,0.0,0.0,0.002500759972636865,0.022927161946581346
0.0,0.0,0.0,0.0,0.0,0.0,0.0,0.0,0.0,0.0,0.0,0.0,0.0,0.0,0.0659090947381972,0.0,0.0,0.0,0.0,0.0,-0.003202330899555351,0.0,0.0,0.0,0.0,0.0,0.0,0.00016011654497776755,0.0,0.0,0.37294925947757374,0.0,0.0,0.0,0.0,0.0,0.0,0.0,0.0,0.06565902076870983,0.0,0.0,0.0,0.0,0.0,0.0,0.0,-0.26858443752815203,0.0,0.0,0.0,-0.07677471662941363,0.1104162336093732,-0.0029826670115003515,0.0,0.0,0.0,0.0,0.0,0.0,-0.0008005731178961391,0.0,0.0,0.0,0.0,0.0,0.0,0.0,0.0,0.003202330899555351,0.029359218775095296
0.0,0.0,0.0,0.0,0.0,0.0,0.0,0.0,0.0,0.0,0.0,0.0,0.0,0.0,0.0659090947381972,0.0,0.0,0.0,0.0,0.0,-0.003202330899555351,0.0,0.0,0.0,0.0,0.0,0.0,0.0,0.0,0.0,0.37302931775006265,0.0,0.0,0.0,0.0,0.0,0.0,0.0,0.0,0.06573907904119872,0.0,0.0,0.0,0.0,0.0,0.0,0.0,-0.26858443752815203,0.0,0.0,0.0,-0.07677471662941363,0.1104162336093732,-0.0029826670115003515,0.0,0.0,0.0,0.0,0.0,0.0,-0.0008005731178961391,0.0,0.0,0.0,0.0,0.0,0.0,0.0,0.0,0.003202330899555351,0.029359218775095296
0.0,0.0,0.0,0.0,0.0,0.0,0.0,0.0,0.0,0.0,0.0,0.0,0.0,0.0,0.0656057932813003,0.0,0.0,0.0,0.0,0.0,-0.0028675091355916883,0.0,0.0,0.0,0.0,0.0,0.0,0.0,0.0,0.0,0.30767553274768894,-0.14078890678171646,0.0,0.06545355368469744,0.0,0.0,0.0,0.0,0.0,0.0,0.0,0.0,0.0,0.0,0.0,0.0,0.0,-0.29278024029363947,0.0,0.0,0.0,0.0,0.09228372711244405,-0.0026708123464357766,0.0,0.0,0.0,0.0,0.0,0.0,-0.0007168686813705153,0.0,0.0,0.0,0.0,0.0,0.0,0.0,0.0,0.0028675091355916883,0.026289546799523562
0.0,0.0,0.0,0.0,0.0,0.0,0.0,0.0,0.0,0.0,0.0,0.0,0.0,0.0,0.06566927737129265,0.0,0.0,0.0,0.0,0.0,-0.002868194516756643,0.0,0.0,0.0,0.0,0.0,0.0,0.00014340972583783214,0.0,0.0,0.30748615435665017,-0.1408464592335604,0.0,0.06544529652403952,0.0,0.0,0.0,0.0,0.0,0.0,0.0,0.0,0.0,0.0,0.0,0.0,0.0,-0.2927307114120934,0.0,0.0,0.0,0.0,0.09225798117717225,-0.002671450713879721,0.0,0.0,0.0,0.0,0.0,0.0,-0.0007170400246056105,0.0,0.0,0.0,0.0,0.0,0.0,0.0,0.0,0.002868194516756643,0.026295830427355095
0.0,0.0,0.0,0.0,0.0,0.0,0.0,0.0,0.0,0.0,0.0,0.0,0.0,0.0,0.023490557138404502,0.0,0.0,0.0,0.0,0.0,-0.0026539932455108156,0.0,0.0,0.0,0.0,0.0,0.0,0.0,0.0,0.0,0.4336866970875217,0.0,0.0,0.023349653363742277,0.0,0.0,0.0,0.0,0.0,0.0,0.0,0.0,0.0,0.0,0.0,0.0,0.0,-0.30820990741723475,0.0,0.0,0.0,-0.05584530335859299,0.12264244570396464,-0.002471942578835001,0.0,0.0,0.0,0.0,0.0,0.0,-0.0006634903493979674,0.0,0.0,0.0,0.0,0.0,0.0,0.0,0.0,0.0026539932455108156,0.024332016511284468
0.0,0.0,0.0,0.0,0.0,0.0,0.0,0.0,0.0,0.0,0.0,0.0,0.0,0.0,0.023533378696977254,0.0,0.0,0.0,0.0,0.0,-0.0026545467929525463,0.0,0.0,0.0,0.0,0.0,0.0,0.00013272733964762732,0.0,0.0,0.4335590997290999,0.0,0.0,0.02332608186397483,0.0,0.0,0.0,0.0,0.0,0.0,0.0,0.0,0.0,0.0,0.0,0.0,0.0,-0.3081699054634702,0.0,0.0,0.0,-0.05586643162342676,0.12263010332992358,-0.0024724581556899664,0.0,0.0,0.0,0.0,0.0,0.0,-0.0006636287345977577,0.0,0.0,0.0,0.0,0.0,0.0,0.0,0.0,0.0026545467929525463,0.024337091477287017
0.0,0.0,0.0,0.0,0.0,0.0,0.0,0.0,0.0,0.0,0.0,0.0,0.0,0.0,0.00011643526662677165,0.0,0.0,0.0,0.0,0.0,-0.0021931166280498137,0.0,0.0,0.0,0.0,0.0,0.0,0.0,0.0,0.0,0.4355548232486357,0.06753212201366478,0.0,0.0,0.0,0.0,0.0,0.0,0.0,0.0,0.0,0.0,0.0,0.0,0.0,0.0,0.0,-0.2739829075177992,0.0,0.0,0.0,-0.07508987948938542,0.12063998300329469,-0.0020426797929487366,0.0,0.0,0.0,0.0,0.0,0.0,-0.0005482725776625693,0.0,0.0,0.0,0.0,0.0,0.0,0.0,0.0,0.0021931166280498137,0.020106663833882432
0.0,0.0,0.0,0.0,0.0,0.0,0.0,0.0,0.0,0.0,0.0,0.0,0.0,0.0,0.00017132893758784774,0.0,0.0,0.0,0.0,0.0,-0.0021939586593127873,0.0,0.0,0.0,0.0,0.0,0.0,0.00010969793296563937,0.0,0.0,0.4354478065395342,0.06747577703361843,0.0,0.0,0.0,0.0,0.0,0.0,0.0,0.0,0.0,0.0,0.0,0.0,0.0,0.0,0.0,-0.2739784033400127,0.0,0.0,0.0,-0.0750912852221272,0.12063145288550152,-0.0020434640650772266,0.0,0.0,0.0,0.0,0.0,0.0,-0.0005484830829522189,0.0,0.0,0.0,0.0,0.0,0.0,0.0,0.0,0.0021939586593127873,0.020114383641997375
0.0,0.0,0.0,0.0,0.0,0.0,0.0,0.0,0.0,0.0,0.0,0.0,0.0,0.0,0.23420498700507505,0.0,0.0,0.0,0.0,0.0,-0.002536226346198552,0.0,0.0,0.0,0.0,0.0,0.0,0.07812912130453932,0.0,0.0,0.2693727461557576,0.0,0.0,0.0,0.0,0.0,0.0,0.0,0.0,0.0,0.0,0.0,0.0,0.0,0.0,0.0,0.0,-0.16071568005982162,0.0,0.0,0.0,-0.16480818262382824,0.06144820686264162,-0.0023622538999810623,0.0,0.0,0.0,0.0,0.0,0.0,-0.0006340489778705994,0.0,0.0,0.0,0.0,0.0,0.0,0.0,0.0,0.002536226346198552,0.023252320418087644
0.0,0.0,0.0,0.0,0.0,0.0,0.0,0.0,0.0,0.0,0.0,0.0,0.0,0.0,0.11162992845371458,0.0,0.0,0.0,0.0,0.0,-0.002536226346198552,0.0,0.0,0.0,0.0,0.022286374282065542,0.0,0.00012681131730992758,0.0,0.0,0.39194780470711815,0.0,0.0,0.0,0.0,0.0,0.0,0.0,0.0,0.0,0.0,0.0,0.0,0.0,0.0,0.0,0.0,-0.2498611771880838,0.0,0.0,0.0,-0.09794905977763162,0.09487776828573993,-0.0023622538999810623,0.0,0.0,0.0,0.0,0.0,0.0,-0.0006340489778705994,0.0,0.0,0.0,0.0,0.0,0.0,0.0,0.0,0.002536226346198552,0.023252320418087644
0.0,0.0,0.0,0.0,0.0,0.0,0.0,0.0,0.0,0.0,0.0,0.0,0.0,0.0,0.11167406899200949,0.0,0.0,0.0,0.0,0.0,-0.002535583264890612,0.0,0.0,0.0,0.0,0.02230789034985147,0.0,0.0,0.0,0.0,0.3920295361680349,0.0,0.0,0.0,0.0,0.0,0.0,0.0,0.0,0.0,0.0,0.0,0.0,0.0,0.0,0.0,0.0,-0.24984310107872873,0.0,0.0,0.0,-0.09796950225054056,0.09486276689210986,-0.0023616549308354408,0.0,0.0,0.0,0.0,0.0,0.0,-0.0006338882094728584,0.0,0.0,0.0,0.0,0.0,0.0,0.0,0.0,0.002535583264890612,0.02324642459863545
0.0,0.0,0.0,0.0,0.0,0.0,0.0,0.0,0.0,0.0,0.0,0.0,0.0,0.0,0.06705828829230655,0.0,0.0,0.0,0.0,0.02230789034985147,-0.002535583264890612,0.0,0.0,0.0,0.0,0.0,0.0,0.0,0.0,0.0,0.41433742651788635,0.0,0.0,0.0,0.0,0.0,0.0,0.0,0.0,0.0,0.0,0.0,0.0,0.0,0.0,0.0,0.0,-0.2721509914285802,0.0,0.0,0.0,-0.07566161190068908,0.11717065724196132,-0.0023616549308354408,0.0,0.0,0.0,0.0,0.0,0.0,-0.0006338882094728584,0.0,0.0,0.0,0.0,0.0,0.0,0.0,0.0,0.002535583264890612,0.02324642459863545
0.0,0.0,0.0,0.0,0.0,0.0,0.0,0.0,0.0,0.0,0.0,0.0,0.0,0.0,0.06705717988958348,0.0,0.0,0.0,0.0,0.022286374282065542,-0.002536226346198552,0.0,0.0,0.0,0.0,0.0,0.0,0.00012681131730992758,0.0,0.0,0.4142341789891837,0.0,0.0,0.0,0.0,0.0,0.0,0.0,0.0,0.0,0.0,0.0,0.0,0.0,0.0,0.0,0.0,-0.2721475514701493,0.0,0.0,0.0,-0.07566268549556608,0.11716414256780548,-0.0023622538999810623,0.0,0.0,0.0,0.0,0.0,0.0,-0.0006340489778705994,0.0,0.0,0.0,0.0,0.0,0.0,0.0,0.0,0.002536226346198552,0.023252320418087644
0.0,0.0,0.0,0.0,0.0,0.0,0.0,0.0,0.0,0.0,0.0,0.0,0.0,0.0,0.00012486785805234776,0.0,0.0,0.0,0.0,0.0,-0.0023519487156875045,0.0,0.0,0.0,0.0,0.0,0.0,0.0,0.0,0.0,0.467099010626743,0.0,0.0,0.0,0.0,0.0,0.0,0.0,0.0,0.0,0.0,0.0,0.0,0.0,0.0,0.0,0.0,-0.29382557188936675,0.0,0.0,0.0,-0.08052811390301406,0.12937709260700408,-0.00219061679353492,0.0,0.0,0.0,0.0,0.0,0.0,-0.000587980123075729,0.0,0.0,0.0,0.0,0.0,0.0,0.0,0.0,0.0023519487156875045,0.021562848767834
0.0,0.0,0.0,0.0,0.0,0.0,0.0,0.0,0.0,0.0,0.0,0.0,0.0,0.0,0.00018372599163466913,0.0,0.0,0.0,0.0,0.0,-0.002352709565370595,0.0,0.0,0.0,0.0,0.0,0.0,0.00011763547826852975,0.0,0.0,0.46695602732373476,0.0,0.0,0.0,0.0,0.0,0.0,0.0,0.0,0.0,0.0,0.0,0.0,0.0,0.0,0.0,0.0,-0.2938029882682092,0.0,0.0,0.0,-0.0805247556822278,0.12936012804232583,-0.0021913254527339988,0.0,0.0,0.0,0.0,0.0,0.0,-0.0005881703332139526,0.0,0.0,0.0,0.0,0.0,0.0,0.0,0.0,0.002352709565370595,0.021569824296909998
0.0,0.05205174414965343,0.0,0.0,0.0,0.0,0.0,0.0,0.0,0.0,0.0,0.0,0.0,0.0,0.15628984969171242,0.0,0.0,0.0,0.0,0.0,-0.002535583264890612,0.0,0.0,0.0,0.0,0.0,0.0,0.0,0.0,0.0,0.3474137554683319,0.0,0.0,0.0,0.0,0.0,0.0,0.0,0.0,0.0,0.0,0.0,0.0,0.0,0.0,0.0,0.0,-0.21266328382897626,0.0,0.0,0.0,-0.11284142915044154,0.08742680344215936,-0.0023616549308354408,0.0,0.0,0.0,0.0,0.0,0.0,-0.0006338882094728584,0.0,0.0,0.0,0.0,0.0,0.0,0.0,0.0,0.002535583264890612,0.02324642459863545
0.0,0.05200153999148626,0.0,0.0,0.0,0.0,0.0,0.0,0.0,0.0,0.0,0.0,0.0,0.0,0.15620267701784565,0.0,0.0,0.0,0.0,0.0,-0.002536226346198552,0.0,0.0,0.0,0.0,0.0,0.0,0.00012681131730992758,0.0,0.0,0.347375056142987,0.0,0.0,0.0,0.0,0.0,0.0,0.0,0.0,0.0,0.0,0.0,0.0,0.0,0.0,0.0,0.0,-0.2127172200513079,0.0,0.0,0.0,-0.11280664263234198,0.08744897685838475,-0.0023622538999810623,0.0,0.0,0.0,0.0,0.0,0.0,-0.0006340489778705994,0.0,0.0,0.0,0.0,0.0,0.0,0.0,0.0,0.002536226346198552,0.023252320418087644
0.0,0.0,0.0,0.0,0.0,0.0,0.0,0.0,0.0,0.0,0.0,0.0,0.0,0.0,0.3778113581807213,0.0,0.0,0.0,0.0,0.12589224697932305,-0.002535583264890612,0.0,0.0,0.0,0.0,0.0,0.0,0.0,0.0,0.0,0.0,-0.36254524820315054,0.0,0.0,0.0,0.0,0.0,0.0,0.0,0.0,0.0,0.0,0.0,0.0,0.0,0.0,0.0,-0.06498227816963702,0.0,0.0,0.0,-0.023869433585953295,0.01358630061248974,-0.0023616549308354408,0.0,0.0,0.0,0.0,0.0,0.0,-0.0006338882094728584,0.0,0.0,0.0,0.0,0.0,0.0,0.0,0.0,0.002535583264890612,0.02324642459863545
0.0,0.0,0.0,0.0,0.0,0.0,0.0,0.0,0.0,0.0,0.0,0.0,0.0,0.0,0.37773281413147125,0.0,0.0,0.0,0.0,0.12584491902936146,-0.002536226346198552,0.0,0.0,0.0,0.0,0.0,0.0,0.00012681131730992758,0.0,0.0,0.0,-0.3624549066155357,0.0,0.0,0.0,0.0,0.0,0.0,0.0,0.0,0.0,0.0,0.0,0.0,0.0,0.0,0.0,-0.06503046197555748,0.0,0.0,0.0,-0.023883413121918117,0.013605597820509558,-0.0023622538999810623,0.0,0.0,0.0,0.0,0.0,0.0,-0.0006340489778705994,0.0,0.0,0.0,0.0,0.0,0.0,0.0,0.0,0.002536226346198552,0.023252320418087644
0.0,0.0,0.0,0.0,0.0,0.0,0.0,0.0,0.0,0.0,0.0,0.0,0.0,0.0,0.34897167326367917,0.0,0.0,0.0,0.0,0.09659960210180482,-0.003134046602821197,0.0,0.0,0.0,0.0,0.0,0.0,0.0,0.0,0.0,0.0,-0.35960560412336484,0.0,0.0,0.0,0.0,0.0,0.0,0.0,0.0,0.0,0.0,0.0,0.0,0.0,0.0,0.0,-0.0803197792638527,0.0,0.0,0.0,0.0,0.016793019526936327,-0.0029190666761006773,0.0,0.0,0.0,0.0,0.0,0.0,-0.0007835022485654908,0.0,0.059006476558797136,0.0,0.0,0.0,0.0,0.0,0.0,0.003134046602821197,0.028733183031256358
0.0,0.0,0.0,0.0,0.0,0.0,0.0,0.0,0.0,0.0,0.0,0.0,0.0,0.0,0.34885369744537,0.0,0.0,0.0,0.0,0.09651988758242183,-0.003135274865013648,0.0,0.0,0.0,0.0,0.0,0.0,0.0001567637432506824,0.0,0.0,0.0,-0.3594917958420732,0.0,0.0,0.0,0.0,0.0,0.0,0.0,0.0,0.0,0.0,0.0,0.0,0.0,0.0,0.0,-0.08039044827280155,0.0,0.0,0.0,0.0,0.016819196336346473,-0.002920210685648037,0.0,0.0,0.0,0.0,0.0,0.0,-0.000783809310428817,0.0,0.059049197217056947,0.0,0.0,0.0,0.0,0.0,0.0,0.003135274865013648,0.028744443834575077
0.0,0.0,0.0,0.0,0.0,0.0,0.0,0.0,0.0,0.0,0.0,0.0,0.0,0.0,0.34661972397061064,0.0,0.0,0.0,0.0,0.1071374330803307,-0.0026626974235105607,0.0,0.0,0.0,0.0,0.0,0.0,0.0,0.0,0.0,0.0,-0.38072040924996875,0.0,0.025066058839411137,0.0,0.0,0.0,0.0,0.0,0.0,0.0,0.0,0.0,0.0,0.0,0.0,0.0,-0.09330603622528635,0.0,0.0,0.0,0.0,0.01426741063361493,-0.002480049693744854,0.0,0.0,0.0,0.0,0.0,0.0,-0.0006656663677853696,0.0,0.0,0.0,0.0,0.0,0.0,0.0,0.0,0.0026626974235105607,0.024411817092226108
0.0,0.0,0.0,0.0,0.0,0.0,0.0,0.0,0.0,0.0,0.0,0.0,0.0,0.0,0.3465180556418303,0.0,0.0,0.0,0.0,0.10707619595445055,-0.002663450944682166,0.0,0.0,0.0,0.0,0.0,0.0,0.00013317254723410832,0.0,0.0,0.0,-0.38063671441502284,0.0,0.025081475609285895,0.0,0.0,0.0,0.0,0.0,0.0,0.0,0.0,0.0,0.0,0.0,0.0,0.0,-0.09337405747664446,0.0,0.0,0.0,0.0,0.014288094760279285,-0.002480751527131693,0.0,0.0,0.0,0.0,0.0,0.0,-0.0006658547458177075,0.0,0.0,0.0,0.0,0.0,0.0,0.0,0.0,0.002663450944682166,0.024418725432938777
0.0,0.05296603496884351,0.0,0.0,0.0,0.0,0.0,0.0,0.0,0.0,0.0,0.0,0.0,0.0,0.3327005980438986,0.0,0.0,0.0,0.0,0.0,-0.004296032756534287,0.0,0.0,0.0,0.0,0.0,0.0,0.0,0.0,0.0,0.0,-0.29431115401113334,0.0,0.0,0.0,0.0,0.0,0.0,0.0,0.0,0.0,0.0,0.0,0.0,0.0,0.0,0.0,-0.08361630343968404,0.0,0.0,0.0,0.0,0.009777728401198721,-0.004001346389599817,0.0,0.0,0.0,0.0,0.0,0.0,-0.001073995301035302,0.0,0.17357441145988373,0.0,0.0,0.0,0.0,0.0,0.0,0.004296032756534287,0.03938636247165429
0.0,0.05290614020772258,0.0,0.0,0.0,0.0,0.0,0.0,0.0,0.0,0.0,0.0,0.0,0.0,0.33255733027732315,0.0,0.0,0.0,0.0,0.0,-0.004296401906200772,0.0,0.0,0.0,0.0,0.0,0.0,0.0002148200953100386,0.0,0.0,0.0,-0.2942290335435405,0.0,0.0,0.0,0.0,0.0,0.0,0.0,0.0,0.0,0.0,0.0,0.0,0.0,0.0,0.0,-0.08370941646271782,0.0,0.0,0.0,0.0,0.009821532601279553,-0.00400169021744493,0.0,0.0,0.0,0.0,0.0,0.0,-0.0010740875873444743,0.0,0.17350339833040498,0.0,0.0,0.0,0.0,0.0,0.0,0.004296401906200772,0.03938974686451033
